"Step","0_roll_1_ent__seed_1_time_2025-07-30_13-22-42 - actor_critic/eval/planned_entropy","0_roll_1_ent__seed_1_time_2025-07-30_13-22-42 - actor_critic/eval/planned_entropy__MIN","0_roll_1_ent__seed_1_time_2025-07-30_13-22-42 - actor_critic/eval/planned_entropy__MAX"
"0","0.306526312467967","0.306526312467967","0.306526312467967"
"1","0.37595076412007056","0.37595076412007056","0.37595076412007056"
"2","0.21625040475344892","0.21625040475344892","0.21625040475344892"
"3","0.035381383448269764","0.035381383448269764","0.035381383448269764"
"4","0.07299061403244284","0.07299061403244284","0.07299061403244284"
"5","0.006016740485254527","0.006016740485254527","0.006016740485254527"
"6","0.15079199126831422","0.15079199126831422","0.15079199126831422"
"7","0.06363880479225915","0.06363880479225915","0.06363880479225915"
"8","0.3724267966082289","0.3724267966082289","0.3724267966082289"
"9","1.5198437063436057","1.5198437063436057","1.5198437063436057"
"10","1.7162576966400322","1.7162576966400322","1.7162576966400322"
"11","0.005563766398785547","0.005563766398785547","0.005563766398785547"
"12","0.08466588201349386","0.08466588201349386","0.08466588201349386"
"13","0.007539787938162984","0.007539787938162984","0.007539787938162984"
"14","0.2864158221589635","0.2864158221589635","0.2864158221589635"
"15","0.9075104848362306","0.9075104848362306","0.9075104848362306"
"16","0.036995615296497","0.036995615296497","0.036995615296497"
"17","0.787181705272836","0.787181705272836","0.787181705272836"
"18","1.15936635030865","1.15936635030865","1.15936635030865"
"19","1.714312400876123","1.714312400876123","1.714312400876123"
"20","0.2785804645683048","0.2785804645683048","0.2785804645683048"
"21","0.466333623545594","0.466333623545594","0.466333623545594"
"22","0.5142356503207731","0.5142356503207731","0.5142356503207731"
"23","0.2627121198233147","0.2627121198233147","0.2627121198233147"
"24","1.6348579640213632","1.6348579640213632","1.6348579640213632"
"25","1.67880933432791","1.67880933432791","1.67880933432791"
"26","1.1045363034131017","1.1045363034131017","1.1045363034131017"
"27","0.0001021168823232899","0.0001021168823232899","0.0001021168823232899"
"28","0.9940785540873034","0.9940785540873034","0.9940785540873034"
"29","0.5158574897140721","0.5158574897140721","0.5158574897140721"
"30","1.5923785932235512","1.5923785932235512","1.5923785932235512"
"31","0.27070454056987386","0.27070454056987386","0.27070454056987386"
"32","0.5660672656898538","0.5660672656898538","0.5660672656898538"
"33","0.6154398301212353","0.6154398301212353","0.6154398301212353"
"34","0.975406139709152","0.975406139709152","0.975406139709152"
"35","0.00037730776635441435","0.00037730776635441435","0.00037730776635441435"
"36","0.015030654873842258","0.015030654873842258","0.015030654873842258"
"37","6.776108136612776e-8","6.776108136612776e-8","6.776108136612776e-8"
"38","0.00005135016820274931","0.00005135016820274931","0.00005135016820274931"
"39","0.00003964919670912925","0.00003964919670912925","0.00003964919670912925"
"40","0.0001692580946538641","0.0001692580946538641","0.0001692580946538641"
"41","0.0011144925886754054","0.0011144925886754054","0.0011144925886754054"
"42","0.037383277627686375","0.037383277627686375","0.037383277627686375"
"43","0.2415334237719709","0.2415334237719709","0.2415334237719709"
"44","0.05953918985014831","0.05953918985014831","0.05953918985014831"
"45","0.8826660430752402","0.8826660430752402","0.8826660430752402"
"46","0.3184488807520431","0.3184488807520431","0.3184488807520431"
"47","1.013428924075156","1.013428924075156","1.013428924075156"
"48","0.0029510832247092","0.0029510832247092","0.0029510832247092"
"49","0.000041075401470324815","0.000041075401470324815","0.000041075401470324815"
"50","0.0000085645318465519","0.0000085645318465519","0.0000085645318465519"
"51","0.0026110859523871812","0.0026110859523871812","0.0026110859523871812"
"52","0.4036557503171994","0.4036557503171994","0.4036557503171994"
"53","0.007201283085602261","0.007201283085602261","0.007201283085602261"
"54","1.5873438011195424","1.5873438011195424","1.5873438011195424"
"55","1.111816183831427e-8","1.111816183831427e-8","1.111816183831427e-8"
"56","0.035520243315467964","0.035520243315467964","0.035520243315467964"
"57","0.007125149859462891","0.007125149859462891","0.007125149859462891"
"58","0.3220373632557897","0.3220373632557897","0.3220373632557897"
"59","0.02716419481317751","0.02716419481317751","0.02716419481317751"
"60","0.04913970529657112","0.04913970529657112","0.04913970529657112"
"61","0.6237339084374078","0.6237339084374078","0.6237339084374078"
"62","1.5367788379740663","1.5367788379740663","1.5367788379740663"
"63","1.3729876347805279","1.3729876347805279","1.3729876347805279"
"64","0.27349089598999626","0.27349089598999626","0.27349089598999626"
"65","0.5680748191733753","0.5680748191733753","0.5680748191733753"
"66","0.5246908626276876","0.5246908626276876","0.5246908626276876"
"67","0.03859476104156887","0.03859476104156887","0.03859476104156887"
"68","0.23995458004138762","0.23995458004138762","0.23995458004138762"
"69","0.28786671079730486","0.28786671079730486","0.28786671079730486"
"70","0.06989204560751032","0.06989204560751032","0.06989204560751032"
"71","0.6269994720163281","0.6269994720163281","0.6269994720163281"
"72","0.24710114711534076","0.24710114711534076","0.24710114711534076"
"73","0.0919707967387711","0.0919707967387711","0.0919707967387711"
"74","0.0002659643255231786","0.0002659643255231786","0.0002659643255231786"
"75","0.3937958989519092","0.3937958989519092","0.3937958989519092"
"76","0.289119217447876","0.289119217447876","0.289119217447876"
"77","1.1383396654228377","1.1383396654228377","1.1383396654228377"
"78","0.22906036052031437","0.22906036052031437","0.22906036052031437"
"79","0.01982017553266034","0.01982017553266034","0.01982017553266034"
"80","7.322365034853738e-7","7.322365034853738e-7","7.322365034853738e-7"
"81","0.0005000253654558838","0.0005000253654558838","0.0005000253654558838"
"82","0.004057392529516794","0.004057392529516794","0.004057392529516794"
"83","0.002483305530025034","0.002483305530025034","0.002483305530025034"
"84","0.002949426212176571","0.002949426212176571","0.002949426212176571"
"85","0.00012511968784004618","0.00012511968784004618","0.00012511968784004618"
"86","0.001809886298643964","0.001809886298643964","0.001809886298643964"
"87","0.1050367594303615","0.1050367594303615","0.1050367594303615"
"88","0.06721390489598547","0.06721390489598547","0.06721390489598547"
"89","0.8947161794905938","0.8947161794905938","0.8947161794905938"
"90","0.8707548686417838","0.8707548686417838","0.8707548686417838"
"91","0.13516899052369558","0.13516899052369558","0.13516899052369558"
"92","0.05837722131634078","0.05837722131634078","0.05837722131634078"
"93","0.018743654160427968","0.018743654160427968","0.018743654160427968"
"94","0.004740755515611715","0.004740755515611715","0.004740755515611715"
"95","0.01239238189057054","0.01239238189057054","0.01239238189057054"
"96","0.012565154586735749","0.012565154586735749","0.012565154586735749"
"97","0.4105639494370567","0.4105639494370567","0.4105639494370567"
"98","0.00003269625167977649","0.00003269625167977649","0.00003269625167977649"
"99","0.017641737131289675","0.017641737131289675","0.017641737131289675"
"100","0.029742827437804712","0.029742827437804712","0.029742827437804712"
"101","0.2999794059019098","0.2999794059019098","0.2999794059019098"
"102","2.0432904464749515","2.0432904464749515","2.0432904464749515"
"103","1.7247154594441634","1.7247154594441634","1.7247154594441634"
"104","1.3795641653581963","1.3795641653581963","1.3795641653581963"
"105","1.3704185579419392","1.3704185579419392","1.3704185579419392"
"106","0.4241642944716249","0.4241642944716249","0.4241642944716249"
"107","0.009794819081818291","0.009794819081818291","0.009794819081818291"
"108","1.1989602821816112","1.1989602821816112","1.1989602821816112"
"109","8.29953887063533e-8","8.29953887063533e-8","8.29953887063533e-8"
"110","0.0013896208266823387","0.0013896208266823387","0.0013896208266823387"
"111","0.014529055380070738","0.014529055380070738","0.014529055380070738"
"112","0.0009675805239951345","0.0009675805239951345","0.0009675805239951345"
"113","0.023796911557958624","0.023796911557958624","0.023796911557958624"
"114","0.001043633553146431","0.001043633553146431","0.001043633553146431"
"115","1.0705333555370395","1.0705333555370395","1.0705333555370395"
"116","1.226636848245685","1.226636848245685","1.226636848245685"
"117","0.04093942739307074","0.04093942739307074","0.04093942739307074"
"118","0.054116791846757537","0.054116791846757537","0.054116791846757537"
"119","0.6211759674754626","0.6211759674754626","0.6211759674754626"
"120","0.0053676201854765135","0.0053676201854765135","0.0053676201854765135"
"121","0.00035161987330347214","0.00035161987330347214","0.00035161987330347214"
"122","0.004028841394051878","0.004028841394051878","0.004028841394051878"
"123","0.00884064119603622","0.00884064119603622","0.00884064119603622"
"124","0.07542636132095007","0.07542636132095007","0.07542636132095007"
"125","1.3330063979778235","1.3330063979778235","1.3330063979778235"
"126","0.6129640538707397","0.6129640538707397","0.6129640538707397"
"127","2.3240419770320857","2.3240419770320857","2.3240419770320857"
"128","2.499119455697171","2.499119455697171","2.499119455697171"
"129","0.24024600464327464","0.24024600464327464","0.24024600464327464"
"130","0.6732360188005517","0.6732360188005517","0.6732360188005517"
"131","0.21974666156067033","0.21974666156067033","0.21974666156067033"
"132","0.23703334722732602","0.23703334722732602","0.23703334722732602"
"133","1.4175585725868078","1.4175585725868078","1.4175585725868078"
"134","0.3165128505534491","0.3165128505534491","0.3165128505534491"
"135","0.7136956253466309","0.7136956253466309","0.7136956253466309"
"136","0.508564221438933","0.508564221438933","0.508564221438933"
"137","0.9458535008981412","0.9458535008981412","0.9458535008981412"
"138","0.007977745789428507","0.007977745789428507","0.007977745789428507"
"139","0.00047314266324650597","0.00047314266324650597","0.00047314266324650597"
"140","0.0005210545692829048","0.0005210545692829048","0.0005210545692829048"
"141","0.007835012281742514","0.007835012281742514","0.007835012281742514"
"142","0.001224101633178714","0.001224101633178714","0.001224101633178714"
"143","0.8344300689877483","0.8344300689877483","0.8344300689877483"
"144","1.0007688511885175","1.0007688511885175","1.0007688511885175"
"145","0.00037812233262070794","0.00037812233262070794","0.00037812233262070794"
"146","0.00034744200911039944","0.00034744200911039944","0.00034744200911039944"
"147","0.000024140563545587382","0.000024140563545587382","0.000024140563545587382"
"148","0.02156296172517861","0.02156296172517861","0.02156296172517861"
"149","0.0004548208005681624","0.0004548208005681624","0.0004548208005681624"
"150","0.00686315847593368","0.00686315847593368","0.00686315847593368"
"151","0.03757199096580343","0.03757199096580343","0.03757199096580343"
"152","0.3206158191572518","0.3206158191572518","0.3206158191572518"
"153","0.789027079116594","0.789027079116594","0.789027079116594"
"154","0.20354387505324611","0.20354387505324611","0.20354387505324611"
"155","0.38116884673423634","0.38116884673423634","0.38116884673423634"
"156","0.000930492650083558","0.000930492650083558","0.000930492650083558"
"157","0.03997992812222037","0.03997992812222037","0.03997992812222037"
"158","0.023850124065027144","0.023850124065027144","0.023850124065027144"
"159","0.0034910583628761744","0.0034910583628761744","0.0034910583628761744"
"160","0.8919950699886424","0.8919950699886424","0.8919950699886424"
"161","0.020794469342328287","0.020794469342328287","0.020794469342328287"
"162","0.03552759557379235","0.03552759557379235","0.03552759557379235"
"163","0.14961922007424935","0.14961922007424935","0.14961922007424935"
"164","0.006226332248463437","0.006226332248463437","0.006226332248463437"
"165","1.429852408418434","1.429852408418434","1.429852408418434"
"166","0.0003299760918249181","0.0003299760918249181","0.0003299760918249181"
"167","1.40087880953824e-7","1.40087880953824e-7","1.40087880953824e-7"
"168","0.025276118214656123","0.025276118214656123","0.025276118214656123"
"169","0.43703371324002616","0.43703371324002616","0.43703371324002616"
"170","0.03445568951722961","0.03445568951722961","0.03445568951722961"
"171","0.00022760694588678845","0.00022760694588678845","0.00022760694588678845"
"172","0.1535103382989361","0.1535103382989361","0.1535103382989361"
"173","0.13863041009520158","0.13863041009520158","0.13863041009520158"
"174","0.112845341472064","0.112845341472064","0.112845341472064"
"175","7.759123382182957e-7","7.759123382182957e-7","7.759123382182957e-7"
"176","0.02582397969789528","0.02582397969789528","0.02582397969789528"
"177","0.8813743673759351","0.8813743673759351","0.8813743673759351"
"178","0.07281935693338835","0.07281935693338835","0.07281935693338835"
"179","1.5123010632247154","1.5123010632247154","1.5123010632247154"
"180","0.000017304240052555778","0.000017304240052555778","0.000017304240052555778"
"181","0.9786536881053944","0.9786536881053944","0.9786536881053944"
"182","0.0002076618499830956","0.0002076618499830956","0.0002076618499830956"
"183","0.10528972441194934","0.10528972441194934","0.10528972441194934"
"184","0.13355792154390686","0.13355792154390686","0.13355792154390686"
"185","0.00202778982885341","0.00202778982885341","0.00202778982885341"
"186","0.0021020186494477276","0.0021020186494477276","0.0021020186494477276"
"187","0.00003065329376629168","0.00003065329376629168","0.00003065329376629168"
"188","0.0826166012393067","0.0826166012393067","0.0826166012393067"
"189","0.002713348784831174","0.002713348784831174","0.002713348784831174"
"190","0.018509763129712385","0.018509763129712385","0.018509763129712385"
"191","0.11443883597471767","0.11443883597471767","0.11443883597471767"
"192","1.550769282656454","1.550769282656454","1.550769282656454"
"193","1.0854998017630737","1.0854998017630737","1.0854998017630737"
"194","0.00025192687146577994","0.00025192687146577994","0.00025192687146577994"
"195","0.000007523422210186397","0.000007523422210186397","0.000007523422210186397"
"196","0.07356880895572791","0.07356880895572791","0.07356880895572791"
"197","0.031245915497911864","0.031245915497911864","0.031245915497911864"
"198","0.2604413468926476","0.2604413468926476","0.2604413468926476"
"199","1.094255782483801","1.094255782483801","1.094255782483801"
"200","0.2103502174481299","0.2103502174481299","0.2103502174481299"
"201","1.1216588101416776","1.1216588101416776","1.1216588101416776"
"202","2.083494314819198","2.083494314819198","2.083494314819198"
"203","1.5522603722394346","1.5522603722394346","1.5522603722394346"
"204","1.1181860504641303","1.1181860504641303","1.1181860504641303"
"205","0.8629250144959527","0.8629250144959527","0.8629250144959527"
"206","0.5674923569305657","0.5674923569305657","0.5674923569305657"
"207","0.1153699070508262","0.1153699070508262","0.1153699070508262"
"208","0.262189486045174","0.262189486045174","0.262189486045174"
"209","0.4027904196093832","0.4027904196093832","0.4027904196093832"
"210","1.0581130264657037","1.0581130264657037","1.0581130264657037"
"211","0.008789112237885912","0.008789112237885912","0.008789112237885912"
"212","1.5401608768032835","1.5401608768032835","1.5401608768032835"
"213","0.011148804901699687","0.011148804901699687","0.011148804901699687"
"214","0.01972811644432818","0.01972811644432818","0.01972811644432818"
"215","0.2761290453607377","0.2761290453607377","0.2761290453607377"
"216","0.1467454007272475","0.1467454007272475","0.1467454007272475"
"217","0.002616072105647743","0.002616072105647743","0.002616072105647743"
"218","0.8012604630464418","0.8012604630464418","0.8012604630464418"
"219","0.0000018080372909529115","0.0000018080372909529115","0.0000018080372909529115"
"220","0.013829987556361676","0.013829987556361676","0.013829987556361676"
"221","0.06167306996518645","0.06167306996518645","0.06167306996518645"
"222","1.2504321958364124","1.2504321958364124","1.2504321958364124"
"223","0.012278790036904574","0.012278790036904574","0.012278790036904574"
"224","0.003367070964134228","0.003367070964134228","0.003367070964134228"
"225","0.00003511219906671761","0.00003511219906671761","0.00003511219906671761"
"226","0.0008971863790692736","0.0008971863790692736","0.0008971863790692736"
"227","0.0019575028371807235","0.0019575028371807235","0.0019575028371807235"
"228","1.0110423208291328","1.0110423208291328","1.0110423208291328"
"229","0.002113043174042733","0.002113043174042733","0.002113043174042733"
"230","0.05661603835463803","0.05661603835463803","0.05661603835463803"
"231","0.22098940819580498","0.22098940819580498","0.22098940819580498"
"232","0.5364001724246938","0.5364001724246938","0.5364001724246938"
"233","1.0328686390501318","1.0328686390501318","1.0328686390501318"
"234","0.3314643987823523","0.3314643987823523","0.3314643987823523"
"235","1.4507501923074249","1.4507501923074249","1.4507501923074249"
"236","0.01152103985166088","0.01152103985166088","0.01152103985166088"
"237","0.4696104949838085","0.4696104949838085","0.4696104949838085"
"238","0.9208092152968482","0.9208092152968482","0.9208092152968482"
"239","0.06931403879024962","0.06931403879024962","0.06931403879024962"
"240","0.14359600068006936","0.14359600068006936","0.14359600068006936"
"241","0.012330288091922307","0.012330288091922307","0.012330288091922307"
"242","0.006231181353049092","0.006231181353049092","0.006231181353049092"
"243","0.4216324088812854","0.4216324088812854","0.4216324088812854"
"244","2.411406619567904e-7","2.411406619567904e-7","2.411406619567904e-7"
"245","0.00001265833091148526","0.00001265833091148526","0.00001265833091148526"
"246","0.0000034326361088306387","0.0000034326361088306387","0.0000034326361088306387"
"247","0.0005471317746235932","0.0005471317746235932","0.0005471317746235932"
"248","0.5304447571906165","0.5304447571906165","0.5304447571906165"
"249","0.028657168143630795","0.028657168143630795","0.028657168143630795"
"250","0.19637355287564254","0.19637355287564254","0.19637355287564254"
"251","1.1966355066985732","1.1966355066985732","1.1966355066985732"
"252","0.06484493524613355","0.06484493524613355","0.06484493524613355"
"253","0.04142257502946493","0.04142257502946493","0.04142257502946493"
"254","0.0000031332242884413054","0.0000031332242884413054","0.0000031332242884413054"
"255","0.00004652051978429216","0.00004652051978429216","0.00004652051978429216"
"256","0.0021182023176650024","0.0021182023176650024","0.0021182023176650024"
"257","0.47616462482120203","0.47616462482120203","0.47616462482120203"
"258","0.97145105468726","0.97145105468726","0.97145105468726"
"259","1.0130306122557577","1.0130306122557577","1.0130306122557577"
"260","0.5111678237946823","0.5111678237946823","0.5111678237946823"
"261","0.18955252746194132","0.18955252746194132","0.18955252746194132"
"262","0.0005365181021376434","0.0005365181021376434","0.0005365181021376434"
"263","0.0020594388354073538","0.0020594388354073538","0.0020594388354073538"
"264","0.3914645881281384","0.3914645881281384","0.3914645881281384"
"265","0.036657561898394794","0.036657561898394794","0.036657561898394794"
"266","0.00868970492207275","0.00868970492207275","0.00868970492207275"
"267","0.000013049077352212433","0.000013049077352212433","0.000013049077352212433"
"268","0.00008708717423577438","0.00008708717423577438","0.00008708717423577438"
"269","0.0032343967620056353","0.0032343967620056353","0.0032343967620056353"
"270","0.0001264495827366381","0.0001264495827366381","0.0001264495827366381"
"271","0.07504225419362151","0.07504225419362151","0.07504225419362151"
"272","0.0023568421857371705","0.0023568421857371705","0.0023568421857371705"
"273","0.0007792837903365404","0.0007792837903365404","0.0007792837903365404"
"274","0.00004701860186335956","0.00004701860186335956","0.00004701860186335956"
"275","0.000002806896878779291","0.000002806896878779291","0.000002806896878779291"
"276","0.00014472848124322984","0.00014472848124322984","0.00014472848124322984"
"277","0.462772206811527","0.462772206811527","0.462772206811527"
"278","0.020922721373365847","0.020922721373365847","0.020922721373365847"
"279","0.7546120608090644","0.7546120608090644","0.7546120608090644"
"280","0.006331465377297318","0.006331465377297318","0.006331465377297318"
"281","0.04214892763201048","0.04214892763201048","0.04214892763201048"
"282","1.0255146608992383","1.0255146608992383","1.0255146608992383"
"283","0.004240794559674001","0.004240794559674001","0.004240794559674001"
"284","1.3533237404201524","1.3533237404201524","1.3533237404201524"
"285","0.2362870070160755","0.2362870070160755","0.2362870070160755"
"286","1.5600714802763218","1.5600714802763218","1.5600714802763218"
"287","0.15457527637090995","0.15457527637090995","0.15457527637090995"
"288","0.24874895588892004","0.24874895588892004","0.24874895588892004"
"289","0.00004084244968909861","0.00004084244968909861","0.00004084244968909861"
"290","0.13165449280656705","0.13165449280656705","0.13165449280656705"
"291","0.09446172896037394","0.09446172896037394","0.09446172896037394"
"292","4.255631046423686e-7","4.255631046423686e-7","4.255631046423686e-7"
"293","0.005841008478241464","0.005841008478241464","0.005841008478241464"
"294","0.0013728328678617393","0.0013728328678617393","0.0013728328678617393"
"295","0.8856943135916325","0.8856943135916325","0.8856943135916325"
"296","0.2645966627158066","0.2645966627158066","0.2645966627158066"
"297","0.8089577185684577","0.8089577185684577","0.8089577185684577"
"298","0.07559424863493922","0.07559424863493922","0.07559424863493922"
"299","0.7657857736356212","0.7657857736356212","0.7657857736356212"
"300","0.6192765050880082","0.6192765050880082","0.6192765050880082"
"301","0.12144449551303578","0.12144449551303578","0.12144449551303578"
"302","0.0037096147217613074","0.0037096147217613074","0.0037096147217613074"
"303","0.056407702870949095","0.056407702870949095","0.056407702870949095"
"304","0.35205644051377166","0.35205644051377166","0.35205644051377166"
"305","1.4511920157374913","1.4511920157374913","1.4511920157374913"
"306","1.2086536543408664","1.2086536543408664","1.2086536543408664"
"307","0.03452388332552564","0.03452388332552564","0.03452388332552564"
"308","0.6769683862895765","0.6769683862895765","0.6769683862895765"
"309","0.3090057003541307","0.3090057003541307","0.3090057003541307"
"310","1.659446323615219","1.659446323615219","1.659446323615219"
"311","0.2890155119094057","0.2890155119094057","0.2890155119094057"
"312","0.9807986557269553","0.9807986557269553","0.9807986557269553"
"313","0.0000013929950795281857","0.0000013929950795281857","0.0000013929950795281857"
"314","0.0004022260202475648","0.0004022260202475648","0.0004022260202475648"
"315","0.41548011650763284","0.41548011650763284","0.41548011650763284"
"316","0.15491260959166167","0.15491260959166167","0.15491260959166167"
"317","1.1330964303459832","1.1330964303459832","1.1330964303459832"
"318","2.297403384679083e-7","2.297403384679083e-7","2.297403384679083e-7"
"319","0.0505420840784535","0.0505420840784535","0.0505420840784535"
"320","0.00462815928026051","0.00462815928026051","0.00462815928026051"
"321","0.0004426546655497417","0.0004426546655497417","0.0004426546655497417"
"322","0.031477654058262736","0.031477654058262736","0.031477654058262736"
"323","0.9316699196988346","0.9316699196988346","0.9316699196988346"
"324","0.026731983600956834","0.026731983600956834","0.026731983600956834"
"325","1.0581155202141412","1.0581155202141412","1.0581155202141412"
"326","0.3758455107377425","0.3758455107377425","0.3758455107377425"
"327","1.2790550104455334","1.2790550104455334","1.2790550104455334"
"328","0.043728400174161","0.043728400174161","0.043728400174161"
"329","0.0000011641316290922432","0.0000011641316290922432","0.0000011641316290922432"
"330","0.0026275647119302042","0.0026275647119302042","0.0026275647119302042"
"331","0.039078220396517746","0.039078220396517746","0.039078220396517746"
"332","0.2539249242514558","0.2539249242514558","0.2539249242514558"
"333","0.00010935441906617598","0.00010935441906617598","0.00010935441906617598"
"334","0.00010856572787522278","0.00010856572787522278","0.00010856572787522278"
"335","0.0005363464973783475","0.0005363464973783475","0.0005363464973783475"
"336","0.00040779693971383104","0.00040779693971383104","0.00040779693971383104"
"337","0.03366812721435042","0.03366812721435042","0.03366812721435042"
"338","0.715896530325385","0.715896530325385","0.715896530325385"
"339","0.33942126211584556","0.33942126211584556","0.33942126211584556"
"340","0.002880069169661919","0.002880069169661919","0.002880069169661919"
"341","0.4154571138280799","0.4154571138280799","0.4154571138280799"
"342","0.000020470248402605457","0.000020470248402605457","0.000020470248402605457"
"343","0.01304293313974831","0.01304293313974831","0.01304293313974831"
"344","0.0443659774821143","0.0443659774821143","0.0443659774821143"
"345","0.7734806214005249","0.7734806214005249","0.7734806214005249"
"346","0.893775004433747","0.893775004433747","0.893775004433747"
"347","1.285755368531823","1.285755368531823","1.285755368531823"
"348","0.4234789006122739","0.4234789006122739","0.4234789006122739"
"349","0.6403930509088965","0.6403930509088965","0.6403930509088965"
"350","0.000011292545500908289","0.000011292545500908289","0.000011292545500908289"
"351","0.0002716984101704148","0.0002716984101704148","0.0002716984101704148"
"352","0.001781886381011208","0.001781886381011208","0.001781886381011208"
"353","0.00028441866018967456","0.00028441866018967456","0.00028441866018967456"
"354","0.26967563286325574","0.26967563286325574","0.26967563286325574"
"355","0.001185723049626629","0.001185723049626629","0.001185723049626629"
"356","0.4830300432566572","0.4830300432566572","0.4830300432566572"
"357","1.382222587183908","1.382222587183908","1.382222587183908"
"358","0.002770977584677466","0.002770977584677466","0.002770977584677466"
"359","0.44715214052088864","0.44715214052088864","0.44715214052088864"
"360","0.12686660329570323","0.12686660329570323","0.12686660329570323"
"361","0.012013168207104805","0.012013168207104805","0.012013168207104805"
"362","0.00007377692526230808","0.00007377692526230808","0.00007377692526230808"
"363","1.0388632194346243e-7","1.0388632194346243e-7","1.0388632194346243e-7"
"364","0.0003237681731408199","0.0003237681731408199","0.0003237681731408199"
"365","0.00006755920763994203","0.00006755920763994203","0.00006755920763994203"
"366","0.0014177082472067936","0.0014177082472067936","0.0014177082472067936"
"367","1.44641777734954","1.44641777734954","1.44641777734954"
"368","0.000029669237883777628","0.000029669237883777628","0.000029669237883777628"
"369","0.00018500827925602473","0.00018500827925602473","0.00018500827925602473"
"370","5.359641607471445e-8","5.359641607471445e-8","5.359641607471445e-8"
"371","0.0000022275620442707194","0.0000022275620442707194","0.0000022275620442707194"
"372","0.0003096649239628397","0.0003096649239628397","0.0003096649239628397"
"373","0.00023911261042228147","0.00023911261042228147","0.00023911261042228147"
"374","0.9138814101547925","0.9138814101547925","0.9138814101547925"
"375","0.09576052044185851","0.09576052044185851","0.09576052044185851"
"376","0.021078305209745997","0.021078305209745997","0.021078305209745997"
"377","1.813905490198965","1.813905490198965","1.813905490198965"
"378","0.9168993617121332","0.9168993617121332","0.9168993617121332"
"379","0.16023599933273389","0.16023599933273389","0.16023599933273389"
"380","0.00038179653033711445","0.00038179653033711445","0.00038179653033711445"
"381","0.0016316061268077649","0.0016316061268077649","0.0016316061268077649"
"382","0.0003061364244394249","0.0003061364244394249","0.0003061364244394249"
"383","0.0004852891479034512","0.0004852891479034512","0.0004852891479034512"
"384","0.6325484492507539","0.6325484492507539","0.6325484492507539"
"385","0.0000803666718837314","0.0000803666718837314","0.0000803666718837314"
"386","0.126252625232123","0.126252625232123","0.126252625232123"
"387","0.04943606365075478","0.04943606365075478","0.04943606365075478"
"388","1.3059231720592266","1.3059231720592266","1.3059231720592266"
"389","0.02392979771526826","0.02392979771526826","0.02392979771526826"
"390","1.0508943126697137","1.0508943126697137","1.0508943126697137"
"391","0.0005488063801080563","0.0005488063801080563","0.0005488063801080563"
"392","0.00239983667279022","0.00239983667279022","0.00239983667279022"
"393","0.25582735333963746","0.25582735333963746","0.25582735333963746"
"394","0.5196945086461467","0.5196945086461467","0.5196945086461467"
"395","0.048413406438603965","0.048413406438603965","0.048413406438603965"
"396","1.030563039632665","1.030563039632665","1.030563039632665"
"397","0.16954299096899428","0.16954299096899428","0.16954299096899428"
"398","0.00001643176452789139","0.00001643176452789139","0.00001643176452789139"
"399","8.106038839824773e-9","8.106038839824773e-9","8.106038839824773e-9"
"400","0.000012035863461371096","0.000012035863461371096","0.000012035863461371096"
"401","0.058249819793256316","0.058249819793256316","0.058249819793256316"
"402","0.004154360177374456","0.004154360177374456","0.004154360177374456"
"403","0.008043824748564701","0.008043824748564701","0.008043824748564701"
"404","0.025906042294646037","0.025906042294646037","0.025906042294646037"
"405","9.028339414731089e-8","9.028339414731089e-8","9.028339414731089e-8"
"406","0.000024049906309004336","0.000024049906309004336","0.000024049906309004336"
"407","0.3003388066465503","0.3003388066465503","0.3003388066465503"
"408","0.31377652058689637","0.31377652058689637","0.31377652058689637"
"409","2.258878610533422","2.258878610533422","2.258878610533422"
"410","0.6633029028259939","0.6633029028259939","0.6633029028259939"
"411","0.8050558621770076","0.8050558621770076","0.8050558621770076"
"412","0.1370113546710634","0.1370113546710634","0.1370113546710634"
"413","0.08363767298639486","0.08363767298639486","0.08363767298639486"
"414","1.0036929862098125","1.0036929862098125","1.0036929862098125"
"415","0.173798583426522","0.173798583426522","0.173798583426522"
"416","0.21890315115168232","0.21890315115168232","0.21890315115168232"
"417","0.9991635651253641","0.9991635651253641","0.9991635651253641"
"418","0.03410697588200283","0.03410697588200283","0.03410697588200283"
"419","0.7478772202012769","0.7478772202012769","0.7478772202012769"
"420","0.0009418597123899256","0.0009418597123899256","0.0009418597123899256"
"421","0.00028453167076213483","0.00028453167076213483","0.00028453167076213483"
"422","0.00008139304112474326","0.00008139304112474326","0.00008139304112474326"
"423","0.00010422163338069359","0.00010422163338069359","0.00010422163338069359"
"424","0.058591844915701886","0.058591844915701886","0.058591844915701886"
"425","0.0227739533761688","0.0227739533761688","0.0227739533761688"
"426","0.0002567647022863579","0.0002567647022863579","0.0002567647022863579"
"427","0.9409789966247367","0.9409789966247367","0.9409789966247367"
"428","0.00001551708323885587","0.00001551708323885587","0.00001551708323885587"
"429","0.0034420100529223923","0.0034420100529223923","0.0034420100529223923"
"430","0.5789880642752003","0.5789880642752003","0.5789880642752003"
"431","0.0032980185861983505","0.0032980185861983505","0.0032980185861983505"
"432","0.006887015022475825","0.006887015022475825","0.006887015022475825"
"433","6.415331580626013e-8","6.415331580626013e-8","6.415331580626013e-8"
"434","0.12823381162548417","0.12823381162548417","0.12823381162548417"
"435","0.0007342777444852642","0.0007342777444852642","0.0007342777444852642"
"436","1.1018802033531765","1.1018802033531765","1.1018802033531765"
"437","1.1431111520883754","1.1431111520883754","1.1431111520883754"
"438","0.00044128296115007444","0.00044128296115007444","0.00044128296115007444"
"439","1.0702330738286332","1.0702330738286332","1.0702330738286332"
"440","3.8789135738412265e-8","3.8789135738412265e-8","3.8789135738412265e-8"
"441","0.00007622562062746143","0.00007622562062746143","0.00007622562062746143"
"442","0.0012314391957199443","0.0012314391957199443","0.0012314391957199443"
"443","0.73897780594973","0.73897780594973","0.73897780594973"
"444","0.9205978486189378","0.9205978486189378","0.9205978486189378"
"445","0.0016227599371558166","0.0016227599371558166","0.0016227599371558166"
"446","0.3980796858152627","0.3980796858152627","0.3980796858152627"
"447","1.6840668439647861","1.6840668439647861","1.6840668439647861"
"448","1.5212871567322972","1.5212871567322972","1.5212871567322972"
"449","1.525430562756884","1.525430562756884","1.525430562756884"
"450","1.077180656975538","1.077180656975538","1.077180656975538"
"451","0.0009112372272833191","0.0009112372272833191","0.0009112372272833191"
"452","0.2644852394558789","0.2644852394558789","0.2644852394558789"
"453","0.07627200001524251","0.07627200001524251","0.07627200001524251"
"454","0.9999272540865204","0.9999272540865204","0.9999272540865204"
"455","0.02661039992848359","0.02661039992848359","0.02661039992848359"
"456","0.2327656622396595","0.2327656622396595","0.2327656622396595"
"457","0.22682125389523738","0.22682125389523738","0.22682125389523738"
"458","0.014989544302213748","0.014989544302213748","0.014989544302213748"
"459","0.023448308099117552","0.023448308099117552","0.023448308099117552"
"460","0.5040208697597647","0.5040208697597647","0.5040208697597647"
"461","0.04073504482312273","0.04073504482312273","0.04073504482312273"
"462","1.2678161161942998","1.2678161161942998","1.2678161161942998"
"463","0.0034711863050147606","0.0034711863050147606","0.0034711863050147606"
"464","0.005445214592340987","0.005445214592340987","0.005445214592340987"
"465","0.0007917197819216348","0.0007917197819216348","0.0007917197819216348"
"466","0.37792099736835494","0.37792099736835494","0.37792099736835494"
"467","0.9347742925382337","0.9347742925382337","0.9347742925382337"
"468","0.474533412373431","0.474533412373431","0.474533412373431"
"469","0.011115698241408596","0.011115698241408596","0.011115698241408596"
"470","0.02886567023551275","0.02886567023551275","0.02886567023551275"
"471","0.0013666985960452225","0.0013666985960452225","0.0013666985960452225"
"472","0.0002087992826052997","0.0002087992826052997","0.0002087992826052997"
"473","0.19613647479142815","0.19613647479142815","0.19613647479142815"
"474","0.17617772692506403","0.17617772692506403","0.17617772692506403"
"475","0.2698436599131487","0.2698436599131487","0.2698436599131487"
"476","0.17242864487215862","0.17242864487215862","0.17242864487215862"
"477","0.10877373820421243","0.10877373820421243","0.10877373820421243"
"478","1.740082453264057","1.740082453264057","1.740082453264057"
"479","0.35517037988812505","0.35517037988812505","0.35517037988812505"
"480","1.0493403634278429","1.0493403634278429","1.0493403634278429"
"481","0.5601652510688693","0.5601652510688693","0.5601652510688693"
"482","0.0013025602360685925","0.0013025602360685925","0.0013025602360685925"
"483","0.000014880992010483124","0.000014880992010483124","0.000014880992010483124"
"484","0.00018677599302376147","0.00018677599302376147","0.00018677599302376147"
"485","0.004072256936286288","0.004072256936286288","0.004072256936286288"
"486","0.14074146488779551","0.14074146488779551","0.14074146488779551"
"487","0.6082815682270235","0.6082815682270235","0.6082815682270235"
"488","0.01813998833782721","0.01813998833782721","0.01813998833782721"
"489","1.1620384447551055","1.1620384447551055","1.1620384447551055"
"490","0.011416850611985054","0.011416850611985054","0.011416850611985054"
"491","0.12740493049073517","0.12740493049073517","0.12740493049073517"
"492","0.8726120232971258","0.8726120232971258","0.8726120232971258"
"493","0.7606856281242845","0.7606856281242845","0.7606856281242845"
"494","0.41759795386602017","0.41759795386602017","0.41759795386602017"
"495","1.0999030048075322","1.0999030048075322","1.0999030048075322"
"496","0.377723475293839","0.377723475293839","0.377723475293839"
"497","0.18276067460539272","0.18276067460539272","0.18276067460539272"
"498","0.0026085265347929446","0.0026085265347929446","0.0026085265347929446"
"499","0.23096528335693353","0.23096528335693353","0.23096528335693353"
"500","0.000017559285369207003","0.000017559285369207003","0.000017559285369207003"
"501","0.575898825909077","0.575898825909077","0.575898825909077"
"502","0.0026524712931727343","0.0026524712931727343","0.0026524712931727343"
"503","0.007196524674992646","0.007196524674992646","0.007196524674992646"
"504","0.04456978498507349","0.04456978498507349","0.04456978498507349"
"505","1.3790822699704786","1.3790822699704786","1.3790822699704786"
"506","0.022218113510266962","0.022218113510266962","0.022218113510266962"
"507","0.047470011730669545","0.047470011730669545","0.047470011730669545"
"508","0.18224085704315987","0.18224085704315987","0.18224085704315987"
"509","0.0003302683699578908","0.0003302683699578908","0.0003302683699578908"
"510","1.626305094811305","1.626305094811305","1.626305094811305"
"511","0.01335155735033608","0.01335155735033608","0.01335155735033608"
"512","1.2089909123192084","1.2089909123192084","1.2089909123192084"
"513","3.6064103823194656e-7","3.6064103823194656e-7","3.6064103823194656e-7"
"514","0.0005311582980933836","0.0005311582980933836","0.0005311582980933836"
"515","0.0012369432283788804","0.0012369432283788804","0.0012369432283788804"
"516","0.07143281130430103","0.07143281130430103","0.07143281130430103"
"517","1.3443785787834759","1.3443785787834759","1.3443785787834759"
"518","0.00039152131788195923","0.00039152131788195923","0.00039152131788195923"
"519","0.0025279452729841893","0.0025279452729841893","0.0025279452729841893"
"520","0.017228668394278706","0.017228668394278706","0.017228668394278706"
"521","0.00019418111417955188","0.00019418111417955188","0.00019418111417955188"
"522","0.026804307680102484","0.026804307680102484","0.026804307680102484"
"523","0.02809687016495112","0.02809687016495112","0.02809687016495112"
"524","0.0001843025037730284","0.0001843025037730284","0.0001843025037730284"
"525","0.06985314528166829","0.06985314528166829","0.06985314528166829"
"526","0.0002856722944686811","0.0002856722944686811","0.0002856722944686811"
"527","0.0000020587847470931104","0.0000020587847470931104","0.0000020587847470931104"
"528","0.0018652981346314777","0.0018652981346314777","0.0018652981346314777"
"529","0.0002723950322799033","0.0002723950322799033","0.0002723950322799033"
"530","0.0002306968812529127","0.0002306968812529127","0.0002306968812529127"
"531","0.0017507272898796926","0.0017507272898796926","0.0017507272898796926"
"532","0.9453891477408117","0.9453891477408117","0.9453891477408117"
"533","1.0161471098720427","1.0161471098720427","1.0161471098720427"
"534","1.4041815900200478","1.4041815900200478","1.4041815900200478"
"535","0.6491215144054857","0.6491215144054857","0.6491215144054857"
"536","1.2686848005638078","1.2686848005638078","1.2686848005638078"
"537","1.6706317312620342","1.6706317312620342","1.6706317312620342"
"538","0.4588676416933259","0.4588676416933259","0.4588676416933259"
"539","0.0032157255595677264","0.0032157255595677264","0.0032157255595677264"
"540","0.0000018385792615375586","0.0000018385792615375586","0.0000018385792615375586"
"541","1.0274376849098608","1.0274376849098608","1.0274376849098608"
"542","0.17318123020341858","0.17318123020341858","0.17318123020341858"
"543","0.186526901178806","0.186526901178806","0.186526901178806"
"544","0.012533468126928736","0.012533468126928736","0.012533468126928736"
"545","0.8203464097085928","0.8203464097085928","0.8203464097085928"
"546","0.9109831585224525","0.9109831585224525","0.9109831585224525"
"547","1.2929924844714553","1.2929924844714553","1.2929924844714553"
"548","0.9565779950406443","0.9565779950406443","0.9565779950406443"
"549","0.31420348901549466","0.31420348901549466","0.31420348901549466"
"550","0.0000058996129626223655","0.0000058996129626223655","0.0000058996129626223655"
"551","2.1538048455550574e-8","2.1538048455550574e-8","2.1538048455550574e-8"
"552","0.005424996553756158","0.005424996553756158","0.005424996553756158"
"553","0.000296640786141915","0.000296640786141915","0.000296640786141915"
"554","0.000610315706466248","0.000610315706466248","0.000610315706466248"
"555","0.4297465503489927","0.4297465503489927","0.4297465503489927"
"556","0.06904131192718609","0.06904131192718609","0.06904131192718609"
"557","0.000004401694419785842","0.000004401694419785842","0.000004401694419785842"
"558","0.00000215441033929362","0.00000215441033929362","0.00000215441033929362"
"559","0.000009999025291871455","0.000009999025291871455","0.000009999025291871455"
"560","0.01608565826049988","0.01608565826049988","0.01608565826049988"
"561","0.00016779771169984572","0.00016779771169984572","0.00016779771169984572"
"562","0.0003007098385577145","0.0003007098385577145","0.0003007098385577145"
"563","0.41415791388779954","0.41415791388779954","0.41415791388779954"
"564","0.6787024443625634","0.6787024443625634","0.6787024443625634"
"565","0.824976268661145","0.824976268661145","0.824976268661145"
"566","0.0012958767618416057","0.0012958767618416057","0.0012958767618416057"
"567","2.515162169953257e-7","2.515162169953257e-7","2.515162169953257e-7"
"568","0.000006931439981315679","0.000006931439981315679","0.000006931439981315679"
"569","0.08781169729729307","0.08781169729729307","0.08781169729729307"
"570","0.2659892707333369","0.2659892707333369","0.2659892707333369"
"571","0.2883611609185355","0.2883611609185355","0.2883611609185355"
"572","0.1189387405367117","0.1189387405367117","0.1189387405367117"
"573","0.5894733305503531","0.5894733305503531","0.5894733305503531"
"574","0.5063815036255076","0.5063815036255076","0.5063815036255076"
"575","0.05165633280110444","0.05165633280110444","0.05165633280110444"
"576","0.00003704348214946105","0.00003704348214946105","0.00003704348214946105"
"577","0.00037541381580937807","0.00037541381580937807","0.00037541381580937807"
"578","0.0008602743507001321","0.0008602743507001321","0.0008602743507001321"
"579","0.03265855411980977","0.03265855411980977","0.03265855411980977"
"580","0.08475977379194927","0.08475977379194927","0.08475977379194927"
"581","0.020392643971117473","0.020392643971117473","0.020392643971117473"
"582","0.2939201131467113","0.2939201131467113","0.2939201131467113"
"583","0.8937316648057296","0.8937316648057296","0.8937316648057296"
"584","0.22297481891302795","0.22297481891302795","0.22297481891302795"
"585","0.19740250357792336","0.19740250357792336","0.19740250357792336"
"586","0.019090313409145614","0.019090313409145614","0.019090313409145614"
"587","0.15234741311163313","0.15234741311163313","0.15234741311163313"
"588","1.223436423095779","1.223436423095779","1.223436423095779"
"589","1.2957296743512625","1.2957296743512625","1.2957296743512625"
"590","0.16797799184180542","0.16797799184180542","0.16797799184180542"
"591","0.0073876303186554935","0.0073876303186554935","0.0073876303186554935"
"592","0.022271488594685127","0.022271488594685127","0.022271488594685127"
"593","0.2539610621059683","0.2539610621059683","0.2539610621059683"
"594","1.1956433204461956e-7","1.1956433204461956e-7","1.1956433204461956e-7"
"595","0.04278175123200478","0.04278175123200478","0.04278175123200478"
"596","0.007450504757304909","0.007450504757304909","0.007450504757304909"
"597","0.7364876691478873","0.7364876691478873","0.7364876691478873"
"598","1.3854936972033187","1.3854936972033187","1.3854936972033187"
"599","0.003711990568029965","0.003711990568029965","0.003711990568029965"
"600","0.0162093084120124","0.0162093084120124","0.0162093084120124"
"601","0.045205591409168695","0.045205591409168695","0.045205591409168695"
"602","0.019839901136545626","0.019839901136545626","0.019839901136545626"
"603","0.004750654259241161","0.004750654259241161","0.004750654259241161"
"604","0.5254134477352878","0.5254134477352878","0.5254134477352878"
"605","0.9653136818085698","0.9653136818085698","0.9653136818085698"
"606","0.5519690738767005","0.5519690738767005","0.5519690738767005"
"607","0.029985304164918833","0.029985304164918833","0.029985304164918833"
"608","0.010056246147274359","0.010056246147274359","0.010056246147274359"
"609","1.2943600905111163","1.2943600905111163","1.2943600905111163"
"610","1.1005580007333433","1.1005580007333433","1.1005580007333433"
"611","1.086723544315288","1.086723544315288","1.086723544315288"
"612","1.228708637249304","1.228708637249304","1.228708637249304"
"613","0.06592405651234576","0.06592405651234576","0.06592405651234576"
"614","1.3642593432665895","1.3642593432665895","1.3642593432665895"
"615","0.019600751198834133","0.019600751198834133","0.019600751198834133"
"616","4.908382142809231e-7","4.908382142809231e-7","4.908382142809231e-7"
"617","0.548569836782397","0.548569836782397","0.548569836782397"
"618","0.1954783401822389","0.1954783401822389","0.1954783401822389"
"619","0.78969007223567","0.78969007223567","0.78969007223567"
"620","0.006468761277264233","0.006468761277264233","0.006468761277264233"
"621","0.00019036002161352538","0.00019036002161352538","0.00019036002161352538"
"622","0.0023560768293504693","0.0023560768293504693","0.0023560768293504693"
"623","0.17776949085229338","0.17776949085229338","0.17776949085229338"
"624","0.6930810968836112","0.6930810968836112","0.6930810968836112"
"625","1.4427648658452137","1.4427648658452137","1.4427648658452137"
"626","1.1564213864106707e-7","1.1564213864106707e-7","1.1564213864106707e-7"
"627","4.3499005589911186e-7","4.3499005589911186e-7","4.3499005589911186e-7"
"628","0.000004352812243036378","0.000004352812243036378","0.000004352812243036378"
"629","0.8688325325617647","0.8688325325617647","0.8688325325617647"
"630","0.039018289817149894","0.039018289817149894","0.039018289817149894"
"631","0.9514112922434238","0.9514112922434238","0.9514112922434238"
"632","0.02338556399107074","0.02338556399107074","0.02338556399107074"
"633","4.02558217441686e-7","4.02558217441686e-7","4.02558217441686e-7"
"634","0.00003270607948476125","0.00003270607948476125","0.00003270607948476125"
"635","9.053744790863776e-7","9.053744790863776e-7","9.053744790863776e-7"
"636","0.00387430524104681","0.00387430524104681","0.00387430524104681"
"637","0.15446470227532086","0.15446470227532086","0.15446470227532086"
"638","1.0778675556830841","1.0778675556830841","1.0778675556830841"
"639","1.0139942310485421","1.0139942310485421","1.0139942310485421"
"640","1.8860408613809565","1.8860408613809565","1.8860408613809565"
"641","0.2520536240230803","0.2520536240230803","0.2520536240230803"
"642","0.000005366941996077896","0.000005366941996077896","0.000005366941996077896"
"643","0.0046144997597579","0.0046144997597579","0.0046144997597579"
"644","0.0012524790224987886","0.0012524790224987886","0.0012524790224987886"
"645","0.0003562504305996399","0.0003562504305996399","0.0003562504305996399"
"646","0.06813656494557524","0.06813656494557524","0.06813656494557524"
"647","1.332981374502123","1.332981374502123","1.332981374502123"
"648","0.0010873625774295086","0.0010873625774295086","0.0010873625774295086"
"649","0.09625845321176905","0.09625845321176905","0.09625845321176905"
"650","1.1447247793100956","1.1447247793100956","1.1447247793100956"
"651","0.038118578702534635","0.038118578702534635","0.038118578702534635"
"652","1.1689925632427431","1.1689925632427431","1.1689925632427431"
"653","1.003653860156741","1.003653860156741","1.003653860156741"
"654","0.08004197796022773","0.08004197796022773","0.08004197796022773"
"655","1.3975846794982523","1.3975846794982523","1.3975846794982523"
"656","0.12904203334429826","0.12904203334429826","0.12904203334429826"
"657","1.7515520146060918e-7","1.7515520146060918e-7","1.7515520146060918e-7"
"658","0.0006864104296537522","0.0006864104296537522","0.0006864104296537522"
"659","0.10193935188832232","0.10193935188832232","0.10193935188832232"
"660","0.016513940744039907","0.016513940744039907","0.016513940744039907"
"661","0.0001512691334519282","0.0001512691334519282","0.0001512691334519282"
"662","0.009436367600793633","0.009436367600793633","0.009436367600793633"
"663","0.9469612411523486","0.9469612411523486","0.9469612411523486"
"664","0.9910720393762452","0.9910720393762452","0.9910720393762452"
"665","0.2707676582027405","0.2707676582027405","0.2707676582027405"
"666","0.0623793059720389","0.0623793059720389","0.0623793059720389"
"667","0.007748431781370458","0.007748431781370458","0.007748431781370458"
"668","0.010912004945678497","0.010912004945678497","0.010912004945678497"
"669","0.00026993409742677964","0.00026993409742677964","0.00026993409742677964"
"670","0.018343328262954362","0.018343328262954362","0.018343328262954362"
"671","0.17050729769238204","0.17050729769238204","0.17050729769238204"
"672","0.2724245605589842","0.2724245605589842","0.2724245605589842"
"673","0.04341433029416739","0.04341433029416739","0.04341433029416739"
"674","0.0005127239496919781","0.0005127239496919781","0.0005127239496919781"
"675","9.345959613877755e-7","9.345959613877755e-7","9.345959613877755e-7"
"676","0.01485217181622262","0.01485217181622262","0.01485217181622262"
"677","0.1243693399627655","0.1243693399627655","0.1243693399627655"
"678","0.05692875118402717","0.05692875118402717","0.05692875118402717"
"679","1.6058370955668202","1.6058370955668202","1.6058370955668202"
"680","0.00030702558230221697","0.00030702558230221697","0.00030702558230221697"
"681","0.010039475823393545","0.010039475823393545","0.010039475823393545"
"682","0.9080988374848323","0.9080988374848323","0.9080988374848323"
"683","1.0627724664342044","1.0627724664342044","1.0627724664342044"
"684","0.001642473784414581","0.001642473784414581","0.001642473784414581"
"685","0.000029635584540353177","0.000029635584540353177","0.000029635584540353177"
"686","1.2976132283435118","1.2976132283435118","1.2976132283435118"
"687","0.0024902842635295764","0.0024902842635295764","0.0024902842635295764"
"688","0.648456199520623","0.648456199520623","0.648456199520623"
"689","0.03364836802010363","0.03364836802010363","0.03364836802010363"
"690","0.000012813954006600408","0.000012813954006600408","0.000012813954006600408"
"691","0.8431599083455444","0.8431599083455444","0.8431599083455444"
"692","0.009387203404092687","0.009387203404092687","0.009387203404092687"
"693","0.002588148102231969","0.002588148102231969","0.002588148102231969"
"694","0.03412158365841049","0.03412158365841049","0.03412158365841049"
"695","0.007864809619618955","0.007864809619618955","0.007864809619618955"
"696","0.016283987847306194","0.016283987847306194","0.016283987847306194"
"697","0.6654526859617791","0.6654526859617791","0.6654526859617791"
"698","0.9555117885966203","0.9555117885966203","0.9555117885966203"
"699","0.964995599895799","0.964995599895799","0.964995599895799"
"700","0.7171758662694907","0.7171758662694907","0.7171758662694907"
"701","0.007222160838886884","0.007222160838886884","0.007222160838886884"
"702","0.0007512045994506522","0.0007512045994506522","0.0007512045994506522"
"703","0.0007500418690874459","0.0007500418690874459","0.0007500418690874459"
"704","0.23284978325376277","0.23284978325376277","0.23284978325376277"
"705","0.23813573452152526","0.23813573452152526","0.23813573452152526"
"706","0.0035342333981222686","0.0035342333981222686","0.0035342333981222686"
"707","0.015973575285872343","0.015973575285872343","0.015973575285872343"
"708","8.528414007171158e-7","8.528414007171158e-7","8.528414007171158e-7"
"709","1.0298108735091165","1.0298108735091165","1.0298108735091165"
"710","0.018422813807171097","0.018422813807171097","0.018422813807171097"
"711","0.3690760586214688","0.3690760586214688","0.3690760586214688"
"712","0.00003035830216192937","0.00003035830216192937","0.00003035830216192937"
"713","0.0000022467121586634194","0.0000022467121586634194","0.0000022467121586634194"
"714","0.0000013034045173396374","0.0000013034045173396374","0.0000013034045173396374"
"715","0.019023813898683482","0.019023813898683482","0.019023813898683482"
"716","0.2939042047515065","0.2939042047515065","0.2939042047515065"
"717","0.31068076837787173","0.31068076837787173","0.31068076837787173"
"718","1.0416557486306655","1.0416557486306655","1.0416557486306655"
"719","0.0000020980238002398717","0.0000020980238002398717","0.0000020980238002398717"
"720","0.17754477402110977","0.17754477402110977","0.17754477402110977"
"721","0.002831329219226676","0.002831329219226676","0.002831329219226676"
"722","0.0005945263890929437","0.0005945263890929437","0.0005945263890929437"
"723","0.5242175233768505","0.5242175233768505","0.5242175233768505"
"724","1.005943895144305","1.005943895144305","1.005943895144305"
"725","0.028448542439218526","0.028448542439218526","0.028448542439218526"
"726","1.0309802695436583","1.0309802695436583","1.0309802695436583"
"727","1.7025474116959","1.7025474116959","1.7025474116959"
"728","0.022333215586585815","0.022333215586585815","0.022333215586585815"
"729","0.00025676472328033383","0.00025676472328033383","0.00025676472328033383"
"730","5.131899920114903e-7","5.131899920114903e-7","5.131899920114903e-7"
"731","0.05452999628882895","0.05452999628882895","0.05452999628882895"
"732","0.6633869163509404","0.6633869163509404","0.6633869163509404"
"733","0.9796895396115411","0.9796895396115411","0.9796895396115411"
"734","0.3097578449798479","0.3097578449798479","0.3097578449798479"
"735","0.023562114931097094","0.023562114931097094","0.023562114931097094"
"736","1.1345078059702889","1.1345078059702889","1.1345078059702889"
"737","1.1620732712419053","1.1620732712419053","1.1620732712419053"
"738","0.000001771252564805348","0.000001771252564805348","0.000001771252564805348"
"739","0.00013002836283241816","0.00013002836283241816","0.00013002836283241816"
"740","0.00026909776040744105","0.00026909776040744105","0.00026909776040744105"
"741","0.0002968476187928306","0.0002968476187928306","0.0002968476187928306"
"742","0.09433628911440088","0.09433628911440088","0.09433628911440088"
"743","0.006447192234340009","0.006447192234340009","0.006447192234340009"
"744","1.01559341172759","1.01559341172759","1.01559341172759"
"745","0.16148384095390034","0.16148384095390034","0.16148384095390034"
"746","0.9962249835613967","0.9962249835613967","0.9962249835613967"
"747","0.6120250285970288","0.6120250285970288","0.6120250285970288"
"748","0.6288586904634805","0.6288586904634805","0.6288586904634805"
"749","1.1675037094342238","1.1675037094342238","1.1675037094342238"
"750","0.000052187749115162073","0.000052187749115162073","0.000052187749115162073"
"751","0.00004240606527128535","0.00004240606527128535","0.00004240606527128535"
"752","0.00000708686363365944","0.00000708686363365944","0.00000708686363365944"
"753","0.020119409221788107","0.020119409221788107","0.020119409221788107"
"754","0.07359575111287714","0.07359575111287714","0.07359575111287714"
"755","0.6683064800788711","0.6683064800788711","0.6683064800788711"
"756","0.47122033858720985","0.47122033858720985","0.47122033858720985"
"757","0.001464547151133134","0.001464547151133134","0.001464547151133134"
"758","0.00011541291312655397","0.00011541291312655397","0.00011541291312655397"
"759","0.00004681169573352821","0.00004681169573352821","0.00004681169573352821"
"760","0.0006384549821112633","0.0006384549821112633","0.0006384549821112633"
"761","0.043437303414202176","0.043437303414202176","0.043437303414202176"
"762","1.0558192938511466","1.0558192938511466","1.0558192938511466"
"763","0.08511142456838532","0.08511142456838532","0.08511142456838532"
"764","0.9171241430368108","0.9171241430368108","0.9171241430368108"
"765","1.214899720254902","1.214899720254902","1.214899720254902"
"766","0.16668481129430526","0.16668481129430526","0.16668481129430526"
"767","0.000025020680877492257","0.000025020680877492257","0.000025020680877492257"
"768","0.06287160093567584","0.06287160093567584","0.06287160093567584"
"769","1.0605497626544536","1.0605497626544536","1.0605497626544536"
"770","0.21356287486407852","0.21356287486407852","0.21356287486407852"
"771","0.15945053306841206","0.15945053306841206","0.15945053306841206"
"772","0.9209657195091333","0.9209657195091333","0.9209657195091333"
"773","1.879660648999248","1.879660648999248","1.879660648999248"
"774","0.22074239811350327","0.22074239811350327","0.22074239811350327"
"775","1.0623794000856575","1.0623794000856575","1.0623794000856575"
"776","0.8821502671053026","0.8821502671053026","0.8821502671053026"
"777","0.7508985254203092","0.7508985254203092","0.7508985254203092"
"778","0.3127109160821504","0.3127109160821504","0.3127109160821504"
"779","0.08337687741973494","0.08337687741973494","0.08337687741973494"
"780","0.000016392463804940317","0.000016392463804940317","0.000016392463804940317"
"781","0.09529682296838535","0.09529682296838535","0.09529682296838535"
"782","0.25000943823492494","0.25000943823492494","0.25000943823492494"
"783","2.030748955626083","2.030748955626083","2.030748955626083"
"784","0.756083028421894","0.756083028421894","0.756083028421894"
"785","1.8729168773651517e-7","1.8729168773651517e-7","1.8729168773651517e-7"
"786","0.00029034723302997633","0.00029034723302997633","0.00029034723302997633"
"787","0.9466301745494377","0.9466301745494377","0.9466301745494377"
"788","0.000005324372773498382","0.000005324372773498382","0.000005324372773498382"
"789","1.4703567304537375","1.4703567304537375","1.4703567304537375"
"790","0.0000010423363078187891","0.0000010423363078187891","0.0000010423363078187891"
"791","0.6475765082614597","0.6475765082614597","0.6475765082614597"
"792","0.0000042266040044228465","0.0000042266040044228465","0.0000042266040044228465"
"793","0.10437802288189423","0.10437802288189423","0.10437802288189423"
"794","0.6171511864843083","0.6171511864843083","0.6171511864843083"
"795","0.734164613491358","0.734164613491358","0.734164613491358"
"796","0.9400217411900342","0.9400217411900342","0.9400217411900342"
"797","0.02386186994263529","0.02386186994263529","0.02386186994263529"
"798","0.07825839963270795","0.07825839963270795","0.07825839963270795"
"799","0.9245219767636745","0.9245219767636745","0.9245219767636745"
"800","0.000028387689489517958","0.000028387689489517958","0.000028387689489517958"
"801","0.000020154233955590836","0.000020154233955590836","0.000020154233955590836"
"802","0.010392419156939985","0.010392419156939985","0.010392419156939985"
"803","0.0002155206299648741","0.0002155206299648741","0.0002155206299648741"
"804","0.18575371017618952","0.18575371017618952","0.18575371017618952"
"805","0.010451870065945662","0.010451870065945662","0.010451870065945662"
"806","0.9203623183785812","0.9203623183785812","0.9203623183785812"
"807","0.016740099273538964","0.016740099273538964","0.016740099273538964"
"808","0.6377718633270965","0.6377718633270965","0.6377718633270965"
"809","0.9423760116976952","0.9423760116976952","0.9423760116976952"
"810","0.008783245345346908","0.008783245345346908","0.008783245345346908"
"811","0.02721392735879498","0.02721392735879498","0.02721392735879498"
"812","0.620970362216356","0.620970362216356","0.620970362216356"
"813","0.0008298202372805276","0.0008298202372805276","0.0008298202372805276"
"814","0.05004278619625173","0.05004278619625173","0.05004278619625173"
"815","0.0003084034379368333","0.0003084034379368333","0.0003084034379368333"
"816","0.008012183971649323","0.008012183971649323","0.008012183971649323"
"817","0.0000018815057097388488","0.0000018815057097388488","0.0000018815057097388488"
"818","7.291799323034586e-8","7.291799323034586e-8","7.291799323034586e-8"
"819","0.006695358496884433","0.006695358496884433","0.006695358496884433"
"820","0.03028604538947057","0.03028604538947057","0.03028604538947057"
"821","0.06784918731044133","0.06784918731044133","0.06784918731044133"
"822","0.5129000760498352","0.5129000760498352","0.5129000760498352"
"823","0.28637250402877745","0.28637250402877745","0.28637250402877745"
"824","0.9938507630662357","0.9938507630662357","0.9938507630662357"
"825","0.1374504478765475","0.1374504478765475","0.1374504478765475"
"826","0.022055912372671974","0.022055912372671974","0.022055912372671974"
"827","1.1192898351173677","1.1192898351173677","1.1192898351173677"
"828","1.7134132755774123","1.7134132755774123","1.7134132755774123"
"829","0.43153534190061676","0.43153534190061676","0.43153534190061676"
"830","0.000008609807979903583","0.000008609807979903583","0.000008609807979903583"
"831","1.8374618653691687e-7","1.8374618653691687e-7","1.8374618653691687e-7"
"832","0.004745313391763194","0.004745313391763194","0.004745313391763194"
"833","0.0016689350955389835","0.0016689350955389835","0.0016689350955389835"
"834","0.7959320965574103","0.7959320965574103","0.7959320965574103"
"835","0.019871746142858904","0.019871746142858904","0.019871746142858904"
"836","0.0000017580790089213207","0.0000017580790089213207","0.0000017580790089213207"
"837","0.000007177169877207318","0.000007177169877207318","0.000007177169877207318"
"838","5.326037612191603e-7","5.326037612191603e-7","5.326037612191603e-7"
"839","0.001342509672876068","0.001342509672876068","0.001342509672876068"
"840","0.002826565098255607","0.002826565098255607","0.002826565098255607"
"841","0.6530161475255994","0.6530161475255994","0.6530161475255994"
"842","0.0013252558157415102","0.0013252558157415102","0.0013252558157415102"
"843","0.02588049212207723","0.02588049212207723","0.02588049212207723"
"844","2.0514819801355473","2.0514819801355473","2.0514819801355473"
"845","0.026403636473712695","0.026403636473712695","0.026403636473712695"
"846","1.4590361444433442","1.4590361444433442","1.4590361444433442"
"847","0.11233994895467228","0.11233994895467228","0.11233994895467228"
"848","0.012734364017353395","0.012734364017353395","0.012734364017353395"
"849","0.011531975529749725","0.011531975529749725","0.011531975529749725"
"850","0.025563495849790036","0.025563495849790036","0.025563495849790036"
"851","1.041181248496935","1.041181248496935","1.041181248496935"
"852","1.4815180605294322","1.4815180605294322","1.4815180605294322"
"853","0.001689839049305574","0.001689839049305574","0.001689839049305574"
"854","1.4240488538650686","1.4240488538650686","1.4240488538650686"
"855","0.00019167413953720186","0.00019167413953720186","0.00019167413953720186"
"856","0.18582682430063757","0.18582682430063757","0.18582682430063757"
"857","0.11319414378584514","0.11319414378584514","0.11319414378584514"
"858","0.0008736936161421369","0.0008736936161421369","0.0008736936161421369"
"859","1.3488190848374282","1.3488190848374282","1.3488190848374282"
"860","0.0006527652318919666","0.0006527652318919666","0.0006527652318919666"
"861","0.035141602011762134","0.035141602011762134","0.035141602011762134"
"862","0.002791347955551682","0.002791347955551682","0.002791347955551682"
"863","2.363958978314693","2.363958978314693","2.363958978314693"
"864","1.1139090999111485","1.1139090999111485","1.1139090999111485"
"865","0.37501031998949","0.37501031998949","0.37501031998949"
"866","0.03887716730320128","0.03887716730320128","0.03887716730320128"
"867","1.201933432258402","1.201933432258402","1.201933432258402"
"868","0.20134266910485302","0.20134266910485302","0.20134266910485302"
"869","0.034274266631171786","0.034274266631171786","0.034274266631171786"
"870","0.10833165680016958","0.10833165680016958","0.10833165680016958"
"871","0.12184199041484245","0.12184199041484245","0.12184199041484245"
"872","0.026109554202424053","0.026109554202424053","0.026109554202424053"
"873","0.0006085890779094167","0.0006085890779094167","0.0006085890779094167"
"874","0.00009829987308558286","0.00009829987308558286","0.00009829987308558286"
"875","0.07657435088991715","0.07657435088991715","0.07657435088991715"
"876","0.0032770629032750553","0.0032770629032750553","0.0032770629032750553"
"877","1.1366068542240695","1.1366068542240695","1.1366068542240695"
"878","0.0012900648735195528","0.0012900648735195528","0.0012900648735195528"
"879","0.07319647189106777","0.07319647189106777","0.07319647189106777"
"880","1.2828902235597741","1.2828902235597741","1.2828902235597741"
"881","1.5702268838271196","1.5702268838271196","1.5702268838271196"
"882","0.00001391092598868302","0.00001391092598868302","0.00001391092598868302"
"883","0.36423367210811286","0.36423367210811286","0.36423367210811286"
"884","0.00012810578700119394","0.00012810578700119394","0.00012810578700119394"
"885","0.00016093076062017136","0.00016093076062017136","0.00016093076062017136"
"886","0.13263235391262593","0.13263235391262593","0.13263235391262593"
"887","0.12929913665842246","0.12929913665842246","0.12929913665842246"
"888","0.451169483262393","0.451169483262393","0.451169483262393"
"889","0.03453656435879785","0.03453656435879785","0.03453656435879785"
"890","0.17458489885518244","0.17458489885518244","0.17458489885518244"
"891","0.7129122873676136","0.7129122873676136","0.7129122873676136"
"892","4.523401008707882e-7","4.523401008707882e-7","4.523401008707882e-7"
"893","0.0000035057459898713043","0.0000035057459898713043","0.0000035057459898713043"
"894","6.790323149517865e-7","6.790323149517865e-7","6.790323149517865e-7"
"895","0.9608621688649622","0.9608621688649622","0.9608621688649622"
"896","0.003216700351858359","0.003216700351858359","0.003216700351858359"
"897","0.12047194437132228","0.12047194437132228","0.12047194437132228"
"898","1.4293558945053932","1.4293558945053932","1.4293558945053932"
"899","1.5031455668060338","1.5031455668060338","1.5031455668060338"
"900","1.032440488240809","1.032440488240809","1.032440488240809"
"901","0.07766722001928271","0.07766722001928271","0.07766722001928271"
"902","0.45378357655984497","0.45378357655984497","0.45378357655984497"
"903","0.004325053966066638","0.004325053966066638","0.004325053966066638"
"904","7.970784791077181e-8","7.970784791077181e-8","7.970784791077181e-8"
"905","0.0009017941369075756","0.0009017941369075756","0.0009017941369075756"
"906","0.040948327495252894","0.040948327495252894","0.040948327495252894"
"907","0.0003552013616221479","0.0003552013616221479","0.0003552013616221479"
"908","0.2618143918836422","0.2618143918836422","0.2618143918836422"
"909","3.6673403232443866e-8","3.6673403232443866e-8","3.6673403232443866e-8"
"910","0.019371183919450398","0.019371183919450398","0.019371183919450398"
"911","1.3673284596625617","1.3673284596625617","1.3673284596625617"
"912","0.6757519530000238","0.6757519530000238","0.6757519530000238"
"913","0.6354895675588215","0.6354895675588215","0.6354895675588215"
"914","0.36384567924776634","0.36384567924776634","0.36384567924776634"
"915","0.0000021038563531948623","0.0000021038563531948623","0.0000021038563531948623"
"916","0.028135867231034263","0.028135867231034263","0.028135867231034263"
"917","0.0020218371129407824","0.0020218371129407824","0.0020218371129407824"
"918","1.1203742717223832","1.1203742717223832","1.1203742717223832"
"919","1.172825798556499","1.172825798556499","1.172825798556499"
"920","0.17271227651017843","0.17271227651017843","0.17271227651017843"
"921","0.005858498307665536","0.005858498307665536","0.005858498307665536"
"922","0.000025721210490751724","0.000025721210490751724","0.000025721210490751724"
"923","0.0016990972247412784","0.0016990972247412784","0.0016990972247412784"
"924","0.009923142996229454","0.009923142996229454","0.009923142996229454"
"925","0.6622614618836942","0.6622614618836942","0.6622614618836942"
"926","0.0030646371212666745","0.0030646371212666745","0.0030646371212666745"
"927","0.03753118539465731","0.03753118539465731","0.03753118539465731"
"928","0.2929791960638409","0.2929791960638409","0.2929791960638409"
"929","0.03169235021280468","0.03169235021280468","0.03169235021280468"
"930","0.08679688141913004","0.08679688141913004","0.08679688141913004"
"931","0.004264383726938633","0.004264383726938633","0.004264383726938633"
"932","0.07789139403022455","0.07789139403022455","0.07789139403022455"
"933","0.1296467780893103","0.1296467780893103","0.1296467780893103"
"934","0.0000016015169254293755","0.0000016015169254293755","0.0000016015169254293755"
"935","0.0004179343848496621","0.0004179343848496621","0.0004179343848496621"
"936","0.05243765535843202","0.05243765535843202","0.05243765535843202"
"937","0.47547802708329495","0.47547802708329495","0.47547802708329495"
"938","1.6426752634336812","1.6426752634336812","1.6426752634336812"
"939","1.4467364612015885","1.4467364612015885","1.4467364612015885"
"940","0.00009653469958893432","0.00009653469958893432","0.00009653469958893432"
"941","0.015949727472824186","0.015949727472824186","0.015949727472824186"
"942","0.061535440848833486","0.061535440848833486","0.061535440848833486"
"943","0.0006918637828547802","0.0006918637828547802","0.0006918637828547802"
"944","0.9812526899252332","0.9812526899252332","0.9812526899252332"
"945","0.20268260743555652","0.20268260743555652","0.20268260743555652"
"946","1.4342033975026123","1.4342033975026123","1.4342033975026123"
"947","0.9811231869891335","0.9811231869891335","0.9811231869891335"
"948","0.2638892335793138","0.2638892335793138","0.2638892335793138"
"949","0.010974386277821142","0.010974386277821142","0.010974386277821142"
"950","0.00308043567598939","0.00308043567598939","0.00308043567598939"
"951","1.748601376894546e-7","1.748601376894546e-7","1.748601376894546e-7"
"952","0.890711735447904","0.890711735447904","0.890711735447904"
"953","1.0079768160688287","1.0079768160688287","1.0079768160688287"
"954","0.1606102658277584","0.1606102658277584","0.1606102658277584"
"955","0.21983845730056834","0.21983845730056834","0.21983845730056834"
"956","0.027751375829970178","0.027751375829970178","0.027751375829970178"
"957","0.3618137902191477","0.3618137902191477","0.3618137902191477"
"958","0.17881826255508615","0.17881826255508615","0.17881826255508615"
"959","0.021948243171545097","0.021948243171545097","0.021948243171545097"
"960","0.024746336407588918","0.024746336407588918","0.024746336407588918"
"961","0.0118577603842189","0.0118577603842189","0.0118577603842189"
"962","0.36807554955007443","0.36807554955007443","0.36807554955007443"
"963","0.9727555430940544","0.9727555430940544","0.9727555430940544"
"964","0.44525237716379534","0.44525237716379534","0.44525237716379534"
"965","0.7205774681252435","0.7205774681252435","0.7205774681252435"
"966","1.0734320371260069","1.0734320371260069","1.0734320371260069"
"967","1.5321055534021712","1.5321055534021712","1.5321055534021712"
"968","1.0830220477120933","1.0830220477120933","1.0830220477120933"
"969","0.34471493110506557","0.34471493110506557","0.34471493110506557"
"970","1.673399964010322","1.673399964010322","1.673399964010322"
"971","0.4788984610393172","0.4788984610393172","0.4788984610393172"
"972","0.14885262890585976","0.14885262890585976","0.14885262890585976"
"973","0.6852582510308028","0.6852582510308028","0.6852582510308028"
"974","0.2375136732733545","0.2375136732733545","0.2375136732733545"
"975","0.022611083118572798","0.022611083118572798","0.022611083118572798"
"976","0.09628723880795723","0.09628723880795723","0.09628723880795723"
"977","0.0000013824871025262062","0.0000013824871025262062","0.0000013824871025262062"
"978","6.737403568771323e-7","6.737403568771323e-7","6.737403568771323e-7"
"979","8.764345292825821e-7","8.764345292825821e-7","8.764345292825821e-7"
"980","0.005454804640548278","0.005454804640548278","0.005454804640548278"
"981","0.000006337916663398953","0.000006337916663398953","0.000006337916663398953"
"982","0.00023194942384517061","0.00023194942384517061","0.00023194942384517061"
"983","0.00838777123968788","0.00838777123968788","0.00838777123968788"
"984","0.0000075441104613472395","0.0000075441104613472395","0.0000075441104613472395"
"985","0.00034058520861808984","0.00034058520861808984","0.00034058520861808984"
"986","0.00021047674327049015","0.00021047674327049015","0.00021047674327049015"
"987","0.0014521617130420922","0.0014521617130420922","0.0014521617130420922"
"988","0.6746125679380577","0.6746125679380577","0.6746125679380577"
"989","1.0189695171553523","1.0189695171553523","1.0189695171553523"
"990","1.2574698978923695","1.2574698978923695","1.2574698978923695"
"991","0.19324647832632952","0.19324647832632952","0.19324647832632952"
"992","0.3550021378599185","0.3550021378599185","0.3550021378599185"
"993","1.0731015724623738","1.0731015724623738","1.0731015724623738"
"994","0.6560363348574013","0.6560363348574013","0.6560363348574013"
"995","0.1416315395995046","0.1416315395995046","0.1416315395995046"
"996","3.016796208328086e-7","3.016796208328086e-7","3.016796208328086e-7"
"997","0.0009375128676845488","0.0009375128676845488","0.0009375128676845488"
"998","1.002392281421337","1.002392281421337","1.002392281421337"
"999","0.9162249317467747","0.9162249317467747","0.9162249317467747"
"1000","0.011709166030258974","0.011709166030258974","0.011709166030258974"
"1001","0.000031358121896123925","0.000031358121896123925","0.000031358121896123925"
"1002","0.00023281996005130798","0.00023281996005130798","0.00023281996005130798"
"1003","0.0004723673977031635","0.0004723673977031635","0.0004723673977031635"
"1004","0.03671425705414329","0.03671425705414329","0.03671425705414329"
"1005","0.0006978479897313107","0.0006978479897313107","0.0006978479897313107"
"1006","0.9171580236190308","0.9171580236190308","0.9171580236190308"
"1007","0.024253006860817872","0.024253006860817872","0.024253006860817872"
"1008","0.6360188011711891","0.6360188011711891","0.6360188011711891"
"1009","0.000004379039623535426","0.000004379039623535426","0.000004379039623535426"
"1010","0.000007637212184003266","0.000007637212184003266","0.000007637212184003266"
"1011","0.0000041828856896917425","0.0000041828856896917425","0.0000041828856896917425"
"1012","0.0021155118976609287","0.0021155118976609287","0.0021155118976609287"
"1013","0.020589678313584478","0.020589678313584478","0.020589678313584478"
"1014","0.21748999120737397","0.21748999120737397","0.21748999120737397"
"1015","0.7298426894751756","0.7298426894751756","0.7298426894751756"
"1016","0.0012981292475076668","0.0012981292475076668","0.0012981292475076668"
"1017","0.16404437240452424","0.16404437240452424","0.16404437240452424"
"1018","1.0726317158602168","1.0726317158602168","1.0726317158602168"
"1019","1.3396757131956325","1.3396757131956325","1.3396757131956325"
"1020","0.000020255378995277112","0.000020255378995277112","0.000020255378995277112"
"1021","1.9636129035990484e-7","1.9636129035990484e-7","1.9636129035990484e-7"
"1022","0.000003358655633850402","0.000003358655633850402","0.000003358655633850402"
"1023","0.0012589261885326466","0.0012589261885326466","0.0012589261885326466"
"1024","0.023390653602644713","0.023390653602644713","0.023390653602644713"
"1025","2.1109611480405444","2.1109611480405444","2.1109611480405444"
"1026","0.691070318725386","0.691070318725386","0.691070318725386"
"1027","0.8182919909527112","0.8182919909527112","0.8182919909527112"
"1028","0.0000011569099473936205","0.0000011569099473936205","0.0000011569099473936205"
"1029","0.07586806113848632","0.07586806113848632","0.07586806113848632"
"1030","0.00005435826905067737","0.00005435826905067737","0.00005435826905067737"
"1031","0.00008132261683246796","0.00008132261683246796","0.00008132261683246796"
"1032","1.0108189153656622","1.0108189153656622","1.0108189153656622"
"1033","0.08153340613405217","0.08153340613405217","0.08153340613405217"
"1034","0.008048074601101256","0.008048074601101256","0.008048074601101256"
"1035","0.006607591584944316","0.006607591584944316","0.006607591584944316"
"1036","0.027852536562653466","0.027852536562653466","0.027852536562653466"
"1037","0.009655686460884738","0.009655686460884738","0.009655686460884738"
"1038","0.004874397456055026","0.004874397456055026","0.004874397456055026"
"1039","3.015832617635739e-7","3.015832617635739e-7","3.015832617635739e-7"
"1040","5.646240029374464e-7","5.646240029374464e-7","5.646240029374464e-7"
"1041","0.23727790655685294","0.23727790655685294","0.23727790655685294"
"1042","0.4882811035441259","0.4882811035441259","0.4882811035441259"
"1043","0.8629400629779032","0.8629400629779032","0.8629400629779032"
"1044","0.04792638381810753","0.04792638381810753","0.04792638381810753"
"1045","0.13272582648336986","0.13272582648336986","0.13272582648336986"
"1046","0.05531159831796418","0.05531159831796418","0.05531159831796418"
"1047","0.516115807655668","0.516115807655668","0.516115807655668"
"1048","0.0007367934946095553","0.0007367934946095553","0.0007367934946095553"
"1049","0.034028713026944574","0.034028713026944574","0.034028713026944574"
"1050","5.832811279303977e-7","5.832811279303977e-7","5.832811279303977e-7"
"1051","0.001982165216495173","0.001982165216495173","0.001982165216495173"
"1052","0.04700239090297357","0.04700239090297357","0.04700239090297357"
"1053","1.7061473525437603","1.7061473525437603","1.7061473525437603"
"1054","0.16097913636711206","0.16097913636711206","0.16097913636711206"
"1055","0.0019773717039577947","0.0019773717039577947","0.0019773717039577947"
"1056","0.7119597614558099","0.7119597614558099","0.7119597614558099"
"1057","0.06375812313075306","0.06375812313075306","0.06375812313075306"
"1058","0.001385310343543282","0.001385310343543282","0.001385310343543282"
"1059","0.0034018991304520215","0.0034018991304520215","0.0034018991304520215"
"1060","0.06437190233939323","0.06437190233939323","0.06437190233939323"
"1061","0.0011593856029602455","0.0011593856029602455","0.0011593856029602455"
"1062","0.0008340811746363766","0.0008340811746363766","0.0008340811746363766"
"1063","0.4121785655590195","0.4121785655590195","0.4121785655590195"
"1064","1.4614402899197554","1.4614402899197554","1.4614402899197554"
"1065","1.5634990945080176","1.5634990945080176","1.5634990945080176"
"1066","0.0011402976281120673","0.0011402976281120673","0.0011402976281120673"
"1067","0.000034140107126239745","0.000034140107126239745","0.000034140107126239745"
"1068","0.22976398454065683","0.22976398454065683","0.22976398454065683"
"1069","0.022291787921944778","0.022291787921944778","0.022291787921944778"
"1070","0.7029382395221504","0.7029382395221504","0.7029382395221504"
"1071","0.7597094545979872","0.7597094545979872","0.7597094545979872"
"1072","0.22011547835544562","0.22011547835544562","0.22011547835544562"
"1073","0.00016983337158244598","0.00016983337158244598","0.00016983337158244598"
"1074","0.010930674468598332","0.010930674468598332","0.010930674468598332"
"1075","0.002040786611523691","0.002040786611523691","0.002040786611523691"
"1076","0.000005036114330855604","0.000005036114330855604","0.000005036114330855604"
"1077","0.00005030874103249779","0.00005030874103249779","0.00005030874103249779"
"1078","0.935359979455747","0.935359979455747","0.935359979455747"
"1079","0.9078013074988397","0.9078013074988397","0.9078013074988397"
"1080","0.000007462443894958528","0.000007462443894958528","0.000007462443894958528"
"1081","0.000028356723375013238","0.000028356723375013238","0.000028356723375013238"
"1082","0.000872227900718231","0.000872227900718231","0.000872227900718231"
"1083","1.0286806895189717","1.0286806895189717","1.0286806895189717"
"1084","0.7912238135160646","0.7912238135160646","0.7912238135160646"
"1085","1.0823762528581033","1.0823762528581033","1.0823762528581033"
"1086","0.8826930443514257","0.8826930443514257","0.8826930443514257"
"1087","1.0557277130895621","1.0557277130895621","1.0557277130895621"
"1088","0.2412470941561157","0.2412470941561157","0.2412470941561157"
"1089","1.542085878614391","1.542085878614391","1.542085878614391"
"1090","0.27315875449551746","0.27315875449551746","0.27315875449551746"
"1091","0.3652408455072282","0.3652408455072282","0.3652408455072282"
"1092","0.00017870003036093122","0.00017870003036093122","0.00017870003036093122"
"1093","0.003963484627687861","0.003963484627687861","0.003963484627687861"
"1094","1.0811595203269784e-7","1.0811595203269784e-7","1.0811595203269784e-7"
"1095","0.013814830241639932","0.013814830241639932","0.013814830241639932"
"1096","0.04088810132070387","0.04088810132070387","0.04088810132070387"
"1097","0.14554396217506696","0.14554396217506696","0.14554396217506696"
"1098","0.14110312290472862","0.14110312290472862","0.14110312290472862"
"1099","0.0000028255437938112897","0.0000028255437938112897","0.0000028255437938112897"
"1100","0.0023646020630983173","0.0023646020630983173","0.0023646020630983173"
"1101","0.9424424829922537","0.9424424829922537","0.9424424829922537"
"1102","0.6127799894386537","0.6127799894386537","0.6127799894386537"
"1103","1.5887413321404535","1.5887413321404535","1.5887413321404535"
"1104","0.15129472880353323","0.15129472880353323","0.15129472880353323"
"1105","0.001455370096420444","0.001455370096420444","0.001455370096420444"
"1106","0.04748815052587773","0.04748815052587773","0.04748815052587773"
"1107","0.0007820253516659927","0.0007820253516659927","0.0007820253516659927"
"1108","0.23500171617268367","0.23500171617268367","0.23500171617268367"
"1109","0.21701615750641556","0.21701615750641556","0.21701615750641556"
"1110","0.21734763256812228","0.21734763256812228","0.21734763256812228"
"1111","0.5031334392813126","0.5031334392813126","0.5031334392813126"
"1112","2.170157060519571","2.170157060519571","2.170157060519571"
"1113","0.22302265158779916","0.22302265158779916","0.22302265158779916"
"1114","0.0000056301290390215685","0.0000056301290390215685","0.0000056301290390215685"
"1115","0.0003256337608243675","0.0003256337608243675","0.0003256337608243675"
"1116","0.0000014000413467169418","0.0000014000413467169418","0.0000014000413467169418"
"1117","0.021982483842440313","0.021982483842440313","0.021982483842440313"
"1118","0.9230252977445409","0.9230252977445409","0.9230252977445409"
"1119","1.2985249943670611","1.2985249943670611","1.2985249943670611"
"1120","0.18628646943289978","0.18628646943289978","0.18628646943289978"
"1121","0.0092456146559265","0.0092456146559265","0.0092456146559265"
"1122","0.24659268040806487","0.24659268040806487","0.24659268040806487"
"1123","0.15108641481767565","0.15108641481767565","0.15108641481767565"
"1124","0.07594291658727435","0.07594291658727435","0.07594291658727435"
"1125","0.027538399501936865","0.027538399501936865","0.027538399501936865"
"1126","0.045370065942429774","0.045370065942429774","0.045370065942429774"
"1127","0.01676123432899265","0.01676123432899265","0.01676123432899265"
"1128","0.9162392922981216","0.9162392922981216","0.9162392922981216"
"1129","0.02191112582209131","0.02191112582209131","0.02191112582209131"
"1130","0.11332319526748631","0.11332319526748631","0.11332319526748631"
"1131","0.6882375924830246","0.6882375924830246","0.6882375924830246"
"1132","0.00001818315941570884","0.00001818315941570884","0.00001818315941570884"
"1133","0.000051897286961107825","0.000051897286961107825","0.000051897286961107825"
"1134","0.008028725881071959","0.008028725881071959","0.008028725881071959"
"1135","0.0003086153931178771","0.0003086153931178771","0.0003086153931178771"
"1136","0.00023621873779741792","0.00023621873779741792","0.00023621873779741792"
"1137","0.02495730806284811","0.02495730806284811","0.02495730806284811"
"1138","0.013330897934401186","0.013330897934401186","0.013330897934401186"
"1139","0.000011085016112416358","0.000011085016112416358","0.000011085016112416358"
"1140","0.0000021201060185997373","0.0000021201060185997373","0.0000021201060185997373"
"1141","0.000006944317161305056","0.000006944317161305056","0.000006944317161305056"
"1142","0.013917126328541807","0.013917126328541807","0.013917126328541807"
"1143","0.015332782708516577","0.015332782708516577","0.015332782708516577"
"1144","0.9470081924160342","0.9470081924160342","0.9470081924160342"
"1145","0.9915043177691889","0.9915043177691889","0.9915043177691889"
"1146","0.0242829452782126","0.0242829452782126","0.0242829452782126"
"1147","0.4411941885427111","0.4411941885427111","0.4411941885427111"
"1148","0.004319821259552692","0.004319821259552692","0.004319821259552692"
"1149","0.39771744735688297","0.39771744735688297","0.39771744735688297"
"1150","0.020659453556099765","0.020659453556099765","0.020659453556099765"
"1151","0.0022674626005415996","0.0022674626005415996","0.0022674626005415996"
"1152","0.6368498213401582","0.6368498213401582","0.6368498213401582"
"1153","0.8865786483823691","0.8865786483823691","0.8865786483823691"
"1154","0.4304955347935002","0.4304955347935002","0.4304955347935002"
"1155","1.3092846589616656","1.3092846589616656","1.3092846589616656"
"1156","0.1940173045674966","0.1940173045674966","0.1940173045674966"
"1157","1.3532219266908416","1.3532219266908416","1.3532219266908416"
"1158","0.08907712951896811","0.08907712951896811","0.08907712951896811"
"1159","0.035731104794341446","0.035731104794341446","0.035731104794341446"
"1160","1.9700282449645072","1.9700282449645072","1.9700282449645072"
"1161","0.02323013198312456","0.02323013198312456","0.02323013198312456"
"1162","0.005095459655907808","0.005095459655907808","0.005095459655907808"
"1163","0.000003046401732775209","0.000003046401732775209","0.000003046401732775209"
"1164","0.002475653309772484","0.002475653309772484","0.002475653309772484"
"1165","0.8031871846840578","0.8031871846840578","0.8031871846840578"
"1166","0.3966164144260592","0.3966164144260592","0.3966164144260592"
"1167","1.3544886649057717","1.3544886649057717","1.3544886649057717"
"1168","0.008720859982360885","0.008720859982360885","0.008720859982360885"
"1169","0.16207859995624666","0.16207859995624666","0.16207859995624666"
"1170","0.401551542583893","0.401551542583893","0.401551542583893"
"1171","1.3369652666180345","1.3369652666180345","1.3369652666180345"
"1172","0.06955224551061029","0.06955224551061029","0.06955224551061029"
"1173","0.08902647525383117","0.08902647525383117","0.08902647525383117"
"1174","0.2955070185640538","0.2955070185640538","0.2955070185640538"
"1175","0.0017500042573484773","0.0017500042573484773","0.0017500042573484773"
"1176","0.5001850547062461","0.5001850547062461","0.5001850547062461"
"1177","0.03773625052075093","0.03773625052075093","0.03773625052075093"
"1178","1.7358757576239527","1.7358757576239527","1.7358757576239527"
"1179","0.960631282156179","0.960631282156179","0.960631282156179"
"1180","0.02905997032255393","0.02905997032255393","0.02905997032255393"
"1181","0.1662179428907068","0.1662179428907068","0.1662179428907068"
"1182","1.6105580193330045","1.6105580193330045","1.6105580193330045"
"1183","1.0347779904400107","1.0347779904400107","1.0347779904400107"
"1184","1.4616464971181398","1.4616464971181398","1.4616464971181398"
"1185","0.07292946882560326","0.07292946882560326","0.07292946882560326"
"1186","0.08786754866316077","0.08786754866316077","0.08786754866316077"
"1187","0.5891089853045003","0.5891089853045003","0.5891089853045003"
"1188","0.00042801401257576703","0.00042801401257576703","0.00042801401257576703"
"1189","0.013924928697710247","0.013924928697710247","0.013924928697710247"
"1190","0.0000376515884079119","0.0000376515884079119","0.0000376515884079119"
"1191","0.00007852159531467271","0.00007852159531467271","0.00007852159531467271"
"1192","0.08855574798950398","0.08855574798950398","0.08855574798950398"
"1193","0.5330779405623143","0.5330779405623143","0.5330779405623143"
"1194","0.00011382411002173872","0.00011382411002173872","0.00011382411002173872"
"1195","0.0002767697779792982","0.0002767697779792982","0.0002767697779792982"
"1196","0.6468179787798293","0.6468179787798293","0.6468179787798293"
"1197","0.059578654494063486","0.059578654494063486","0.059578654494063486"
"1198","0.025093211978234605","0.025093211978234605","0.025093211978234605"
"1199","0.07520454669699976","0.07520454669699976","0.07520454669699976"
"1200","0.010925802522566858","0.010925802522566858","0.010925802522566858"
"1201","0.030613449299363885","0.030613449299363885","0.030613449299363885"
"1202","1.124582257232369","1.124582257232369","1.124582257232369"
"1203","0.4281338260361894","0.4281338260361894","0.4281338260361894"
"1204","0.35255450227067037","0.35255450227067037","0.35255450227067037"
"1205","0.007892512934359696","0.007892512934359696","0.007892512934359696"
"1206","0.009474620304466008","0.009474620304466008","0.009474620304466008"
"1207","0.11170806319757096","0.11170806319757096","0.11170806319757096"
"1208","0.002111171183196525","0.002111171183196525","0.002111171183196525"
"1209","0.13052372837497542","0.13052372837497542","0.13052372837497542"
"1210","0.000014155613402457116","0.000014155613402457116","0.000014155613402457116"
"1211","1.0197023352306787","1.0197023352306787","1.0197023352306787"
"1212","0.00001077420029869274","0.00001077420029869274","0.00001077420029869274"
"1213","0.0005284956741134486","0.0005284956741134486","0.0005284956741134486"
"1214","0.0000018176154644425643","0.0000018176154644425643","0.0000018176154644425643"
"1215","0.2320959617971997","0.2320959617971997","0.2320959617971997"
"1216","0.735165466528054","0.735165466528054","0.735165466528054"
"1217","0.4960432825168425","0.4960432825168425","0.4960432825168425"
"1218","0.4798887371429853","0.4798887371429853","0.4798887371429853"
"1219","2.1623223209626968e-7","2.1623223209626968e-7","2.1623223209626968e-7"
"1220","0.9762888406647053","0.9762888406647053","0.9762888406647053"
"1221","0.00008133885567285398","0.00008133885567285398","0.00008133885567285398"
"1222","0.2462382886581307","0.2462382886581307","0.2462382886581307"
"1223","0.000032570001781241965","0.000032570001781241965","0.000032570001781241965"
"1224","0.0052490186652969385","0.0052490186652969385","0.0052490186652969385"
"1225","0.2777080610739719","0.2777080610739719","0.2777080610739719"
"1226","0.000010015008268175776","0.000010015008268175776","0.000010015008268175776"
"1227","0.03386107562524497","0.03386107562524497","0.03386107562524497"
"1228","0.614104470828611","0.614104470828611","0.614104470828611"
"1229","0.38459138747773164","0.38459138747773164","0.38459138747773164"
"1230","1.0171821014649352","1.0171821014649352","1.0171821014649352"
"1231","0.009634223563502844","0.009634223563502844","0.009634223563502844"
"1232","1.0802284475228032","1.0802284475228032","1.0802284475228032"
"1233","1.1267568918612039","1.1267568918612039","1.1267568918612039"
"1234","0.002548543386509353","0.002548543386509353","0.002548543386509353"
"1235","0.001056091798346017","0.001056091798346017","0.001056091798346017"
"1236","0.002833047702120844","0.002833047702120844","0.002833047702120844"
"1237","0.35215210586331414","0.35215210586331414","0.35215210586331414"
"1238","0.0003927340558958436","0.0003927340558958436","0.0003927340558958436"
"1239","0.035189496492798504","0.035189496492798504","0.035189496492798504"
"1240","1.2149217340342122","1.2149217340342122","1.2149217340342122"
"1241","0.8612212683651803","0.8612212683651803","0.8612212683651803"
"1242","0.8630672441482162","0.8630672441482162","0.8630672441482162"
"1243","0.14958242653588041","0.14958242653588041","0.14958242653588041"
"1244","0.06164055986971554","0.06164055986971554","0.06164055986971554"
"1245","1.0000086018803784","1.0000086018803784","1.0000086018803784"
"1246","0.8816556450014212","0.8816556450014212","0.8816556450014212"
"1247","0.440562496266092","0.440562496266092","0.440562496266092"
"1248","0.002960897992434904","0.002960897992434904","0.002960897992434904"
"1249","0.5508542823338077","0.5508542823338077","0.5508542823338077"
"1250","1.164800228153986","1.164800228153986","1.164800228153986"
"1251","0.9874059711991282","0.9874059711991282","0.9874059711991282"
"1252","0.868543171751688","0.868543171751688","0.868543171751688"
"1253","0.057914158028892666","0.057914158028892666","0.057914158028892666"
"1254","0.0366819538752992","0.0366819538752992","0.0366819538752992"
"1255","0.01979545705744219","0.01979545705744219","0.01979545705744219"
"1256","0.027438872604436775","0.027438872604436775","0.027438872604436775"
"1257","0.0816857397670539","0.0816857397670539","0.0816857397670539"
"1258","1.1088760276336485","1.1088760276336485","1.1088760276336485"
"1259","0.0031329142336592093","0.0031329142336592093","0.0031329142336592093"
"1260","0.11770251849339415","0.11770251849339415","0.11770251849339415"
"1261","0.0000021082701726198435","0.0000021082701726198435","0.0000021082701726198435"
"1262","0.9965447853006761","0.9965447853006761","0.9965447853006761"
"1263","0.010656161941917631","0.010656161941917631","0.010656161941917631"
"1264","0.011906909801160787","0.011906909801160787","0.011906909801160787"
"1265","1.7683718795044805","1.7683718795044805","1.7683718795044805"
"1266","1.2739004324251988","1.2739004324251988","1.2739004324251988"
"1267","0.04910217545747815","0.04910217545747815","0.04910217545747815"
"1268","0.012128393895953967","0.012128393895953967","0.012128393895953967"
"1269","0.8435280372097163","0.8435280372097163","0.8435280372097163"
"1270","0.0003236302427189243","0.0003236302427189243","0.0003236302427189243"
"1271","0.000004704560077247423","0.000004704560077247423","0.000004704560077247423"
"1272","0.0013032047511298093","0.0013032047511298093","0.0013032047511298093"
"1273","0.011870685955322808","0.011870685955322808","0.011870685955322808"
"1274","0.09201398588196902","0.09201398588196902","0.09201398588196902"
"1275","0.061812574767325386","0.061812574767325386","0.061812574767325386"
"1276","0.07161588683614449","0.07161588683614449","0.07161588683614449"
"1277","0.0008415748483826625","0.0008415748483826625","0.0008415748483826625"
"1278","0.026763201139317353","0.026763201139317353","0.026763201139317353"
"1279","0.13346705021075722","0.13346705021075722","0.13346705021075722"
"1280","0.018740582657772713","0.018740582657772713","0.018740582657772713"
"1281","0.0020310002276534515","0.0020310002276534515","0.0020310002276534515"
"1282","0.002097340855705705","0.002097340855705705","0.002097340855705705"
"1283","0.0017143603491017378","0.0017143603491017378","0.0017143603491017378"
"1284","0.1111061884130452","0.1111061884130452","0.1111061884130452"
"1285","0.4229898679445455","0.4229898679445455","0.4229898679445455"
"1286","1.088051852319227","1.088051852319227","1.088051852319227"
"1287","0.004212149707100509","0.004212149707100509","0.004212149707100509"
"1288","3.997243587212808e-7","3.997243587212808e-7","3.997243587212808e-7"
"1289","0.03800614504453307","0.03800614504453307","0.03800614504453307"
"1290","0.7012484239860979","0.7012484239860979","0.7012484239860979"
"1291","0.8102570474957261","0.8102570474957261","0.8102570474957261"
"1292","0.15835791653856496","0.15835791653856496","0.15835791653856496"
"1293","0.19300505768018084","0.19300505768018084","0.19300505768018084"
"1294","0.9104103703037539","0.9104103703037539","0.9104103703037539"
"1295","0.00006729768043322074","0.00006729768043322074","0.00006729768043322074"
"1296","0.056437708469066816","0.056437708469066816","0.056437708469066816"
"1297","0.00021601468120056188","0.00021601468120056188","0.00021601468120056188"
"1298","0.803215733804101","0.803215733804101","0.803215733804101"
"1299","0.11181721843629044","0.11181721843629044","0.11181721843629044"
"1300","4.81993476821654e-7","4.81993476821654e-7","4.81993476821654e-7"
"1301","0.0002787978800305617","0.0002787978800305617","0.0002787978800305617"
"1302","0.000003909201986811243","0.000003909201986811243","0.000003909201986811243"
"1303","0.0006030105586238619","0.0006030105586238619","0.0006030105586238619"
"1304","0.0016111054253309417","0.0016111054253309417","0.0016111054253309417"
"1305","0.00822550090594821","0.00822550090594821","0.00822550090594821"
"1306","0.3797484420207604","0.3797484420207604","0.3797484420207604"
"1307","0.9652225310036125","0.9652225310036125","0.9652225310036125"
"1308","0.06697609051104708","0.06697609051104708","0.06697609051104708"
"1309","0.026619563379099872","0.026619563379099872","0.026619563379099872"
"1310","0.1072234758404194","0.1072234758404194","0.1072234758404194"
"1311","0.008939311539318148","0.008939311539318148","0.008939311539318148"
"1312","0.00043018613330194743","0.00043018613330194743","0.00043018613330194743"
"1313","0.11909341743333143","0.11909341743333143","0.11909341743333143"
"1314","1.962503339167775e-7","1.962503339167775e-7","1.962503339167775e-7"
"1315","0.01069178384847759","0.01069178384847759","0.01069178384847759"
"1316","0.012787153285867058","0.012787153285867058","0.012787153285867058"
"1317","0.1469061185144788","0.1469061185144788","0.1469061185144788"
"1318","0.19017598606915034","0.19017598606915034","0.19017598606915034"
"1319","0.000005635121668923706","0.000005635121668923706","0.000005635121668923706"
"1320","0.0001421445531820886","0.0001421445531820886","0.0001421445531820886"
"1321","0.00016060867104137044","0.00016060867104137044","0.00016060867104137044"
"1322","0.006538561376647026","0.006538561376647026","0.006538561376647026"
"1323","0.3020861288814851","0.3020861288814851","0.3020861288814851"
"1324","0.4567179015532035","0.4567179015532035","0.4567179015532035"
"1325","0.9670486427904738","0.9670486427904738","0.9670486427904738"
"1326","0.11043817555034702","0.11043817555034702","0.11043817555034702"
"1327","0.650301100412091","0.650301100412091","0.650301100412091"
"1328","0.0011591198192249033","0.0011591198192249033","0.0011591198192249033"
"1329","1.6049129880639413e-7","1.6049129880639413e-7","1.6049129880639413e-7"
"1330","7.032658827948603e-7","7.032658827948603e-7","7.032658827948603e-7"
"1331","0.0008086206883327667","0.0008086206883327667","0.0008086206883327667"
"1332","0.5618302151118721","0.5618302151118721","0.5618302151118721"
"1333","0.16803503633731348","0.16803503633731348","0.16803503633731348"
"1334","1.3877300736038132","1.3877300736038132","1.3877300736038132"
"1335","0.007705697451667199","0.007705697451667199","0.007705697451667199"
"1336","0.0008390265995836235","0.0008390265995836235","0.0008390265995836235"
"1337","0.0033617566330418442","0.0033617566330418442","0.0033617566330418442"
"1338","0.0833226813868818","0.0833226813868818","0.0833226813868818"
"1339","0.6198364805992176","0.6198364805992176","0.6198364805992176"
"1340","0.3893168687841636","0.3893168687841636","0.3893168687841636"
"1341","0.014921639371026595","0.014921639371026595","0.014921639371026595"
"1342","0.583701334813421","0.583701334813421","0.583701334813421"
"1343","0.4160610739022474","0.4160610739022474","0.4160610739022474"
"1344","0.3251060281973034","0.3251060281973034","0.3251060281973034"
"1345","0.08354997795782836","0.08354997795782836","0.08354997795782836"
"1346","1.1513758643669132","1.1513758643669132","1.1513758643669132"
"1347","0.24974587482247768","0.24974587482247768","0.24974587482247768"
"1348","0.820628891212635","0.820628891212635","0.820628891212635"
"1349","0.15927044573512736","0.15927044573512736","0.15927044573512736"
"1350","0.09145038798617591","0.09145038798617591","0.09145038798617591"
"1351","9.69491311708871e-7","9.69491311708871e-7","9.69491311708871e-7"
"1352","0.14471311398874873","0.14471311398874873","0.14471311398874873"
"1353","0.3834910424775114","0.3834910424775114","0.3834910424775114"
"1354","0.5285202713274617","0.5285202713274617","0.5285202713274617"
"1355","0.00000432994849111923","0.00000432994849111923","0.00000432994849111923"
"1356","0.9880826369389479","0.9880826369389479","0.9880826369389479"
"1357","5.52055376988917e-7","5.52055376988917e-7","5.52055376988917e-7"
"1358","0.0003559196495148017","0.0003559196495148017","0.0003559196495148017"
"1359","1.3369064485514395","1.3369064485514395","1.3369064485514395"
"1360","1.5018199245331834","1.5018199245331834","1.5018199245331834"
"1361","1.0513208296438534","1.0513208296438534","1.0513208296438534"
"1362","6.465134355521402e-8","6.465134355521402e-8","6.465134355521402e-8"
"1363","0.000005250212865630072","0.000005250212865630072","0.000005250212865630072"
"1364","0.0003216887828063462","0.0003216887828063462","0.0003216887828063462"
"1365","0.00024077650897901765","0.00024077650897901765","0.00024077650897901765"
"1366","0.008717774371753802","0.008717774371753802","0.008717774371753802"
"1367","0.9383805107528504","0.9383805107528504","0.9383805107528504"
"1368","0.00014052792256217096","0.00014052792256217096","0.00014052792256217096"
"1369","0.1717686614494726","0.1717686614494726","0.1717686614494726"
"1370","0.4211894245683255","0.4211894245683255","0.4211894245683255"
"1371","0.00014256653209839017","0.00014256653209839017","0.00014256653209839017"
"1372","0.08734830079345891","0.08734830079345891","0.08734830079345891"
"1373","0.18230135194060088","0.18230135194060088","0.18230135194060088"
"1374","1.2179840571154754","1.2179840571154754","1.2179840571154754"
"1375","0.2796385448320755","0.2796385448320755","0.2796385448320755"
"1376","0.0019995677109793534","0.0019995677109793534","0.0019995677109793534"
"1377","0.00041034980718757585","0.00041034980718757585","0.00041034980718757585"
"1378","0.12019343996608133","0.12019343996608133","0.12019343996608133"
"1379","0.0007166997403622638","0.0007166997403622638","0.0007166997403622638"
"1380","0.07887058262736979","0.07887058262736979","0.07887058262736979"
"1381","0.011915445783824313","0.011915445783824313","0.011915445783824313"
"1382","0.4491733236294911","0.4491733236294911","0.4491733236294911"
"1383","0.7887498430834031","0.7887498430834031","0.7887498430834031"
"1384","0.19057689912614292","0.19057689912614292","0.19057689912614292"
"1385","1.3590614256182374","1.3590614256182374","1.3590614256182374"
"1386","0.7244723592193335","0.7244723592193335","0.7244723592193335"
"1387","0.1805797196141387","0.1805797196141387","0.1805797196141387"
"1388","1.0483290194494441","1.0483290194494441","1.0483290194494441"
"1389","1.5433279373189221","1.5433279373189221","1.5433279373189221"
"1390","1.5761062827295156","1.5761062827295156","1.5761062827295156"
"1391","0.8346324065764883","0.8346324065764883","0.8346324065764883"
"1392","0.6597333599116736","0.6597333599116736","0.6597333599116736"
"1393","0.004708137259176785","0.004708137259176785","0.004708137259176785"
"1394","0.0011815315603431742","0.0011815315603431742","0.0011815315603431742"
"1395","2.5430218320812825e-7","2.5430218320812825e-7","2.5430218320812825e-7"
"1396","0.00020034460961057077","0.00020034460961057077","0.00020034460961057077"
"1397","0.6182713094893778","0.6182713094893778","0.6182713094893778"
"1398","0.4774879023326032","0.4774879023326032","0.4774879023326032"
"1399","1.5267687597632476","1.5267687597632476","1.5267687597632476"
"1400","0.717888433387678","0.717888433387678","0.717888433387678"
"1401","0.00042650546944095284","0.00042650546944095284","0.00042650546944095284"
"1402","0.00011040723546837246","0.00011040723546837246","0.00011040723546837246"
"1403","1.38130703754204","1.38130703754204","1.38130703754204"
"1404","1.0374933385231582","1.0374933385231582","1.0374933385231582"
"1405","0.11105030480043047","0.11105030480043047","0.11105030480043047"
"1406","0.4773940428008948","0.4773940428008948","0.4773940428008948"
"1407","0.013448646931205975","0.013448646931205975","0.013448646931205975"
"1408","0.13709605612661332","0.13709605612661332","0.13709605612661332"
"1409","0.0005856679389590492","0.0005856679389590492","0.0005856679389590492"
"1410","1.926212912934793","1.926212912934793","1.926212912934793"
"1411","1.0394652915979512","1.0394652915979512","1.0394652915979512"
"1412","1.6028556043314626","1.6028556043314626","1.6028556043314626"
"1413","0.0003572395407818604","0.0003572395407818604","0.0003572395407818604"
"1414","0.0003148820109586907","0.0003148820109586907","0.0003148820109586907"
"1415","0.00017803443734787526","0.00017803443734787526","0.00017803443734787526"
"1416","0.27675185903300603","0.27675185903300603","0.27675185903300603"
"1417","0.08307926144241685","0.08307926144241685","0.08307926144241685"
"1418","0.6378687755508576","0.6378687755508576","0.6378687755508576"
"1419","0.31096168054022477","0.31096168054022477","0.31096168054022477"
"1420","0.9695006854351503","0.9695006854351503","0.9695006854351503"
"1421","0.5570569226285004","0.5570569226285004","0.5570569226285004"
"1422","0.02102385389014548","0.02102385389014548","0.02102385389014548"
"1423","0.007531474323692565","0.007531474323692565","0.007531474323692565"
"1424","0.06012987501345231","0.06012987501345231","0.06012987501345231"
"1425","0.0000727278142968642","0.0000727278142968642","0.0000727278142968642"
"1426","0.02383688408813963","0.02383688408813963","0.02383688408813963"
"1427","0.28262188488093","0.28262188488093","0.28262188488093"
"1428","0.26888281434060957","0.26888281434060957","0.26888281434060957"
"1429","1.2561624857805103","1.2561624857805103","1.2561624857805103"
"1430","0.4820509460252952","0.4820509460252952","0.4820509460252952"
"1431","0.2006198905167707","0.2006198905167707","0.2006198905167707"
"1432","0.6182634412831008","0.6182634412831008","0.6182634412831008"
"1433","0.09771497428192619","0.09771497428192619","0.09771497428192619"
"1434","0.9149797773545278","0.9149797773545278","0.9149797773545278"
"1435","1.1472023613784252","1.1472023613784252","1.1472023613784252"
"1436","1.0358226990526769","1.0358226990526769","1.0358226990526769"
"1437","0.31526963096602456","0.31526963096602456","0.31526963096602456"
"1438","0.00012287122252037673","0.00012287122252037673","0.00012287122252037673"
"1439","0.011495069127766135","0.011495069127766135","0.011495069127766135"
"1440","0.0000995806525754739","0.0000995806525754739","0.0000995806525754739"
"1441","0.025627258417597422","0.025627258417597422","0.025627258417597422"
"1442","0.00013808647011871532","0.00013808647011871532","0.00013808647011871532"
"1443","0.000009681465819440337","0.000009681465819440337","0.000009681465819440337"
"1444","0.005858408957303955","0.005858408957303955","0.005858408957303955"
"1445","0.07964614376589346","0.07964614376589346","0.07964614376589346"
"1446","1.4797036435628295","1.4797036435628295","1.4797036435628295"
"1447","0.19587549111874383","0.19587549111874383","0.19587549111874383"
"1448","0.0009269078867046364","0.0009269078867046364","0.0009269078867046364"
"1449","1.138802384744984","1.138802384744984","1.138802384744984"
"1450","0.016724651738093885","0.016724651738093885","0.016724651738093885"
"1451","0.018096379986917807","0.018096379986917807","0.018096379986917807"
"1452","0.0879077281099686","0.0879077281099686","0.0879077281099686"
"1453","0.000001075307839071648","0.000001075307839071648","0.000001075307839071648"
"1454","0.00670199192147279","0.00670199192147279","0.00670199192147279"
"1455","0.001723823089838957","0.001723823089838957","0.001723823089838957"
"1456","0.001616793617146783","0.001616793617146783","0.001616793617146783"
"1457","0.003884945659858101","0.003884945659858101","0.003884945659858101"
"1458","0.000013602445754782215","0.000013602445754782215","0.000013602445754782215"
"1459","0.009378436991549293","0.009378436991549293","0.009378436991549293"
"1460","0.009531648004793319","0.009531648004793319","0.009531648004793319"
"1461","0.18306895350706429","0.18306895350706429","0.18306895350706429"
"1462","0.18504232543872687","0.18504232543872687","0.18504232543872687"
"1463","0.3733230841932004","0.3733230841932004","0.3733230841932004"
"1464","0.3664870747910428","0.3664870747910428","0.3664870747910428"
"1465","0.000671274654751317","0.000671274654751317","0.000671274654751317"
"1466","0.006017355188869916","0.006017355188869916","0.006017355188869916"
"1467","0.029876028000897958","0.029876028000897958","0.029876028000897958"
"1468","0.67442815954067","0.67442815954067","0.67442815954067"
"1469","1.1926891068005498","1.1926891068005498","1.1926891068005498"
"1470","1.2323900978736733","1.2323900978736733","1.2323900978736733"
"1471","0.07098193728723282","0.07098193728723282","0.07098193728723282"
"1472","0.0008143348287028643","0.0008143348287028643","0.0008143348287028643"
"1473","0.07706037386125546","0.07706037386125546","0.07706037386125546"
"1474","0.8494943733421234","0.8494943733421234","0.8494943733421234"
"1475","1.1814985396742086","1.1814985396742086","1.1814985396742086"
"1476","1.301181610374939","1.301181610374939","1.301181610374939"
"1477","1.9546053567830832","1.9546053567830832","1.9546053567830832"
"1478","0.042343531375919584","0.042343531375919584","0.042343531375919584"
"1479","0.40976577795440244","0.40976577795440244","0.40976577795440244"
"1480","0.8376201751786025","0.8376201751786025","0.8376201751786025"
"1481","0.16255945269914338","0.16255945269914338","0.16255945269914338"
"1482","0.000001472631462837769","0.000001472631462837769","0.000001472631462837769"
"1483","0.019360320796542384","0.019360320796542384","0.019360320796542384"
"1484","0.00035157570197810403","0.00035157570197810403","0.00035157570197810403"
"1485","0.9281383419546922","0.9281383419546922","0.9281383419546922"
"1486","0.8375119120998844","0.8375119120998844","0.8375119120998844"
"1487","0.32140629441627994","0.32140629441627994","0.32140629441627994"
"1488","0.10181420226307258","0.10181420226307258","0.10181420226307258"
"1489","0.18477508589711744","0.18477508589711744","0.18477508589711744"
"1490","0.1391947174194295","0.1391947174194295","0.1391947174194295"
"1491","0.10925235517264795","0.10925235517264795","0.10925235517264795"
"1492","0.022393568060894063","0.022393568060894063","0.022393568060894063"
"1493","0.6312436598743205","0.6312436598743205","0.6312436598743205"
"1494","0.3872349328041439","0.3872349328041439","0.3872349328041439"
"1495","0.6908855233670339","0.6908855233670339","0.6908855233670339"
"1496","1.7236729006146332","1.7236729006146332","1.7236729006146332"
"1497","1.0573407383720044","1.0573407383720044","1.0573407383720044"
"1498","0.1443705352971457","0.1443705352971457","0.1443705352971457"
"1499","1.3016438137491326","1.3016438137491326","1.3016438137491326"
"1500","0.5221222157457261","0.5221222157457261","0.5221222157457261"
"1501","0.8203918131284207","0.8203918131284207","0.8203918131284207"
"1502","0.6395637075707733","0.6395637075707733","0.6395637075707733"
"1503","0.007377203198639706","0.007377203198639706","0.007377203198639706"
"1504","0.0000059011094394695105","0.0000059011094394695105","0.0000059011094394695105"
"1505","0.017137443690526125","0.017137443690526125","0.017137443690526125"
"1506","0.871085591279393","0.871085591279393","0.871085591279393"
"1507","0.5314841773367686","0.5314841773367686","0.5314841773367686"
"1508","0.6548405394859521","0.6548405394859521","0.6548405394859521"
"1509","0.08677732376705223","0.08677732376705223","0.08677732376705223"
"1510","0.0010534081803901464","0.0010534081803901464","0.0010534081803901464"
"1511","0.000002050369607067191","0.000002050369607067191","0.000002050369607067191"