run_id,run_name,env_type,planning_steps,planning_percentage,planning_mode,seed,episode_length,final_reward,reward_per_step
cunlo865,BigFish_5_roll_0_inner_0.05_pct_1_max_reward_seed_0_time_2026-03-31_16-15-48,BigFish,5,0.05,reward,0,243.0,1.0,0.00411522633744856
oc86xg78,BigFish_5_roll_0_inner_0.05_pct_1_max_reward_seed_1_time_2026-03-31_16-16-27,BigFish,5,0.05,reward,1,48.0,0.0,0.0
c0kiblr4,BigFish_5_roll_0_inner_0.05_pct_1_max_reward_seed_2_time_2026-03-31_16-16-41,BigFish,5,0.05,reward,2,57.0,0.0,0.0
f4lnnc6w,BigFish_5_roll_0_inner_0.05_pct_1_max_reward_seed_3_time_2026-04-02_19-34-33,BigFish,5,0.05,reward,3,86.0,0.0,0.0
itxm3zgf,BigFish_5_roll_0_inner_0.05_pct_1_max_reward_seed_4_time_2026-04-02_19-34-46,BigFish,5,0.05,reward,4,218.0,0.0,0.0
zjf5hfuq,BigFish_5_roll_0_inner_0.05_pct_1_max_reward_seed_5_time_2026-04-02_19-35-14,BigFish,5,0.05,reward,5,110.0,3.0,0.02727272727272727
6bm0j8il,BigFish_5_roll_0_inner_0.05_pct_1_max_reward_seed_6_time_2026-04-02_19-35-36,BigFish,5,0.05,reward,6,362.0,1.0,0.0027624309392265192
lmb33qyb,BigFish_5_roll_0_inner_0.05_pct_1_max_reward_seed_7_time_2026-04-02_19-36-08,BigFish,5,0.05,reward,7,175.0,0.0,0.0
t5xqourk,BigFish_5_roll_0_inner_0.05_pct_1_max_reward_seed_8_time_2026-04-02_19-36-33,BigFish,5,0.05,reward,8,72.0,0.0,0.0
ebfehnpz,BigFish_5_roll_0_inner_0.05_pct_1_max_reward_seed_9_time_2026-04-02_19-36-48,BigFish,5,0.05,reward,9,136.0,1.0,0.007352941176470588
8t75t82f,BigFish_5_roll_0_inner_0.05_pct_1_max_value_seed_0_time_2026-03-31_16-14-40,BigFish,5,0.05,value,0,339.0,2.0,0.0058997050147492625
aojftr13,BigFish_5_roll_0_inner_0.05_pct_1_max_value_seed_1_time_2026-03-31_16-15-24,BigFish,5,0.05,value,1,48.0,0.0,0.0
3swc0m8c,BigFish_5_roll_0_inner_0.05_pct_1_max_value_seed_2_time_2026-03-31_16-15-36,BigFish,5,0.05,value,2,59.0,0.0,0.0
l4v015xk,BigFish_5_roll_0_inner_0.05_pct_1_max_value_seed_3_time_2026-04-02_19-32-18,BigFish,5,0.05,value,3,85.0,0.0,0.0
krlkdhzt,BigFish_5_roll_0_inner_0.05_pct_1_max_value_seed_4_time_2026-04-02_19-32-31,BigFish,5,0.05,value,4,117.0,1.0,0.008547008547008548
uic5arxz,BigFish_5_roll_0_inner_0.05_pct_1_max_value_seed_5_time_2026-04-02_19-32-49,BigFish,5,0.05,value,5,117.0,3.0,0.02564102564102564
8bs3ve1y,BigFish_5_roll_0_inner_0.05_pct_1_max_value_seed_6_time_2026-04-02_19-33-06,BigFish,5,0.05,value,6,361.0,1.0,0.002770083102493075
3pb8bcz6,BigFish_5_roll_0_inner_0.05_pct_1_max_value_seed_7_time_2026-04-02_19-33-38,BigFish,5,0.05,value,7,178.0,0.0,0.0
8akkqj16,BigFish_5_roll_0_inner_0.05_pct_1_max_value_seed_8_time_2026-04-02_19-34-04,BigFish,5,0.05,value,8,72.0,0.0,0.0
wi8yq8y3,BigFish_5_roll_0_inner_0.05_pct_1_max_value_seed_9_time_2026-04-02_19-34-19,BigFish,5,0.05,value,9,78.0,1.0,0.01282051282051282
dln4wmje,BigFish_5_roll_0_inner_0.1_pct_1_max_reward_seed_0_time_2026-03-31_16-18-32,BigFish,5,0.1,reward,0,251.0,1.0,0.00398406374501992
ogjqe4za,BigFish_5_roll_0_inner_0.1_pct_1_max_reward_seed_1_time_2026-03-31_16-19-17,BigFish,5,0.1,reward,1,47.0,0.0,0.0
8dpx7i0s,BigFish_5_roll_0_inner_0.1_pct_1_max_reward_seed_2_time_2026-03-31_16-19-30,BigFish,5,0.1,reward,2,50.0,0.0,0.0
am1jtpgd,BigFish_5_roll_0_inner_0.1_pct_1_max_reward_seed_3_time_2026-04-02_19-40-30,BigFish,5,0.1,reward,3,84.0,1.0,0.011904761904761904
fyr0c9gu,BigFish_5_roll_0_inner_0.1_pct_1_max_reward_seed_4_time_2026-04-02_19-40-47,BigFish,5,0.1,reward,4,217.0,0.0,0.0
5zwoftnc,BigFish_5_roll_0_inner_0.1_pct_1_max_reward_seed_5_time_2026-04-02_19-41-35,BigFish,5,0.1,reward,5,110.0,3.0,0.02727272727272727
nyxhwzuj,BigFish_5_roll_0_inner_0.1_pct_1_max_reward_seed_6_time_2026-04-02_19-41-59,BigFish,5,0.1,reward,6,370.0,0.0,0.0
23lbbhxv,BigFish_5_roll_0_inner_0.1_pct_1_max_reward_seed_7_time_2026-04-02_19-43-16,BigFish,5,0.1,reward,7,72.0,0.0,0.0
imcbo4uz,BigFish_5_roll_0_inner_0.1_pct_1_max_reward_seed_8_time_2026-04-02_19-43-32,BigFish,5,0.1,reward,8,70.0,0.0,0.0
nznorno2,BigFish_5_roll_0_inner_0.1_pct_1_max_reward_seed_9_time_2026-04-02_19-43-48,BigFish,5,0.1,reward,9,142.0,3.0,0.02112676056338028
apv6jl1d,BigFish_5_roll_0_inner_0.1_pct_1_max_value_seed_0_time_2026-03-31_16-16-56,BigFish,5,0.1,value,0,280.0,2.0,0.007142857142857143
0vths69n,BigFish_5_roll_0_inner_0.1_pct_1_max_value_seed_1_time_2026-03-31_16-18-07,BigFish,5,0.1,value,1,47.0,0.0,0.0
qnxyuepd,BigFish_5_roll_0_inner_0.1_pct_1_max_value_seed_2_time_2026-03-31_16-18-20,BigFish,5,0.1,value,2,59.0,0.0,0.0
ydmqkg1q,BigFish_5_roll_0_inner_0.1_pct_1_max_value_seed_3_time_2026-04-02_19-37-20,BigFish,5,0.1,value,3,83.0,0.0,0.0
6s981s1o,BigFish_5_roll_0_inner_0.1_pct_1_max_value_seed_4_time_2026-04-02_19-37-40,BigFish,5,0.1,value,4,115.0,1.0,0.008695652173913044
sl6kw68z,BigFish_5_roll_0_inner_0.1_pct_1_max_value_seed_5_time_2026-04-02_19-38-01,BigFish,5,0.1,value,5,112.0,1.0,0.008928571428571428
jb8h5fch,BigFish_5_roll_0_inner_0.1_pct_1_max_value_seed_6_time_2026-04-02_19-38-25,BigFish,5,0.1,value,6,362.0,1.0,0.0027624309392265192
apew2ors,BigFish_5_roll_0_inner_0.1_pct_1_max_value_seed_7_time_2026-04-02_19-39-31,BigFish,5,0.1,value,7,72.0,0.0,0.0
bymdsg9b,BigFish_5_roll_0_inner_0.1_pct_1_max_value_seed_8_time_2026-04-02_19-39-47,BigFish,5,0.1,value,8,72.0,0.0,0.0
y27xvpsq,BigFish_5_roll_0_inner_0.1_pct_1_max_value_seed_9_time_2026-04-02_19-40-04,BigFish,5,0.1,value,9,86.0,1.0,0.011627906976744186
t1no7l2s,BigFish_5_roll_0_inner_0.2_pct_1_max_reward_seed_0_time_2026-03-31_16-22-11,BigFish,5,0.2,reward,0,244.0,1.0,0.004098360655737705
w02gypmp,BigFish_5_roll_0_inner_0.2_pct_1_max_reward_seed_1_time_2026-03-31_16-23-30,BigFish,5,0.2,reward,1,47.0,0.0,0.0
52a7x9qe,BigFish_5_roll_0_inner_0.2_pct_1_max_reward_seed_2_time_2026-03-31_16-23-50,BigFish,5,0.2,reward,2,65.0,0.0,0.0
q0ujdlpf,BigFish_5_roll_0_inner_0.2_pct_1_max_reward_seed_3_time_2026-04-02_19-48-18,BigFish,5,0.2,reward,3,86.0,0.0,0.0
m3vksfsx,BigFish_5_roll_0_inner_0.2_pct_1_max_reward_seed_4_time_2026-04-02_19-48-53,BigFish,5,0.2,reward,4,219.0,0.0,0.0
0upilblm,BigFish_5_roll_0_inner_0.2_pct_1_max_reward_seed_5_time_2026-04-02_19-49-45,BigFish,5,0.2,reward,5,115.0,2.0,0.017391304347826087
ts4q7651,BigFish_5_roll_0_inner_0.2_pct_1_max_reward_seed_6_time_2026-04-02_19-50-21,BigFish,5,0.2,reward,6,345.0,0.0,0.0
rx18ejyc,BigFish_5_roll_0_inner_0.2_pct_1_max_reward_seed_7_time_2026-04-02_19-51-54,BigFish,5,0.2,reward,7,63.0,0.0,0.0
3glnw4st,BigFish_5_roll_0_inner_0.2_pct_1_max_reward_seed_8_time_2026-04-02_19-52-20,BigFish,5,0.2,reward,8,66.0,0.0,0.0
3b81x624,BigFish_5_roll_0_inner_0.2_pct_1_max_reward_seed_9_time_2026-04-02_19-52-50,BigFish,5,0.2,reward,9,74.0,1.0,0.013513513513513514
zz6jtw29,BigFish_5_roll_0_inner_0.2_pct_1_max_value_seed_0_time_2026-03-31_16-19-48,BigFish,5,0.2,value,0,251.0,1.0,0.00398406374501992
99k4stta,BigFish_5_roll_0_inner_0.2_pct_1_max_value_seed_1_time_2026-03-31_16-21-13,BigFish,5,0.2,value,1,47.0,0.0,0.0
qnopy9xv,BigFish_5_roll_0_inner_0.2_pct_1_max_value_seed_2_time_2026-03-31_16-21-46,BigFish,5,0.2,value,2,48.0,0.0,0.0
q1w4g9tv,BigFish_5_roll_0_inner_0.2_pct_1_max_value_seed_3_time_2026-04-02_19-44-15,BigFish,5,0.2,value,3,85.0,0.0,0.0
087t8nos,BigFish_5_roll_0_inner_0.2_pct_1_max_value_seed_4_time_2026-04-02_19-44-43,BigFish,5,0.2,value,4,118.0,1.0,0.00847457627118644
a6koprx1,BigFish_5_roll_0_inner_0.2_pct_1_max_value_seed_5_time_2026-04-02_19-45-28,BigFish,5,0.2,value,5,117.0,3.0,0.02564102564102564
vmmk7ltw,BigFish_5_roll_0_inner_0.2_pct_1_max_value_seed_6_time_2026-04-02_19-45-59,BigFish,5,0.2,value,6,128.0,1.0,0.0078125
rr7vftll,BigFish_5_roll_0_inner_0.2_pct_1_max_value_seed_7_time_2026-04-02_19-46-31,BigFish,5,0.2,value,7,63.0,0.0,0.0
76lmjozz,BigFish_5_roll_0_inner_0.2_pct_1_max_value_seed_8_time_2026-04-02_19-46-57,BigFish,5,0.2,value,8,69.0,0.0,0.0
spciplu4,BigFish_5_roll_0_inner_0.2_pct_1_max_value_seed_9_time_2026-04-02_19-47-24,BigFish,5,0.2,value,9,215.0,2.0,0.009302325581395349
cp5v7hov,BigFish_5_roll_0_inner_0.5_pct_1_max_reward_seed_0_time_2026-03-31_16-27-34,BigFish,5,0.5,reward,0,229.0,1.0,0.004366812227074236
7e4a7vai,BigFish_5_roll_0_inner_0.5_pct_1_max_reward_seed_1_time_2026-03-31_16-29-46,BigFish,5,0.5,reward,1,56.0,0.0,0.0
sj28fw4i,BigFish_5_roll_0_inner_0.5_pct_1_max_reward_seed_2_time_2026-03-31_16-30-23,BigFish,5,0.5,reward,2,57.0,0.0,0.0
0t2qhvu3,BigFish_5_roll_0_inner_0.5_pct_1_max_reward_seed_3_time_2026-04-02_20-01-04,BigFish,5,0.5,reward,3,86.0,1.0,0.011627906976744186
o1u4fe94,BigFish_5_roll_0_inner_0.5_pct_1_max_reward_seed_4_time_2026-04-02_20-01-54,BigFish,5,0.5,reward,4,226.0,0.0,0.0
kxm0q27j,BigFish_5_roll_0_inner_0.5_pct_1_max_reward_seed_5_time_2026-04-02_20-03-56,BigFish,5,0.5,reward,5,116.0,3.0,0.02586206896551724
jxv57jbm,BigFish_5_roll_0_inner_0.5_pct_1_max_reward_seed_6_time_2026-04-02_20-04-49,BigFish,5,0.5,reward,6,117.0,1.0,0.008547008547008548
he7gf8p2,BigFish_5_roll_0_inner_0.5_pct_1_max_reward_seed_7_time_2026-04-02_20-05-55,BigFish,5,0.5,reward,7,191.0,0.0,0.0
kdh29u6z,BigFish_5_roll_0_inner_0.5_pct_1_max_reward_seed_8_time_2026-04-02_20-07-41,BigFish,5,0.5,reward,8,80.0,0.0,0.0
3k5hvk50,BigFish_5_roll_0_inner_0.5_pct_1_max_reward_seed_9_time_2026-04-02_20-08-24,BigFish,5,0.5,reward,9,118.0,2.0,0.01694915254237288
ttbkwiyk,BigFish_5_roll_0_inner_0.5_pct_1_max_value_seed_0_time_2026-03-31_16-24-21,BigFish,5,0.5,value,0,230.0,1.0,0.004347826086956522
n0lsjboh,BigFish_5_roll_0_inner_0.5_pct_1_max_value_seed_1_time_2026-03-31_16-26-22,BigFish,5,0.5,value,1,56.0,0.0,0.0
xq9jfnk5,BigFish_5_roll_0_inner_0.5_pct_1_max_value_seed_2_time_2026-03-31_16-26-59,BigFish,5,0.5,value,2,53.0,0.0,0.0
8tiumdga,BigFish_5_roll_0_inner_0.5_pct_1_max_value_seed_3_time_2026-04-02_19-53-17,BigFish,5,0.5,value,3,78.0,1.0,0.01282051282051282
cen77sf3,BigFish_5_roll_0_inner_0.5_pct_1_max_value_seed_4_time_2026-04-02_19-54-03,BigFish,5,0.5,value,4,142.0,1.0,0.007042253521126761
bgb9k983,BigFish_5_roll_0_inner_0.5_pct_1_max_value_seed_5_time_2026-04-02_19-55-25,BigFish,5,0.5,value,5,120.0,3.0,0.025
c0q4wz7h,BigFish_5_roll_0_inner_0.5_pct_1_max_value_seed_6_time_2026-04-02_19-56-23,BigFish,5,0.5,value,6,140.0,0.0,0.0
w9ch4fmc,BigFish_5_roll_0_inner_0.5_pct_1_max_value_seed_7_time_2026-04-02_19-57-35,BigFish,5,0.5,value,7,200.0,0.0,0.0
btibckmx,BigFish_5_roll_0_inner_0.5_pct_1_max_value_seed_8_time_2026-04-02_19-59-24,BigFish,5,0.5,value,8,81.0,0.0,0.0
5oz1757m,BigFish_5_roll_0_inner_0.5_pct_1_max_value_seed_9_time_2026-04-02_20-00-02,BigFish,5,0.5,value,9,119.0,2.0,0.01680672268907563
m9epycz5,BigFish_5_roll_0_inner_1_pct_1_max_reward_seed_0_time_2026-04-11_21-01-11,BigFish,5,1.0,reward,0,236.0,1.0,0.00423728813559322
fwujffuj,BigFish_5_roll_0_inner_1_pct_1_max_reward_seed_1_time_2026-04-11_21-07-25,BigFish,5,1.0,reward,1,53.0,0.0,0.0
yevfgg9t,BigFish_5_roll_0_inner_1_pct_1_max_reward_seed_2_time_2026-04-11_21-08-51,BigFish,5,1.0,reward,2,44.0,0.0,0.0
mxzf1uch,BigFish_5_roll_0_inner_1_pct_1_max_reward_seed_3_time_2026-04-11_21-10-03,BigFish,5,1.0,reward,3,88.0,0.0,0.0
isw9i902,BigFish_5_roll_0_inner_1_pct_1_max_reward_seed_4_time_2026-04-11_21-12-24,BigFish,5,1.0,reward,4,124.0,1.0,0.008064516129032258
9x16opo4,BigFish_5_roll_0_inner_1_pct_1_max_reward_seed_5_time_2026-04-11_21-15-39,BigFish,5,1.0,reward,5,121.0,3.0,0.024793388429752067
c5517deo,BigFish_5_roll_0_inner_1_pct_1_max_reward_seed_6_time_2026-04-11_21-18-50,BigFish,5,1.0,reward,6,98.0,1.0,0.01020408163265306
2q02zdrm,BigFish_5_roll_0_inner_1_pct_1_max_reward_seed_7_time_2026-04-11_21-21-27,BigFish,5,1.0,reward,7,63.0,0.0,0.0
tvu85ri4,BigFish_5_roll_0_inner_1_pct_1_max_reward_seed_8_time_2026-04-11_21-23-09,BigFish,5,1.0,reward,8,72.0,0.0,0.0
9ywnmtxl,BigFish_5_roll_0_inner_1_pct_1_max_reward_seed_9_time_2026-04-11_21-25-06,BigFish,5,1.0,reward,9,125.0,2.0,0.016
p8esgsdo,BigFish_5_roll_0_inner_1_pct_1_max_value_seed_0_time_2026-04-11_20-34-38,BigFish,5,1.0,value,0,278.0,3.0,0.01079136690647482
vgwsj5rl,BigFish_5_roll_0_inner_1_pct_1_max_value_seed_1_time_2026-04-11_20-41-56,BigFish,5,1.0,value,1,48.0,0.0,0.0
w36hrrey,BigFish_5_roll_0_inner_1_pct_1_max_value_seed_2_time_2026-04-11_20-43-14,BigFish,5,1.0,value,2,55.0,0.0,0.0
vxykwlxo,BigFish_5_roll_0_inner_1_pct_1_max_value_seed_3_time_2026-04-11_20-44-45,BigFish,5,1.0,value,3,88.0,0.0,0.0
qvxzffps,BigFish_5_roll_0_inner_1_pct_1_max_value_seed_4_time_2026-04-11_20-47-04,BigFish,5,1.0,value,4,113.0,0.0,0.0
9asd8fvf,BigFish_5_roll_0_inner_1_pct_1_max_value_seed_5_time_2026-04-11_20-50-04,BigFish,5,1.0,value,5,106.0,2.0,0.018867924528301886
jv3lppz6,BigFish_5_roll_0_inner_1_pct_1_max_value_seed_6_time_2026-04-11_20-52-53,BigFish,5,1.0,value,6,97.0,2.0,0.020618556701030927
xblwqx4o,BigFish_5_roll_0_inner_1_pct_1_max_value_seed_7_time_2026-04-11_20-55-27,BigFish,5,1.0,value,7,64.0,0.0,0.0
cyx55o62,BigFish_5_roll_0_inner_1_pct_1_max_value_seed_8_time_2026-04-11_20-57-10,BigFish,5,1.0,value,8,76.0,0.0,0.0
3sf70dxa,BigFish_5_roll_0_inner_1_pct_1_max_value_seed_9_time_2026-04-11_20-59-13,BigFish,5,1.0,value,9,73.0,0.0,0.0
uukrmpxo,BigFish_10_roll_0_inner_0.05_pct_1_max_reward_seed_0_time_2026-03-31_16-32-28,BigFish,10,0.05,reward,0,246.0,1.0,0.0040650406504065045
yxcb7gs6,BigFish_10_roll_0_inner_0.05_pct_1_max_reward_seed_1_time_2026-03-31_16-33-10,BigFish,10,0.05,reward,1,46.0,0.0,0.0
l5b9kkbm,BigFish_10_roll_0_inner_0.05_pct_1_max_reward_seed_2_time_2026-03-31_16-33-23,BigFish,10,0.05,reward,2,59.0,0.0,0.0
eor4a1jl,BigFish_10_roll_0_inner_0.05_pct_1_max_reward_seed_3_time_2026-04-02_20-12-19,BigFish,10,0.05,reward,3,86.0,0.0,0.0
m3zvu2vv,BigFish_10_roll_0_inner_0.05_pct_1_max_reward_seed_4_time_2026-04-02_20-12-33,BigFish,10,0.05,reward,4,224.0,0.0,0.0
glmcad57,BigFish_10_roll_0_inner_0.05_pct_1_max_reward_seed_5_time_2026-04-02_20-13-14,BigFish,10,0.05,reward,5,115.0,3.0,0.02608695652173913
0a08b69x,BigFish_10_roll_0_inner_0.05_pct_1_max_reward_seed_6_time_2026-04-02_20-13-36,BigFish,10,0.05,reward,6,364.0,1.0,0.0027472527472527475
rirw6gkm,BigFish_10_roll_0_inner_0.05_pct_1_max_reward_seed_7_time_2026-04-02_20-14-18,BigFish,10,0.05,reward,7,72.0,0.0,0.0
1xgg3qq2,BigFish_10_roll_0_inner_0.05_pct_1_max_reward_seed_8_time_2026-04-02_20-14-44,BigFish,10,0.05,reward,8,73.0,0.0,0.0
bdu7t32l,BigFish_10_roll_0_inner_0.05_pct_1_max_reward_seed_9_time_2026-04-02_20-15-00,BigFish,10,0.05,reward,9,140.0,2.0,0.014285714285714285
dzvzbnxp,BigFish_10_roll_0_inner_0.05_pct_1_max_value_seed_0_time_2026-03-31_16-31-00,BigFish,10,0.05,value,0,243.0,1.0,0.00411522633744856
1q8nbpeo,BigFish_10_roll_0_inner_0.05_pct_1_max_value_seed_1_time_2026-03-31_16-31-59,BigFish,10,0.05,value,1,46.0,0.0,0.0
82tywztc,BigFish_10_roll_0_inner_0.05_pct_1_max_value_seed_2_time_2026-03-31_16-32-12,BigFish,10,0.05,value,2,58.0,0.0,0.0
zrwsx7xs,BigFish_10_roll_0_inner_0.05_pct_1_max_value_seed_3_time_2026-04-02_20-09-21,BigFish,10,0.05,value,3,86.0,0.0,0.0
0i95w4i1,BigFish_10_roll_0_inner_0.05_pct_1_max_value_seed_4_time_2026-04-02_20-09-35,BigFish,10,0.05,value,4,117.0,1.0,0.008547008547008548
2f0ezd6j,BigFish_10_roll_0_inner_0.05_pct_1_max_value_seed_5_time_2026-04-02_20-09-59,BigFish,10,0.05,value,5,111.0,3.0,0.02702702702702703
s7thba6q,BigFish_10_roll_0_inner_0.05_pct_1_max_value_seed_6_time_2026-04-02_20-10-23,BigFish,10,0.05,value,6,356.0,1.0,0.0028089887640449437
lurtkl06,BigFish_10_roll_0_inner_0.05_pct_1_max_value_seed_7_time_2026-04-02_20-11-04,BigFish,10,0.05,value,7,72.0,0.0,0.0
glf1k1e3,BigFish_10_roll_0_inner_0.05_pct_1_max_value_seed_8_time_2026-04-02_20-11-31,BigFish,10,0.05,value,8,73.0,0.0,0.0
h1qir6ex,BigFish_10_roll_0_inner_0.05_pct_1_max_value_seed_9_time_2026-04-02_20-11-46,BigFish,10,0.05,value,9,142.0,2.0,0.014084507042253521
ao9oav4j,BigFish_10_roll_0_inner_0.1_pct_1_max_reward_seed_0_time_2026-03-31_16-35-19,BigFish,10,0.1,reward,0,248.0,1.0,0.004032258064516129
s0254pp8,BigFish_10_roll_0_inner_0.1_pct_1_max_reward_seed_1_time_2026-03-31_16-36-15,BigFish,10,0.1,reward,1,47.0,0.0,0.0
fno1nj7m,BigFish_10_roll_0_inner_0.1_pct_1_max_reward_seed_2_time_2026-03-31_16-36-31,BigFish,10,0.1,reward,2,57.0,0.0,0.0
qszb853m,BigFish_10_roll_0_inner_0.1_pct_1_max_reward_seed_3_time_2026-04-02_20-19-23,BigFish,10,0.1,reward,3,85.0,0.0,0.0
2uq5t1rs,BigFish_10_roll_0_inner_0.1_pct_1_max_reward_seed_4_time_2026-04-02_20-19-52,BigFish,10,0.1,reward,4,223.0,0.0,0.0
9qim7xc2,BigFish_10_roll_0_inner_0.1_pct_1_max_reward_seed_5_time_2026-04-02_20-20-50,BigFish,10,0.1,reward,5,115.0,3.0,0.02608695652173913
cbm0uuxu,BigFish_10_roll_0_inner_0.1_pct_1_max_reward_seed_6_time_2026-04-02_20-21-27,BigFish,10,0.1,reward,6,127.0,2.0,0.015748031496062992
c5o9xrk2,BigFish_10_roll_0_inner_0.1_pct_1_max_reward_seed_7_time_2026-04-02_20-22-03,BigFish,10,0.1,reward,7,183.0,0.0,0.0
vf33me7o,BigFish_10_roll_0_inner_0.1_pct_1_max_reward_seed_8_time_2026-04-02_20-22-53,BigFish,10,0.1,reward,8,72.0,0.0,0.0
1g8p3jto,BigFish_10_roll_0_inner_0.1_pct_1_max_reward_seed_9_time_2026-04-02_20-23-14,BigFish,10,0.1,reward,9,133.0,1.0,0.007518796992481203
d3uy3rt1,BigFish_10_roll_0_inner_0.1_pct_1_max_value_seed_0_time_2026-03-31_16-33-42,BigFish,10,0.1,value,0,245.0,1.0,0.004081632653061225
l5qok9c5,BigFish_10_roll_0_inner_0.1_pct_1_max_value_seed_1_time_2026-03-31_16-34-43,BigFish,10,0.1,value,1,47.0,0.0,0.0
7662yj7r,BigFish_10_roll_0_inner_0.1_pct_1_max_value_seed_2_time_2026-03-31_16-35-00,BigFish,10,0.1,value,2,57.0,0.0,0.0
9t0s9uxi,BigFish_10_roll_0_inner_0.1_pct_1_max_value_seed_3_time_2026-04-02_20-15-23,BigFish,10,0.1,value,3,86.0,1.0,0.011627906976744186
t4urjgmb,BigFish_10_roll_0_inner_0.1_pct_1_max_value_seed_4_time_2026-04-02_20-15-47,BigFish,10,0.1,value,4,118.0,1.0,0.00847457627118644
r6ohqi5z,BigFish_10_roll_0_inner_0.1_pct_1_max_value_seed_5_time_2026-04-02_20-16-28,BigFish,10,0.1,value,5,115.0,3.0,0.02608695652173913
kyww38hb,BigFish_10_roll_0_inner_0.1_pct_1_max_value_seed_6_time_2026-04-02_20-16-52,BigFish,10,0.1,value,6,99.0,2.0,0.020202020202020204
t8g0xjni,BigFish_10_roll_0_inner_0.1_pct_1_max_value_seed_7_time_2026-04-02_20-17-27,BigFish,10,0.1,value,7,186.0,0.0,0.0
rvzhnof9,BigFish_10_roll_0_inner_0.1_pct_1_max_value_seed_8_time_2026-04-02_20-18-17,BigFish,10,0.1,value,8,74.0,0.0,0.0
we0tyezm,BigFish_10_roll_0_inner_0.1_pct_1_max_value_seed_9_time_2026-04-02_20-18-38,BigFish,10,0.1,value,9,145.0,2.0,0.013793103448275862
gbh2yon5,BigFish_10_roll_0_inner_0.2_pct_1_max_reward_seed_0_time_2026-03-31_16-38-56,BigFish,10,0.2,reward,0,253.0,1.0,0.003952569169960474
unbgpnq3,BigFish_10_roll_0_inner_0.2_pct_1_max_reward_seed_1_time_2026-03-31_16-40-25,BigFish,10,0.2,reward,1,47.0,0.0,0.0
bxxcoch4,BigFish_10_roll_0_inner_0.2_pct_1_max_reward_seed_2_time_2026-03-31_16-40-42,BigFish,10,0.2,reward,2,59.0,0.0,0.0
ueuhlpfh,BigFish_10_roll_0_inner_0.2_pct_1_max_reward_seed_3_time_2026-04-02_20-29-44,BigFish,10,0.2,reward,3,81.0,0.0,0.0
oufxv7a3,BigFish_10_roll_0_inner_0.2_pct_1_max_reward_seed_4_time_2026-04-02_20-30-21,BigFish,10,0.2,reward,4,223.0,1.0,0.004484304932735426
ay3xlskb,BigFish_10_roll_0_inner_0.2_pct_1_max_reward_seed_5_time_2026-04-02_20-32-00,BigFish,10,0.2,reward,5,112.0,3.0,0.026785714285714284
iyfww5wr,BigFish_10_roll_0_inner_0.2_pct_1_max_reward_seed_6_time_2026-04-02_20-32-39,BigFish,10,0.2,reward,6,127.0,1.0,0.007874015748031496
6nl4jdh3,BigFish_10_roll_0_inner_0.2_pct_1_max_reward_seed_7_time_2026-04-02_20-33-35,BigFish,10,0.2,reward,7,70.0,0.0,0.0
faweb7jf,BigFish_10_roll_0_inner_0.2_pct_1_max_reward_seed_8_time_2026-04-02_20-34-14,BigFish,10,0.2,reward,8,69.0,0.0,0.0
jzgasbel,BigFish_10_roll_0_inner_0.2_pct_1_max_reward_seed_9_time_2026-04-02_20-34-44,BigFish,10,0.2,reward,9,91.0,1.0,0.01098901098901099
93xss0wr,BigFish_10_roll_0_inner_0.2_pct_1_max_value_seed_0_time_2026-03-31_16-36-47,BigFish,10,0.2,value,0,251.0,1.0,0.00398406374501992
ixm5lmep,BigFish_10_roll_0_inner_0.2_pct_1_max_value_seed_1_time_2026-03-31_16-38-21,BigFish,10,0.2,value,1,47.0,0.0,0.0
eter3gtl,BigFish_10_roll_0_inner_0.2_pct_1_max_value_seed_2_time_2026-03-31_16-38-38,BigFish,10,0.2,value,2,55.0,0.0,0.0
dmev2kk6,BigFish_10_roll_0_inner_0.2_pct_1_max_value_seed_3_time_2026-04-02_20-24-02,BigFish,10,0.2,value,3,83.0,0.0,0.0
b3bggsnz,BigFish_10_roll_0_inner_0.2_pct_1_max_value_seed_4_time_2026-04-02_20-24-48,BigFish,10,0.2,value,4,123.0,1.0,0.008130081300813009
vhlfy695,BigFish_10_roll_0_inner_0.2_pct_1_max_value_seed_5_time_2026-04-02_20-25-32,BigFish,10,0.2,value,5,108.0,3.0,0.027777777777777776
44tjnz9t,BigFish_10_roll_0_inner_0.2_pct_1_max_value_seed_6_time_2026-04-02_20-26-18,BigFish,10,0.2,value,6,116.0,1.0,0.008620689655172414
d4f1caxr,BigFish_10_roll_0_inner_0.2_pct_1_max_value_seed_7_time_2026-04-02_20-26-53,BigFish,10,0.2,value,7,175.0,0.0,0.0
v87y4dt7,BigFish_10_roll_0_inner_0.2_pct_1_max_value_seed_8_time_2026-04-02_20-27-58,BigFish,10,0.2,value,8,70.0,0.0,0.0
a16tyisi,BigFish_10_roll_0_inner_0.2_pct_1_max_value_seed_9_time_2026-04-02_20-28-25,BigFish,10,0.2,value,9,154.0,2.0,0.012987012987012988
n6g1ffce,BigFish_10_roll_0_inner_0.5_pct_1_max_reward_seed_0_time_2026-03-31_16-43-26,BigFish,10,0.5,reward,0,80.0,0.0,0.0
kwb00uxz,BigFish_10_roll_0_inner_0.5_pct_1_max_reward_seed_1_time_2026-03-31_16-44-25,BigFish,10,0.5,reward,1,56.0,0.0,0.0
oxlwen8v,BigFish_10_roll_0_inner_0.5_pct_1_max_reward_seed_2_time_2026-03-31_16-45-07,BigFish,10,0.5,reward,2,44.0,0.0,0.0
e0pp4433,BigFish_10_roll_0_inner_0.5_pct_1_max_reward_seed_3_time_2026-04-02_20-49-19,BigFish,10,0.5,reward,3,75.0,1.0,0.013333333333333334
58g8zcaz,BigFish_10_roll_0_inner_0.5_pct_1_max_reward_seed_4_time_2026-04-02_20-50-22,BigFish,10,0.5,reward,4,208.0,0.0,0.0
dip6lyi6,BigFish_10_roll_0_inner_0.5_pct_1_max_reward_seed_5_time_2026-04-02_20-52-46,BigFish,10,0.5,reward,5,119.0,3.0,0.025210084033613446
l0moyn2m,BigFish_10_roll_0_inner_0.5_pct_1_max_reward_seed_6_time_2026-04-02_20-54-07,BigFish,10,0.5,reward,6,399.0,1.0,0.002506265664160401
tbpca9ru,BigFish_10_roll_0_inner_0.5_pct_1_max_reward_seed_7_time_2026-04-02_20-58-28,BigFish,10,0.5,reward,7,200.0,0.0,0.0
h6e6nq97,BigFish_10_roll_0_inner_0.5_pct_1_max_reward_seed_8_time_2026-04-02_21-00-48,BigFish,10,0.5,reward,8,81.0,0.0,0.0
23fss8f7,BigFish_10_roll_0_inner_0.5_pct_1_max_reward_seed_9_time_2026-04-02_21-01-42,BigFish,10,0.5,reward,9,120.0,2.0,0.016666666666666666
obwmnpic,BigFish_10_roll_0_inner_0.5_pct_1_max_value_seed_0_time_2026-03-31_16-41-06,BigFish,10,0.5,value,0,80.0,0.0,0.0
je8rtkrq,BigFish_10_roll_0_inner_0.5_pct_1_max_value_seed_1_time_2026-03-31_16-42-05,BigFish,10,0.5,value,1,56.0,0.0,0.0
9btzah0s,BigFish_10_roll_0_inner_0.5_pct_1_max_value_seed_2_time_2026-03-31_16-42-47,BigFish,10,0.5,value,2,44.0,0.0,0.0
ga0ihpy6,BigFish_10_roll_0_inner_0.5_pct_1_max_value_seed_3_time_2026-04-02_20-35-30,BigFish,10,0.5,value,3,75.0,1.0,0.013333333333333334
mw9iuskm,BigFish_10_roll_0_inner_0.5_pct_1_max_value_seed_4_time_2026-04-02_20-36-32,BigFish,10,0.5,value,4,208.0,0.0,0.0
hy88y2mc,BigFish_10_roll_0_inner_0.5_pct_1_max_value_seed_5_time_2026-04-02_20-38-58,BigFish,10,0.5,value,5,119.0,3.0,0.025210084033613446
15v18b77,BigFish_10_roll_0_inner_0.5_pct_1_max_value_seed_6_time_2026-04-02_20-40-21,BigFish,10,0.5,value,6,399.0,1.0,0.002506265664160401
uyqw29mu,BigFish_10_roll_0_inner_0.5_pct_1_max_value_seed_7_time_2026-04-02_20-44-45,BigFish,10,0.5,value,7,200.0,0.0,0.0
wg93zg6x,BigFish_10_roll_0_inner_0.5_pct_1_max_value_seed_8_time_2026-04-02_20-47-06,BigFish,10,0.5,value,8,81.0,0.0,0.0
5bpny64w,BigFish_10_roll_0_inner_0.5_pct_1_max_value_seed_9_time_2026-04-02_20-48-00,BigFish,10,0.5,value,9,120.0,2.0,0.016666666666666666
gjm5u4vr,BossFight_5_roll_0_inner_0.05_pct_1_max_reward_seed_0_time_2026-04-01_04-23-57,BossFight,5,0.05,reward,0,37.0,0.0,0.0
98reyyl5,BossFight_5_roll_0_inner_0.05_pct_1_max_reward_seed_1_time_2026-04-01_04-24-11,BossFight,5,0.05,reward,1,96.0,0.0,0.0
qv1omm2t,BossFight_5_roll_0_inner_0.05_pct_1_max_reward_seed_2_time_2026-04-01_04-24-32,BossFight,5,0.05,reward,2,24.0,0.0,0.0
7l1qp5qc,BossFight_5_roll_0_inner_0.05_pct_1_max_reward_seed_3_time_2026-04-04_00-22-09,BossFight,5,0.05,reward,3,60.0,0.0,0.0
bw5vz8ou,BossFight_5_roll_0_inner_0.05_pct_1_max_reward_seed_4_time_2026-04-04_00-22-23,BossFight,5,0.05,reward,4,58.0,0.0,0.0
wiful4ec,BossFight_5_roll_0_inner_0.05_pct_1_max_reward_seed_5_time_2026-04-04_00-22-35,BossFight,5,0.05,reward,5,23.0,0.0,0.0
f9hmv0qs,BossFight_5_roll_0_inner_0.05_pct_1_max_reward_seed_6_time_2026-04-04_00-22-46,BossFight,5,0.05,reward,6,51.0,0.0,0.0
e3o49way,BossFight_5_roll_0_inner_0.05_pct_1_max_reward_seed_7_time_2026-04-04_00-22-59,BossFight,5,0.05,reward,7,24.0,0.0,0.0
6xcckrsl,BossFight_5_roll_0_inner_0.05_pct_1_max_reward_seed_8_time_2026-04-04_00-23-09,BossFight,5,0.05,reward,8,21.0,0.0,0.0
e2ot3ugx,BossFight_5_roll_0_inner_0.05_pct_1_max_reward_seed_9_time_2026-04-04_00-23-20,BossFight,5,0.05,reward,9,11.0,0.0,0.0
d3d7qijh,BossFight_5_roll_0_inner_0.05_pct_1_max_value_seed_0_time_2026-04-01_04-23-09,BossFight,5,0.05,value,0,37.0,0.0,0.0
b3ws4anv,BossFight_5_roll_0_inner_0.05_pct_1_max_value_seed_1_time_2026-04-01_04-23-23,BossFight,5,0.05,value,1,96.0,0.0,0.0
bu0n7kjg,BossFight_5_roll_0_inner_0.05_pct_1_max_value_seed_2_time_2026-04-01_04-23-44,BossFight,5,0.05,value,2,24.0,0.0,0.0
swjd78h3,BossFight_5_roll_0_inner_0.05_pct_1_max_value_seed_3_time_2026-04-04_00-20-46,BossFight,5,0.05,value,3,60.0,0.0,0.0
tlbuw7ww,BossFight_5_roll_0_inner_0.05_pct_1_max_value_seed_4_time_2026-04-04_00-21-00,BossFight,5,0.05,value,4,58.0,0.0,0.0
ezztsxq6,BossFight_5_roll_0_inner_0.05_pct_1_max_value_seed_5_time_2026-04-04_00-21-14,BossFight,5,0.05,value,5,23.0,0.0,0.0
fmejsq5q,BossFight_5_roll_0_inner_0.05_pct_1_max_value_seed_6_time_2026-04-04_00-21-25,BossFight,5,0.05,value,6,51.0,0.0,0.0
e22tu4as,BossFight_5_roll_0_inner_0.05_pct_1_max_value_seed_7_time_2026-04-04_00-21-37,BossFight,5,0.05,value,7,24.0,0.0,0.0
z5wy8dmb,BossFight_5_roll_0_inner_0.05_pct_1_max_value_seed_8_time_2026-04-04_00-21-48,BossFight,5,0.05,value,8,21.0,0.0,0.0
hu5oftbn,BossFight_5_roll_0_inner_0.05_pct_1_max_value_seed_9_time_2026-04-04_00-21-59,BossFight,5,0.05,value,9,11.0,0.0,0.0
3cg36wv5,BossFight_5_roll_0_inner_0.1_pct_1_max_reward_seed_0_time_2026-04-01_04-25-30,BossFight,5,0.1,reward,0,42.0,0.0,0.0
mg4ylj6l,BossFight_5_roll_0_inner_0.1_pct_1_max_reward_seed_1_time_2026-04-01_04-25-46,BossFight,5,0.1,reward,1,57.0,0.0,0.0
yguy5wlg,BossFight_5_roll_0_inner_0.1_pct_1_max_reward_seed_2_time_2026-04-01_04-26-01,BossFight,5,0.1,reward,2,22.0,0.0,0.0
p7ncb0iv,BossFight_5_roll_0_inner_0.1_pct_1_max_reward_seed_3_time_2026-04-04_00-24-59,BossFight,5,0.1,reward,3,44.0,0.0,0.0
vj59nydw,BossFight_5_roll_0_inner_0.1_pct_1_max_reward_seed_4_time_2026-04-04_00-25-15,BossFight,5,0.1,reward,4,42.0,0.0,0.0
yaf2dt6z,BossFight_5_roll_0_inner_0.1_pct_1_max_reward_seed_5_time_2026-04-04_00-25-28,BossFight,5,0.1,reward,5,29.0,0.0,0.0
yux4iikj,BossFight_5_roll_0_inner_0.1_pct_1_max_reward_seed_6_time_2026-04-04_00-25-39,BossFight,5,0.1,reward,6,6.0,0.0,0.0
lrzl2cfj,BossFight_5_roll_0_inner_0.1_pct_1_max_reward_seed_7_time_2026-04-04_00-25-49,BossFight,5,0.1,reward,7,34.0,0.0,0.0
9k7rzjcp,BossFight_5_roll_0_inner_0.1_pct_1_max_reward_seed_8_time_2026-04-04_00-26-03,BossFight,5,0.1,reward,8,19.0,0.0,0.0
aolwbue2,BossFight_5_roll_0_inner_0.1_pct_1_max_reward_seed_9_time_2026-04-04_00-26-13,BossFight,5,0.1,reward,9,35.0,0.0,0.0
ud7x8me3,BossFight_5_roll_0_inner_0.1_pct_1_max_value_seed_0_time_2026-04-01_04-24-45,BossFight,5,0.1,value,0,42.0,0.0,0.0
nb924g6a,BossFight_5_roll_0_inner_0.1_pct_1_max_value_seed_1_time_2026-04-01_04-25-00,BossFight,5,0.1,value,1,57.0,0.0,0.0
pjd7o0oi,BossFight_5_roll_0_inner_0.1_pct_1_max_value_seed_2_time_2026-04-01_04-25-16,BossFight,5,0.1,value,2,22.0,0.0,0.0
gjtvc7he,BossFight_5_roll_0_inner_0.1_pct_1_max_value_seed_3_time_2026-04-04_00-23-30,BossFight,5,0.1,value,3,44.0,0.0,0.0
ly84bh07,BossFight_5_roll_0_inner_0.1_pct_1_max_value_seed_4_time_2026-04-04_00-23-47,BossFight,5,0.1,value,4,42.0,0.0,0.0
lgofu071,BossFight_5_roll_0_inner_0.1_pct_1_max_value_seed_5_time_2026-04-04_00-24-00,BossFight,5,0.1,value,5,29.0,0.0,0.0
fq4b5eic,BossFight_5_roll_0_inner_0.1_pct_1_max_value_seed_6_time_2026-04-04_00-24-12,BossFight,5,0.1,value,6,6.0,0.0,0.0
vgzh9y33,BossFight_5_roll_0_inner_0.1_pct_1_max_value_seed_7_time_2026-04-04_00-24-22,BossFight,5,0.1,value,7,34.0,0.0,0.0
lnj9jrpl,BossFight_5_roll_0_inner_0.1_pct_1_max_value_seed_8_time_2026-04-04_00-24-35,BossFight,5,0.1,value,8,19.0,0.0,0.0
0l704uss,BossFight_5_roll_0_inner_0.1_pct_1_max_value_seed_9_time_2026-04-04_00-24-46,BossFight,5,0.1,value,9,35.0,0.0,0.0
ltw47jlx,BossFight_5_roll_0_inner_0.2_pct_1_max_reward_seed_0_time_2026-04-01_04-26-54,BossFight,5,0.2,reward,0,23.0,0.0,0.0
9qj2ac63,BossFight_5_roll_0_inner_0.2_pct_1_max_reward_seed_1_time_2026-04-01_04-27-07,BossFight,5,0.2,reward,1,14.0,0.0,0.0
690q2mfz,BossFight_5_roll_0_inner_0.2_pct_1_max_reward_seed_2_time_2026-04-01_04-27-19,BossFight,5,0.2,reward,2,24.0,0.0,0.0
tow5rr2o,BossFight_5_roll_0_inner_0.2_pct_1_max_reward_seed_3_time_2026-04-04_00-29-48,BossFight,5,0.2,reward,3,136.0,0.0,0.0
gvz04nyg,BossFight_5_roll_0_inner_0.2_pct_1_max_reward_seed_4_time_2026-04-04_00-30-28,BossFight,5,0.2,reward,4,232.0,0.0,0.0
rgbdh1qt,BossFight_5_roll_0_inner_0.2_pct_1_max_reward_seed_5_time_2026-04-04_00-31-20,BossFight,5,0.2,reward,5,32.0,0.0,0.0
wjgfdn5v,BossFight_5_roll_0_inner_0.2_pct_1_max_reward_seed_6_time_2026-04-04_00-31-33,BossFight,5,0.2,reward,6,39.0,0.0,0.0
3u7m50au,BossFight_5_roll_0_inner_0.2_pct_1_max_reward_seed_7_time_2026-04-04_00-31-51,BossFight,5,0.2,reward,7,34.0,0.0,0.0
twjstn62,BossFight_5_roll_0_inner_0.2_pct_1_max_reward_seed_8_time_2026-04-04_00-32-08,BossFight,5,0.2,reward,8,26.0,0.0,0.0
jpk8dbr8,BossFight_5_roll_0_inner_0.2_pct_1_max_reward_seed_9_time_2026-04-04_00-32-20,BossFight,5,0.2,reward,9,193.0,0.0,0.0
z9bp4aff,BossFight_5_roll_0_inner_0.2_pct_1_max_value_seed_0_time_2026-04-01_04-26-15,BossFight,5,0.2,value,0,23.0,0.0,0.0
z1dnw9k7,BossFight_5_roll_0_inner_0.2_pct_1_max_value_seed_1_time_2026-04-01_04-26-28,BossFight,5,0.2,value,1,14.0,0.0,0.0
au1ksm69,BossFight_5_roll_0_inner_0.2_pct_1_max_value_seed_2_time_2026-04-01_04-26-41,BossFight,5,0.2,value,2,24.0,0.0,0.0
sludqv1b,BossFight_5_roll_0_inner_0.2_pct_1_max_value_seed_3_time_2026-04-04_00-26-26,BossFight,5,0.2,value,3,136.0,0.0,0.0
xf1v3p9l,BossFight_5_roll_0_inner_0.2_pct_1_max_value_seed_4_time_2026-04-04_00-27-06,BossFight,5,0.2,value,4,232.0,0.0,0.0
cpm4v18t,BossFight_5_roll_0_inner_0.2_pct_1_max_value_seed_5_time_2026-04-04_00-27-57,BossFight,5,0.2,value,5,32.0,0.0,0.0
91jzbsgx,BossFight_5_roll_0_inner_0.2_pct_1_max_value_seed_6_time_2026-04-04_00-28-11,BossFight,5,0.2,value,6,39.0,0.0,0.0
zau6sqsw,BossFight_5_roll_0_inner_0.2_pct_1_max_value_seed_7_time_2026-04-04_00-28-28,BossFight,5,0.2,value,7,34.0,0.0,0.0
3qisq97p,BossFight_5_roll_0_inner_0.2_pct_1_max_value_seed_8_time_2026-04-04_00-28-46,BossFight,5,0.2,value,8,26.0,0.0,0.0
ogzrc55s,BossFight_5_roll_0_inner_0.2_pct_1_max_value_seed_9_time_2026-04-04_00-28-58,BossFight,5,0.2,value,9,193.0,0.0,0.0
kt5i3akg,BossFight_5_roll_0_inner_0.5_pct_1_max_reward_seed_0_time_2026-04-01_04-28-49,BossFight,5,0.5,reward,0,46.0,0.0,0.0
eznnxm2a,BossFight_5_roll_0_inner_0.5_pct_1_max_reward_seed_1_time_2026-04-01_04-29-18,BossFight,5,0.5,reward,1,30.0,0.0,0.0
rdv9tjuh,BossFight_5_roll_0_inner_0.5_pct_1_max_reward_seed_2_time_2026-04-01_04-29-40,BossFight,5,0.5,reward,2,28.0,0.0,0.0
ao069s38,BossFight_5_roll_0_inner_0.5_pct_1_max_reward_seed_3_time_2026-04-04_00-37-19,BossFight,5,0.5,reward,3,128.0,11.0,0.0859375
lv8at0zu,BossFight_5_roll_0_inner_0.5_pct_1_max_reward_seed_4_time_2026-04-04_00-38-28,BossFight,5,0.5,reward,4,28.0,0.0,0.0
mlwesw98,BossFight_5_roll_0_inner_0.5_pct_1_max_reward_seed_5_time_2026-04-04_00-38-45,BossFight,5,0.5,reward,5,32.0,0.0,0.0
qfon78cr,BossFight_5_roll_0_inner_0.5_pct_1_max_reward_seed_6_time_2026-04-04_00-39-10,BossFight,5,0.5,reward,6,72.0,0.0,0.0
w267zeyz,BossFight_5_roll_0_inner_0.5_pct_1_max_reward_seed_7_time_2026-04-04_00-39-49,BossFight,5,0.5,reward,7,14.0,0.0,0.0
zx2zj0kc,BossFight_5_roll_0_inner_0.5_pct_1_max_reward_seed_8_time_2026-04-04_00-40-05,BossFight,5,0.5,reward,8,36.0,0.0,0.0
ewoub3b2,BossFight_5_roll_0_inner_0.5_pct_1_max_reward_seed_9_time_2026-04-04_00-40-30,BossFight,5,0.5,reward,9,30.0,0.0,0.0
mgussb3k,BossFight_5_roll_0_inner_0.5_pct_1_max_value_seed_0_time_2026-04-01_04-27-33,BossFight,5,0.5,value,0,46.0,0.0,0.0
7qnivwo7,BossFight_5_roll_0_inner_0.5_pct_1_max_value_seed_1_time_2026-04-01_04-28-02,BossFight,5,0.5,value,1,30.0,0.0,0.0
n8da3i99,BossFight_5_roll_0_inner_0.5_pct_1_max_value_seed_2_time_2026-04-01_04-28-24,BossFight,5,0.5,value,2,28.0,0.0,0.0
ks9robot,BossFight_5_roll_0_inner_0.5_pct_1_max_value_seed_3_time_2026-04-04_00-33-10,BossFight,5,0.5,value,3,128.0,11.0,0.0859375
nzct6lh3,BossFight_5_roll_0_inner_0.5_pct_1_max_value_seed_4_time_2026-04-04_00-34-18,BossFight,5,0.5,value,4,28.0,0.0,0.0
s7e7oz64,BossFight_5_roll_0_inner_0.5_pct_1_max_value_seed_5_time_2026-04-04_00-34-36,BossFight,5,0.5,value,5,32.0,0.0,0.0
5iut2b8s,BossFight_5_roll_0_inner_0.5_pct_1_max_value_seed_6_time_2026-04-04_00-35-01,BossFight,5,0.5,value,6,72.0,0.0,0.0
l017qntm,BossFight_5_roll_0_inner_0.5_pct_1_max_value_seed_7_time_2026-04-04_00-35-41,BossFight,5,0.5,value,7,14.0,0.0,0.0
n1g0jxxh,BossFight_5_roll_0_inner_0.5_pct_1_max_value_seed_8_time_2026-04-04_00-36-33,BossFight,5,0.5,value,8,36.0,0.0,0.0
0jaffgyi,BossFight_5_roll_0_inner_0.5_pct_1_max_value_seed_9_time_2026-04-04_00-36-58,BossFight,5,0.5,value,9,30.0,0.0,0.0
o00shycw,BossFight_5_roll_0_inner_1_pct_1_max_reward_seed_0_time_2026-04-12_21-04-15,BossFight,5,1.0,reward,0,36.0,0.0,0.0
twtm0ecn,BossFight_5_roll_0_inner_1_pct_1_max_reward_seed_1_time_2026-04-12_21-05-13,BossFight,5,1.0,reward,1,33.0,0.0,0.0
fnxzbg7t,BossFight_5_roll_0_inner_1_pct_1_max_reward_seed_2_time_2026-04-12_21-06-08,BossFight,5,1.0,reward,2,24.0,0.0,0.0
suyn9898,BossFight_5_roll_0_inner_1_pct_1_max_reward_seed_3_time_2026-04-12_21-06-49,BossFight,5,1.0,reward,3,29.0,0.0,0.0
cl5fqlmr,BossFight_5_roll_0_inner_1_pct_1_max_reward_seed_4_time_2026-04-12_21-07-36,BossFight,5,1.0,reward,4,38.0,0.0,0.0
lk6p5rww,BossFight_5_roll_0_inner_1_pct_1_max_reward_seed_5_time_2026-04-12_21-08-38,BossFight,5,1.0,reward,5,31.0,0.0,0.0
5fu066e9,BossFight_5_roll_0_inner_1_pct_1_max_reward_seed_6_time_2026-04-12_21-09-29,BossFight,5,1.0,reward,6,11.0,0.0,0.0
bm4akymu,BossFight_5_roll_0_inner_1_pct_1_max_reward_seed_7_time_2026-04-12_21-09-48,BossFight,5,1.0,reward,7,11.0,0.0,0.0
xigpxe8d,BossFight_5_roll_0_inner_1_pct_1_max_reward_seed_8_time_2026-04-12_21-10-07,BossFight,5,1.0,reward,8,24.0,0.0,0.0
byj2hy8q,BossFight_5_roll_0_inner_1_pct_1_max_reward_seed_9_time_2026-04-12_21-10-47,BossFight,5,1.0,reward,9,11.0,0.0,0.0
kz09adtr,BossFight_5_roll_0_inner_1_pct_1_max_value_seed_0_time_2026-04-12_20-56-13,BossFight,5,1.0,value,0,81.0,0.0,0.0
08w0z0ao,BossFight_5_roll_0_inner_1_pct_1_max_value_seed_1_time_2026-04-12_20-58-22,BossFight,5,1.0,value,1,33.0,0.0,0.0
wf8blkgi,BossFight_5_roll_0_inner_1_pct_1_max_value_seed_2_time_2026-04-12_20-59-17,BossFight,5,1.0,value,2,24.0,0.0,0.0
9ggm3452,BossFight_5_roll_0_inner_1_pct_1_max_value_seed_3_time_2026-04-12_20-59-56,BossFight,5,1.0,value,3,29.0,0.0,0.0
4rew1v42,BossFight_5_roll_0_inner_1_pct_1_max_value_seed_4_time_2026-04-12_21-00-44,BossFight,5,1.0,value,4,38.0,0.0,0.0
5y61eq4q,BossFight_5_roll_0_inner_1_pct_1_max_value_seed_5_time_2026-04-12_21-01-46,BossFight,5,1.0,value,5,31.0,0.0,0.0
hdhnrkzz,BossFight_5_roll_0_inner_1_pct_1_max_value_seed_6_time_2026-04-12_21-02-37,BossFight,5,1.0,value,6,11.0,0.0,0.0
bjfccpwi,BossFight_5_roll_0_inner_1_pct_1_max_value_seed_7_time_2026-04-12_21-02-57,BossFight,5,1.0,value,7,11.0,0.0,0.0
bapeul0v,BossFight_5_roll_0_inner_1_pct_1_max_value_seed_8_time_2026-04-12_21-03-16,BossFight,5,1.0,value,8,24.0,0.0,0.0
yf71k9pk,BossFight_5_roll_0_inner_1_pct_1_max_value_seed_9_time_2026-04-12_21-03-56,BossFight,5,1.0,value,9,11.0,0.0,0.0
qzktsg9o,BossFight_10_roll_0_inner_0.05_pct_1_max_reward_seed_0_time_2026-04-01_04-30-44,BossFight,10,0.05,reward,0,16.0,0.0,0.0
pfpzseaf,BossFight_10_roll_0_inner_0.05_pct_1_max_reward_seed_1_time_2026-04-01_04-30-58,BossFight,10,0.05,reward,1,11.0,0.0,0.0
lyv2cba1,BossFight_10_roll_0_inner_0.05_pct_1_max_reward_seed_2_time_2026-04-01_04-31-09,BossFight,10,0.05,reward,2,21.0,0.0,0.0
ebg4wyt7,BossFight_10_roll_0_inner_0.05_pct_1_max_reward_seed_3_time_2026-04-04_00-42-45,BossFight,10,0.05,reward,3,28.0,0.0,0.0
bkixdxnf,BossFight_10_roll_0_inner_0.05_pct_1_max_reward_seed_4_time_2026-04-04_00-42-58,BossFight,10,0.05,reward,4,80.0,0.0,0.0
glotd7fr,BossFight_10_roll_0_inner_0.05_pct_1_max_reward_seed_5_time_2026-04-04_00-43-14,BossFight,10,0.05,reward,5,24.0,0.0,0.0
y1dey67r,BossFight_10_roll_0_inner_0.05_pct_1_max_reward_seed_6_time_2026-04-04_00-43-25,BossFight,10,0.05,reward,6,168.0,0.0,0.0
33l0r458,BossFight_10_roll_0_inner_0.05_pct_1_max_reward_seed_7_time_2026-04-04_00-44-00,BossFight,10,0.05,reward,7,38.0,0.0,0.0
qtr9ogv7,BossFight_10_roll_0_inner_0.05_pct_1_max_reward_seed_8_time_2026-04-04_00-44-12,BossFight,10,0.05,reward,8,88.0,0.0,0.0
xu5c3ev7,BossFight_10_roll_0_inner_0.05_pct_1_max_reward_seed_9_time_2026-04-04_00-44-27,BossFight,10,0.05,reward,9,11.0,0.0,0.0
fsqgvx3q,BossFight_10_roll_0_inner_0.05_pct_1_max_value_seed_0_time_2026-04-01_04-30-06,BossFight,10,0.05,value,0,16.0,0.0,0.0
3fd6bac2,BossFight_10_roll_0_inner_0.05_pct_1_max_value_seed_1_time_2026-04-01_04-30-20,BossFight,10,0.05,value,1,11.0,0.0,0.0
cvy8lutb,BossFight_10_roll_0_inner_0.05_pct_1_max_value_seed_2_time_2026-04-01_04-30-32,BossFight,10,0.05,value,2,21.0,0.0,0.0
g88ak875,BossFight_10_roll_0_inner_0.05_pct_1_max_value_seed_3_time_2026-04-04_00-40-51,BossFight,10,0.05,value,3,28.0,0.0,0.0
w4yf21zv,BossFight_10_roll_0_inner_0.05_pct_1_max_value_seed_4_time_2026-04-04_00-41-05,BossFight,10,0.05,value,4,80.0,0.0,0.0
iwzzbclz,BossFight_10_roll_0_inner_0.05_pct_1_max_value_seed_5_time_2026-04-04_00-41-20,BossFight,10,0.05,value,5,24.0,0.0,0.0
hdugkbd7,BossFight_10_roll_0_inner_0.05_pct_1_max_value_seed_6_time_2026-04-04_00-41-31,BossFight,10,0.05,value,6,168.0,0.0,0.0
ctev4e6b,BossFight_10_roll_0_inner_0.05_pct_1_max_value_seed_7_time_2026-04-04_00-42-06,BossFight,10,0.05,value,7,38.0,0.0,0.0
8hukdyfd,BossFight_10_roll_0_inner_0.05_pct_1_max_value_seed_8_time_2026-04-04_00-42-18,BossFight,10,0.05,value,8,88.0,0.0,0.0
3n7krdu5,BossFight_10_roll_0_inner_0.05_pct_1_max_value_seed_9_time_2026-04-04_00-42-34,BossFight,10,0.05,value,9,11.0,0.0,0.0
3stuaxe4,BossFight_10_roll_0_inner_0.1_pct_1_max_reward_seed_0_time_2026-04-01_04-32-00,BossFight,10,0.1,reward,0,33.0,0.0,0.0
eudxypkn,BossFight_10_roll_0_inner_0.1_pct_1_max_reward_seed_1_time_2026-04-01_04-32-14,BossFight,10,0.1,reward,1,27.0,0.0,0.0
6x9gpch6,BossFight_10_roll_0_inner_0.1_pct_1_max_reward_seed_2_time_2026-04-01_04-32-28,BossFight,10,0.1,reward,2,20.0,0.0,0.0
tfltw4ct,BossFight_10_roll_0_inner_0.1_pct_1_max_reward_seed_3_time_2026-04-04_00-46-15,BossFight,10,0.1,reward,3,19.0,0.0,0.0
dwbsuzr1,BossFight_10_roll_0_inner_0.1_pct_1_max_reward_seed_4_time_2026-04-04_00-46-30,BossFight,10,0.1,reward,4,37.0,0.0,0.0
z695p6a3,BossFight_10_roll_0_inner_0.1_pct_1_max_reward_seed_5_time_2026-04-04_00-46-43,BossFight,10,0.1,reward,5,25.0,0.0,0.0
rrzymcwa,BossFight_10_roll_0_inner_0.1_pct_1_max_reward_seed_6_time_2026-04-04_00-46-54,BossFight,10,0.1,reward,6,75.0,0.0,0.0
md5uyhdh,BossFight_10_roll_0_inner_0.1_pct_1_max_reward_seed_7_time_2026-04-04_00-47-13,BossFight,10,0.1,reward,7,21.0,0.0,0.0
d7u690co,BossFight_10_roll_0_inner_0.1_pct_1_max_reward_seed_8_time_2026-04-04_00-47-29,BossFight,10,0.1,reward,8,20.0,0.0,0.0
9wb850ya,BossFight_10_roll_0_inner_0.1_pct_1_max_reward_seed_9_time_2026-04-04_00-47-42,BossFight,10,0.1,reward,9,11.0,0.0,0.0
0lshosr8,BossFight_10_roll_0_inner_0.1_pct_1_max_value_seed_0_time_2026-04-01_04-31-21,BossFight,10,0.1,value,0,33.0,0.0,0.0
6c5jqmxz,BossFight_10_roll_0_inner_0.1_pct_1_max_value_seed_1_time_2026-04-01_04-31-35,BossFight,10,0.1,value,1,27.0,0.0,0.0
h38u5o5i,BossFight_10_roll_0_inner_0.1_pct_1_max_value_seed_2_time_2026-04-01_04-31-48,BossFight,10,0.1,value,2,20.0,0.0,0.0
xx2zkrx7,BossFight_10_roll_0_inner_0.1_pct_1_max_value_seed_3_time_2026-04-04_00-44-39,BossFight,10,0.1,value,3,19.0,0.0,0.0
axy11q74,BossFight_10_roll_0_inner_0.1_pct_1_max_value_seed_4_time_2026-04-04_00-44-53,BossFight,10,0.1,value,4,37.0,0.0,0.0
nftsc2se,BossFight_10_roll_0_inner_0.1_pct_1_max_value_seed_5_time_2026-04-04_00-45-06,BossFight,10,0.1,value,5,25.0,0.0,0.0
uqdizpal,BossFight_10_roll_0_inner_0.1_pct_1_max_value_seed_6_time_2026-04-04_00-45-18,BossFight,10,0.1,value,6,75.0,0.0,0.0
17gywg4f,BossFight_10_roll_0_inner_0.1_pct_1_max_value_seed_7_time_2026-04-04_00-45-36,BossFight,10,0.1,value,7,21.0,0.0,0.0
qyfb6odr,BossFight_10_roll_0_inner_0.1_pct_1_max_value_seed_8_time_2026-04-04_00-45-52,BossFight,10,0.1,value,8,20.0,0.0,0.0
r1a7cx3u,BossFight_10_roll_0_inner_0.1_pct_1_max_value_seed_9_time_2026-04-04_00-46-05,BossFight,10,0.1,value,9,11.0,0.0,0.0
k7xu23b0,BossFight_10_roll_0_inner_0.2_pct_1_max_reward_seed_0_time_2026-04-01_04-33-41,BossFight,10,0.2,reward,0,24.0,0.0,0.0
yokavrdo,BossFight_10_roll_0_inner_0.2_pct_1_max_reward_seed_1_time_2026-04-01_04-34-01,BossFight,10,0.2,reward,1,44.0,0.0,0.0
cwjtcmpl,BossFight_10_roll_0_inner_0.2_pct_1_max_reward_seed_2_time_2026-04-01_04-34-31,BossFight,10,0.2,reward,2,19.0,0.0,0.0
j7hzdd9z,BossFight_10_roll_0_inner_0.2_pct_1_max_reward_seed_3_time_2026-04-04_00-52-47,BossFight,10,0.2,reward,3,130.0,11.0,0.08461538461538462
4ja7bq54,BossFight_10_roll_0_inner_0.2_pct_1_max_reward_seed_4_time_2026-04-04_00-53-42,BossFight,10,0.2,reward,4,37.0,0.0,0.0
0padd83r,BossFight_10_roll_0_inner_0.2_pct_1_max_reward_seed_5_time_2026-04-04_00-53-56,BossFight,10,0.2,reward,5,31.0,0.0,0.0
yuyly5a3,BossFight_10_roll_0_inner_0.2_pct_1_max_reward_seed_6_time_2026-04-04_00-54-16,BossFight,10,0.2,reward,6,355.0,0.0,0.0
32sz19mw,BossFight_10_roll_0_inner_0.2_pct_1_max_reward_seed_7_time_2026-04-04_00-56-45,BossFight,10,0.2,reward,7,34.0,0.0,0.0
tt5epom3,BossFight_10_roll_0_inner_0.2_pct_1_max_reward_seed_8_time_2026-04-04_00-57-05,BossFight,10,0.2,reward,8,26.0,0.0,0.0
7mj5wkmy,BossFight_10_roll_0_inner_0.2_pct_1_max_reward_seed_9_time_2026-04-04_00-57-19,BossFight,10,0.2,reward,9,34.0,0.0,0.0
yqxtrm1l,BossFight_10_roll_0_inner_0.2_pct_1_max_value_seed_0_time_2026-04-01_04-32-39,BossFight,10,0.2,value,0,24.0,0.0,0.0
d9u2idih,BossFight_10_roll_0_inner_0.2_pct_1_max_value_seed_1_time_2026-04-01_04-32-59,BossFight,10,0.2,value,1,44.0,,
qme6p430,BossFight_10_roll_0_inner_0.2_pct_1_max_value_seed_2_time_2026-04-01_04-33-29,BossFight,10,0.2,value,2,19.0,0.0,0.0
2zl6p4h6,BossFight_10_roll_0_inner_0.2_pct_1_max_value_seed_3_time_2026-04-04_00-47-53,BossFight,10,0.2,value,3,130.0,11.0,0.08461538461538462
8xu13nbi,BossFight_10_roll_0_inner_0.2_pct_1_max_value_seed_4_time_2026-04-04_00-48-47,BossFight,10,0.2,value,4,37.0,0.0,0.0
toe9pllc,BossFight_10_roll_0_inner_0.2_pct_1_max_value_seed_5_time_2026-04-04_00-49-00,BossFight,10,0.2,value,5,31.0,0.0,0.0
7hj3s18n,BossFight_10_roll_0_inner_0.2_pct_1_max_value_seed_6_time_2026-04-04_00-49-20,BossFight,10,0.2,value,6,355.0,0.0,0.0
8y77t9ii,BossFight_10_roll_0_inner_0.2_pct_1_max_value_seed_7_time_2026-04-04_00-51-50,BossFight,10,0.2,value,7,34.0,0.0,0.0
uq0r3z6p,BossFight_10_roll_0_inner_0.2_pct_1_max_value_seed_8_time_2026-04-04_00-52-10,BossFight,10,0.2,value,8,26.0,0.0,0.0
uj9n9qqg,BossFight_10_roll_0_inner_0.2_pct_1_max_value_seed_9_time_2026-04-04_00-52-25,BossFight,10,0.2,value,9,34.0,0.0,0.0
9riet6ww,BossFight_10_roll_0_inner_0.5_pct_1_max_reward_seed_0_time_2026-04-01_04-36-12,BossFight,10,0.5,reward,0,73.0,0.0,0.0
g7lyzjf0,BossFight_10_roll_0_inner_0.5_pct_1_max_reward_seed_1_time_2026-04-01_04-37-07,BossFight,10,0.5,reward,1,7.0,0.0,0.0
g37mjeit,BossFight_10_roll_0_inner_0.5_pct_1_max_reward_seed_2_time_2026-04-01_04-37-19,BossFight,10,0.5,reward,2,27.0,0.0,0.0
jpfi8x6r,BossFight_10_roll_0_inner_0.5_pct_1_max_reward_seed_3_time_2026-04-04_01-03-44,BossFight,10,0.5,reward,3,33.0,0.0,0.0
0g72cu5g,BossFight_10_roll_0_inner_0.5_pct_1_max_reward_seed_4_time_2026-04-04_01-04-11,BossFight,10,0.5,reward,4,112.0,0.0,0.0
zooolpea,BossFight_10_roll_0_inner_0.5_pct_1_max_reward_seed_5_time_2026-04-04_01-05-23,BossFight,10,0.5,reward,5,25.0,0.0,0.0
zup91tun,BossFight_10_roll_0_inner_0.5_pct_1_max_reward_seed_6_time_2026-04-04_01-05-46,BossFight,10,0.5,reward,6,27.0,0.0,0.0
8r7sfts3,BossFight_10_roll_0_inner_0.5_pct_1_max_reward_seed_7_time_2026-04-04_01-06-13,BossFight,10,0.5,reward,7,87.0,0.0,0.0
otzhrwyn,BossFight_10_roll_0_inner_0.5_pct_1_max_reward_seed_8_time_2026-04-04_01-07-11,BossFight,10,0.5,reward,8,191.0,0.0,0.0
1lfdnlxs,BossFight_10_roll_0_inner_0.5_pct_1_max_reward_seed_9_time_2026-04-04_01-09-06,BossFight,10,0.5,reward,9,56.0,0.0,0.0
rpcltmki,BossFight_10_roll_0_inner_0.5_pct_1_max_value_seed_0_time_2026-04-01_04-34-43,BossFight,10,0.5,value,0,73.0,0.0,0.0
t517rowg,BossFight_10_roll_0_inner_0.5_pct_1_max_value_seed_1_time_2026-04-01_04-35-38,BossFight,10,0.5,value,1,7.0,0.0,0.0
sdkjznbv,BossFight_10_roll_0_inner_0.5_pct_1_max_value_seed_2_time_2026-04-01_04-35-49,BossFight,10,0.5,value,2,27.0,0.0,0.0
ra0lpcux,BossFight_10_roll_0_inner_0.5_pct_1_max_value_seed_3_time_2026-04-04_00-57-41,BossFight,10,0.5,value,3,33.0,0.0,0.0
ag6zsaqr,BossFight_10_roll_0_inner_0.5_pct_1_max_value_seed_4_time_2026-04-04_00-58-08,BossFight,10,0.5,value,4,112.0,0.0,0.0
h0kapjwx,BossFight_10_roll_0_inner_0.5_pct_1_max_value_seed_5_time_2026-04-04_00-59-20,BossFight,10,0.5,value,5,25.0,0.0,0.0
zjdnx2s3,BossFight_10_roll_0_inner_0.5_pct_1_max_value_seed_6_time_2026-04-04_00-59-43,BossFight,10,0.5,value,6,27.0,0.0,0.0
40me0a2f,BossFight_10_roll_0_inner_0.5_pct_1_max_value_seed_7_time_2026-04-04_01-00-11,BossFight,10,0.5,value,7,87.0,0.0,0.0
cwh27in2,BossFight_10_roll_0_inner_0.5_pct_1_max_value_seed_8_time_2026-04-04_01-01-08,BossFight,10,0.5,value,8,191.0,0.0,0.0
ohmoztsr,BossFight_10_roll_0_inner_0.5_pct_1_max_value_seed_9_time_2026-04-04_01-03-03,BossFight,10,0.5,value,9,56.0,0.0,0.0
3tvkjlu2,CaveFlyer_5_roll_0_inner_0.05_pct_1_max_reward_seed_0_time_2026-03-31_02-29-06,CaveFlyer,5,0.05,reward,0,1000.0,0.0,0.0
8d15ry5i,CaveFlyer_5_roll_0_inner_0.05_pct_1_max_reward_seed_1_time_2026-03-31_02-30-42,CaveFlyer,5,0.05,reward,1,1000.0,0.0,0.0
9v4q89to,CaveFlyer_5_roll_0_inner_0.05_pct_1_max_reward_seed_2_time_2026-03-31_02-32-26,CaveFlyer,5,0.05,reward,2,1000.0,0.0,0.0
4kk43ibu,CaveFlyer_5_roll_0_inner_0.05_pct_1_max_reward_seed_3_time_2026-04-01_16-37-45,CaveFlyer,5,0.05,reward,3,1000.0,0.0,0.0
c7t2l2sx,CaveFlyer_5_roll_0_inner_0.05_pct_1_max_reward_seed_4_time_2026-04-01_16-39-05,CaveFlyer,5,0.05,reward,4,1000.0,0.0,0.0
969atgph,CaveFlyer_5_roll_0_inner_0.05_pct_1_max_reward_seed_5_time_2026-04-01_16-41-10,CaveFlyer,5,0.05,reward,5,1000.0,0.0,0.0
nm86auha,CaveFlyer_5_roll_0_inner_0.05_pct_1_max_reward_seed_6_time_2026-04-01_16-42-59,CaveFlyer,5,0.05,reward,6,11.0,0.0,0.0
l48zfpgo,CaveFlyer_5_roll_0_inner_0.05_pct_1_max_reward_seed_7_time_2026-04-01_16-43-10,CaveFlyer,5,0.05,reward,7,1000.0,0.0,0.0
5r3cxebk,CaveFlyer_5_roll_0_inner_0.05_pct_1_max_reward_seed_8_time_2026-04-01_16-44-50,CaveFlyer,5,0.05,reward,8,1000.0,0.0,0.0
ey6p1mxw,CaveFlyer_5_roll_0_inner_0.05_pct_1_max_reward_seed_9_time_2026-04-01_16-46-33,CaveFlyer,5,0.05,reward,9,1000.0,0.0,0.0
1mpnpdts,CaveFlyer_5_roll_0_inner_0.05_pct_1_max_value_seed_0_time_2026-03-31_02-23-44,CaveFlyer,5,0.05,value,0,1000.0,0.0,0.0
tepzqhu2,CaveFlyer_5_roll_0_inner_0.05_pct_1_max_value_seed_1_time_2026-03-31_02-25-26,CaveFlyer,5,0.05,value,1,1000.0,0.0,0.0
0s2i5xsf,CaveFlyer_5_roll_0_inner_0.05_pct_1_max_value_seed_2_time_2026-03-31_02-27-20,CaveFlyer,5,0.05,value,2,1000.0,0.0,0.0
n4n46vvn,CaveFlyer_5_roll_0_inner_0.05_pct_1_max_value_seed_3_time_2026-04-01_16-28-07,CaveFlyer,5,0.05,value,3,1000.0,0.0,0.0
7uex5g6q,CaveFlyer_5_roll_0_inner_0.05_pct_1_max_value_seed_4_time_2026-04-01_16-29-45,CaveFlyer,5,0.05,value,4,992.0,0.0,0.0
l7o45w49,CaveFlyer_5_roll_0_inner_0.05_pct_1_max_value_seed_5_time_2026-04-01_16-31-44,CaveFlyer,5,0.05,value,5,516.0,0.0,0.0
okyvhtsc,CaveFlyer_5_roll_0_inner_0.05_pct_1_max_value_seed_6_time_2026-04-01_16-32-54,CaveFlyer,5,0.05,value,6,11.0,0.0,0.0
tu9sbm23,CaveFlyer_5_roll_0_inner_0.05_pct_1_max_value_seed_7_time_2026-04-01_16-33-04,CaveFlyer,5,0.05,value,7,1000.0,0.0,0.0
lpq92l1c,CaveFlyer_5_roll_0_inner_0.05_pct_1_max_value_seed_8_time_2026-04-01_16-34-57,CaveFlyer,5,0.05,value,8,637.0,10.0,0.015698587127158554
db3vfocd,CaveFlyer_5_roll_0_inner_0.05_pct_1_max_value_seed_9_time_2026-04-01_16-36-10,CaveFlyer,5,0.05,value,9,1000.0,0.0,0.0
c69t5v2s,CaveFlyer_5_roll_0_inner_0.1_pct_1_max_reward_seed_0_time_2026-03-31_02-42-26,CaveFlyer,5,0.1,reward,0,1000.0,0.0,0.0
q9rmrges,CaveFlyer_5_roll_0_inner_0.1_pct_1_max_reward_seed_1_time_2026-03-31_02-44-57,CaveFlyer,5,0.1,reward,1,989.0,0.0,0.0
esinqtzz,CaveFlyer_5_roll_0_inner_0.1_pct_1_max_reward_seed_2_time_2026-03-31_02-47-28,CaveFlyer,5,0.1,reward,2,1000.0,0.0,0.0
ckjvfv6r,CaveFlyer_5_roll_0_inner_0.1_pct_1_max_reward_seed_3_time_2026-04-01_17-01-05,CaveFlyer,5,0.1,reward,3,1000.0,0.0,0.0
nb7skvux,CaveFlyer_5_roll_0_inner_0.1_pct_1_max_reward_seed_4_time_2026-04-01_17-03-35,CaveFlyer,5,0.1,reward,4,1000.0,0.0,0.0
rnxcszfb,CaveFlyer_5_roll_0_inner_0.1_pct_1_max_reward_seed_5_time_2026-04-01_17-06-20,CaveFlyer,5,0.1,reward,5,1000.0,0.0,0.0
va7jh3el,CaveFlyer_5_roll_0_inner_0.1_pct_1_max_reward_seed_6_time_2026-04-01_17-09-23,CaveFlyer,5,0.1,reward,6,11.0,0.0,0.0
s2q8f8mo,CaveFlyer_5_roll_0_inner_0.1_pct_1_max_reward_seed_7_time_2026-04-01_17-09-34,CaveFlyer,5,0.1,reward,7,1000.0,0.0,0.0
1jqyx058,CaveFlyer_5_roll_0_inner_0.1_pct_1_max_reward_seed_8_time_2026-04-01_17-12-01,CaveFlyer,5,0.1,reward,8,1000.0,0.0,0.0
1c9q3hap,CaveFlyer_5_roll_0_inner_0.1_pct_1_max_reward_seed_9_time_2026-04-01_17-14-31,CaveFlyer,5,0.1,reward,9,896.0,10.0,0.011160714285714286
bmx7zlb4,CaveFlyer_5_roll_0_inner_0.1_pct_1_max_value_seed_0_time_2026-03-31_02-33-59,CaveFlyer,5,0.1,value,0,1000.0,0.0,0.0
12zcaxk0,CaveFlyer_5_roll_0_inner_0.1_pct_1_max_value_seed_1_time_2026-03-31_02-36-54,CaveFlyer,5,0.1,value,1,1000.0,0.0,0.0
30ulh5c3,CaveFlyer_5_roll_0_inner_0.1_pct_1_max_value_seed_2_time_2026-03-31_02-39-45,CaveFlyer,5,0.1,value,2,1000.0,0.0,0.0
a4y205qu,CaveFlyer_5_roll_0_inner_0.1_pct_1_max_value_seed_3_time_2026-04-01_16-48-08,CaveFlyer,5,0.1,value,3,490.0,10.0,0.02040816326530612
s4ot3o2l,CaveFlyer_5_roll_0_inner_0.1_pct_1_max_value_seed_4_time_2026-04-01_16-49-15,CaveFlyer,5,0.1,value,4,1000.0,0.0,0.0
zjnudpqw,CaveFlyer_5_roll_0_inner_0.1_pct_1_max_value_seed_5_time_2026-04-01_16-51-53,CaveFlyer,5,0.1,value,5,258.0,0.0,0.0
53marybq,CaveFlyer_5_roll_0_inner_0.1_pct_1_max_value_seed_6_time_2026-04-01_16-52-39,CaveFlyer,5,0.1,value,6,11.0,0.0,0.0
o8sht8r9,CaveFlyer_5_roll_0_inner_0.1_pct_1_max_value_seed_7_time_2026-04-01_16-52-49,CaveFlyer,5,0.1,value,7,1000.0,0.0,0.0
huwr99wn,CaveFlyer_5_roll_0_inner_0.1_pct_1_max_value_seed_8_time_2026-04-01_16-55-36,CaveFlyer,5,0.1,value,8,1000.0,0.0,0.0
jvtrmpq9,CaveFlyer_5_roll_0_inner_0.1_pct_1_max_value_seed_9_time_2026-04-01_16-58-25,CaveFlyer,5,0.1,value,9,1000.0,0.0,0.0
4evcrq58,CaveFlyer_5_roll_0_inner_0.2_pct_1_max_reward_seed_0_time_2026-03-31_03-02-31,CaveFlyer,5,0.2,reward,0,1000.0,0.0,0.0
frpobwcp,CaveFlyer_5_roll_0_inner_0.2_pct_1_max_reward_seed_1_time_2026-03-31_03-06-50,CaveFlyer,5,0.2,reward,1,1000.0,0.0,0.0
1pmplw8p,CaveFlyer_5_roll_0_inner_0.2_pct_1_max_reward_seed_2_time_2026-03-31_03-10-56,CaveFlyer,5,0.2,reward,2,1000.0,0.0,0.0
gs3y8lhb,CaveFlyer_5_roll_0_inner_0.2_pct_1_max_reward_seed_3_time_2026-04-01_17-38-41,CaveFlyer,5,0.2,reward,3,451.0,10.0,0.022172949002217297
b6bkasq1,CaveFlyer_5_roll_0_inner_0.2_pct_1_max_reward_seed_4_time_2026-04-01_17-40-32,CaveFlyer,5,0.2,reward,4,1000.0,0.0,0.0
rqq8bbw4,CaveFlyer_5_roll_0_inner_0.2_pct_1_max_reward_seed_5_time_2026-04-01_17-44-51,CaveFlyer,5,0.2,reward,5,167.0,0.0,0.0
2tb3ciiq,CaveFlyer_5_roll_0_inner_0.2_pct_1_max_reward_seed_6_time_2026-04-01_17-45-48,CaveFlyer,5,0.2,reward,6,11.0,0.0,0.0
7sr8n7gt,CaveFlyer_5_roll_0_inner_0.2_pct_1_max_reward_seed_7_time_2026-04-01_17-45-59,CaveFlyer,5,0.2,reward,7,1000.0,0.0,0.0
2otxr5ti,CaveFlyer_5_roll_0_inner_0.2_pct_1_max_reward_seed_8_time_2026-04-01_17-49-58,CaveFlyer,5,0.2,reward,8,1000.0,0.0,0.0
oc0lipwx,CaveFlyer_5_roll_0_inner_0.2_pct_1_max_reward_seed_9_time_2026-04-01_17-54-04,CaveFlyer,5,0.2,reward,9,1000.0,0.0,0.0
98ykqzqr,CaveFlyer_5_roll_0_inner_0.2_pct_1_max_value_seed_0_time_2026-03-31_02-50-09,CaveFlyer,5,0.2,value,0,1000.0,0.0,0.0
bt8bnwja,CaveFlyer_5_roll_0_inner_0.2_pct_1_max_value_seed_1_time_2026-03-31_02-54-06,CaveFlyer,5,0.2,value,1,1000.0,0.0,0.0
01nq7oys,CaveFlyer_5_roll_0_inner_0.2_pct_1_max_value_seed_2_time_2026-03-31_02-57-53,CaveFlyer,5,0.2,value,2,1000.0,0.0,0.0
c696okbd,CaveFlyer_5_roll_0_inner_0.2_pct_1_max_value_seed_3_time_2026-04-01_17-16-58,CaveFlyer,5,0.2,value,3,1000.0,0.0,0.0
1jzwzizw,CaveFlyer_5_roll_0_inner_0.2_pct_1_max_value_seed_4_time_2026-04-01_17-20-40,CaveFlyer,5,0.2,value,4,1000.0,0.0,0.0
be0xpow0,CaveFlyer_5_roll_0_inner_0.2_pct_1_max_value_seed_5_time_2026-04-01_17-25-28,CaveFlyer,5,0.2,value,5,289.0,0.0,0.0
mrh8ihi5,CaveFlyer_5_roll_0_inner_0.2_pct_1_max_value_seed_6_time_2026-04-01_17-26-43,CaveFlyer,5,0.2,value,6,11.0,0.0,0.0
jsc033u0,CaveFlyer_5_roll_0_inner_0.2_pct_1_max_value_seed_7_time_2026-04-01_17-27-02,CaveFlyer,5,0.2,value,7,1000.0,0.0,0.0
2mth82gi,CaveFlyer_5_roll_0_inner_0.2_pct_1_max_value_seed_8_time_2026-04-01_17-30-38,CaveFlyer,5,0.2,value,8,1000.0,0.0,0.0
omowh6dn,CaveFlyer_5_roll_0_inner_0.2_pct_1_max_value_seed_9_time_2026-04-01_17-34-48,CaveFlyer,5,0.2,value,9,1000.0,0.0,0.0
sdghsii5,CaveFlyer_5_roll_0_inner_0.5_pct_1_max_reward_seed_0_time_2026-03-31_03-41-32,CaveFlyer,5,0.5,reward,0,1000.0,0.0,0.0
0o5sz0em,CaveFlyer_5_roll_0_inner_0.5_pct_1_max_reward_seed_1_time_2026-03-31_03-50-19,CaveFlyer,5,0.5,reward,1,1000.0,0.0,0.0
lt57uthy,CaveFlyer_5_roll_0_inner_0.5_pct_1_max_reward_seed_2_time_2026-03-31_03-58-34,CaveFlyer,5,0.5,reward,2,1000.0,0.0,0.0
ap21gvx8,CaveFlyer_5_roll_0_inner_0.5_pct_1_max_reward_seed_3_time_2026-04-01_18-37-02,CaveFlyer,5,0.5,reward,3,1000.0,0.0,0.0
gcgpypmn,CaveFlyer_5_roll_0_inner_0.5_pct_1_max_reward_seed_4_time_2026-04-01_18-45-39,CaveFlyer,5,0.5,reward,4,526.0,0.0,0.0
m111lb8u,CaveFlyer_5_roll_0_inner_0.5_pct_1_max_reward_seed_5_time_2026-04-01_18-50-23,CaveFlyer,5,0.5,reward,5,98.0,0.0,0.0
etiqurln,CaveFlyer_5_roll_0_inner_0.5_pct_1_max_reward_seed_6_time_2026-04-01_18-51-21,CaveFlyer,5,0.5,reward,6,11.0,0.0,0.0
5nbw9enm,CaveFlyer_5_roll_0_inner_0.5_pct_1_max_reward_seed_7_time_2026-04-01_18-51-37,CaveFlyer,5,0.5,reward,7,1000.0,0.0,0.0
4r90nn7h,CaveFlyer_5_roll_0_inner_0.5_pct_1_max_reward_seed_8_time_2026-04-01_19-00-34,CaveFlyer,5,0.5,reward,8,329.0,10.0,0.030395136778115502
qfpa7a5q,CaveFlyer_5_roll_0_inner_0.5_pct_1_max_reward_seed_9_time_2026-04-01_19-03-29,CaveFlyer,5,0.5,reward,9,803.0,10.0,0.012453300124533
u1923zot,CaveFlyer_5_roll_0_inner_0.5_pct_1_max_value_seed_0_time_2026-03-31_03-15-22,CaveFlyer,5,0.5,value,0,1000.0,0.0,0.0
4z4n4ex7,CaveFlyer_5_roll_0_inner_0.5_pct_1_max_value_seed_1_time_2026-03-31_03-23-48,CaveFlyer,5,0.5,value,1,1000.0,0.0,0.0
n2mz0qfp,CaveFlyer_5_roll_0_inner_0.5_pct_1_max_value_seed_2_time_2026-03-31_03-32-41,CaveFlyer,5,0.5,value,2,1000.0,0.0,0.0
wwlgw2qg,CaveFlyer_5_roll_0_inner_0.5_pct_1_max_value_seed_3_time_2026-04-01_17-58-19,CaveFlyer,5,0.5,value,3,398.0,10.0,0.02512562814070352
9wrsc3e2,CaveFlyer_5_roll_0_inner_0.5_pct_1_max_value_seed_4_time_2026-04-01_18-01-47,CaveFlyer,5,0.5,value,4,93.0,0.0,0.0
xj1k4x4v,CaveFlyer_5_roll_0_inner_0.5_pct_1_max_value_seed_5_time_2026-04-01_18-02-41,CaveFlyer,5,0.5,value,5,849.0,0.0,0.0
zzgl179l,CaveFlyer_5_roll_0_inner_0.5_pct_1_max_value_seed_6_time_2026-04-01_18-10-02,CaveFlyer,5,0.5,value,6,11.0,0.0,0.0
4o61w2lt,CaveFlyer_5_roll_0_inner_0.5_pct_1_max_value_seed_7_time_2026-04-01_18-10-19,CaveFlyer,5,0.5,value,7,1000.0,0.0,0.0
xb2zzcsj,CaveFlyer_5_roll_0_inner_0.5_pct_1_max_value_seed_8_time_2026-04-01_18-19-21,CaveFlyer,5,0.5,value,8,1000.0,0.0,0.0
dxlewhfu,CaveFlyer_5_roll_0_inner_0.5_pct_1_max_value_seed_9_time_2026-04-01_18-28-15,CaveFlyer,5,0.5,value,9,1000.0,0.0,0.0
ed7ejbbf,CaveFlyer_5_roll_0_inner_1_pct_1_max_reward_seed_0_time_2026-04-11_02-01-51,CaveFlyer,5,1.0,reward,0,1000.0,0.0,0.0
cec7cya1,CaveFlyer_5_roll_0_inner_1_pct_1_max_reward_seed_1_time_2026-04-11_02-28-37,CaveFlyer,5,1.0,reward,1,1000.0,0.0,0.0
64337r6i,CaveFlyer_5_roll_0_inner_1_pct_1_max_reward_seed_2_time_2026-04-11_02-55-37,CaveFlyer,5,1.0,reward,2,339.0,10.0,0.029498525073746312
djirel25,CaveFlyer_5_roll_0_inner_1_pct_1_max_reward_seed_3_time_2026-04-11_03-04-37,CaveFlyer,5,1.0,reward,3,496.0,10.0,0.020161290322580645
8sxyyf20,CaveFlyer_5_roll_0_inner_1_pct_1_max_reward_seed_4_time_2026-04-11_03-17-51,CaveFlyer,5,1.0,reward,4,1000.0,0.0,0.0
qp7qlgac,CaveFlyer_5_roll_0_inner_1_pct_1_max_reward_seed_5_time_2026-04-11_03-44-12,CaveFlyer,5,1.0,reward,5,175.0,0.0,0.0
468s26z8,CaveFlyer_5_roll_0_inner_1_pct_1_max_reward_seed_6_time_2026-04-11_03-48-54,CaveFlyer,5,1.0,reward,6,12.0,0.0,0.0
13stehgy,CaveFlyer_5_roll_0_inner_1_pct_1_max_reward_seed_7_time_2026-04-11_03-49-17,CaveFlyer,5,1.0,reward,7,1000.0,0.0,0.0
8my87llr,CaveFlyer_5_roll_0_inner_1_pct_1_max_reward_seed_8_time_2026-04-11_04-15-42,CaveFlyer,5,1.0,reward,8,1000.0,0.0,0.0
38l2bswg,CaveFlyer_5_roll_0_inner_1_pct_1_max_reward_seed_9_time_2026-04-11_04-42-04,CaveFlyer,5,1.0,reward,9,1000.0,0.0,0.0
8n5q3v5t,CaveFlyer_5_roll_0_inner_1_pct_1_max_value_seed_0_time_2026-04-10_22-51-38,CaveFlyer,5,1.0,value,0,1000.0,0.0,0.0
u4kd3p8d,CaveFlyer_5_roll_0_inner_1_pct_1_max_value_seed_1_time_2026-04-10_23-18-29,CaveFlyer,5,1.0,value,1,1000.0,0.0,0.0
6z7txxvq,CaveFlyer_5_roll_0_inner_1_pct_1_max_value_seed_2_time_2026-04-10_23-44-52,CaveFlyer,5,1.0,value,2,1000.0,0.0,0.0
g2pnwojo,CaveFlyer_5_roll_0_inner_1_pct_1_max_value_seed_3_time_2026-04-11_00-11-19,CaveFlyer,5,1.0,value,3,1000.0,0.0,0.0
br9tdai3,CaveFlyer_5_roll_0_inner_1_pct_1_max_value_seed_4_time_2026-04-11_00-37-40,CaveFlyer,5,1.0,value,4,118.0,0.0,0.0
53wfxtja,CaveFlyer_5_roll_0_inner_1_pct_1_max_value_seed_5_time_2026-04-11_00-40-48,CaveFlyer,5,1.0,value,5,43.0,0.0,0.0
qsoxaosd,CaveFlyer_5_roll_0_inner_1_pct_1_max_value_seed_6_time_2026-04-11_00-42-01,CaveFlyer,5,1.0,value,6,16.0,0.0,0.0
1cqnxli1,CaveFlyer_5_roll_0_inner_1_pct_1_max_value_seed_7_time_2026-04-11_00-42-30,CaveFlyer,5,1.0,value,7,1000.0,0.0,0.0
h4igfbr0,CaveFlyer_5_roll_0_inner_1_pct_1_max_value_seed_8_time_2026-04-11_01-09-09,CaveFlyer,5,1.0,value,8,1000.0,0.0,0.0
9lpkmlhr,CaveFlyer_5_roll_0_inner_1_pct_1_max_value_seed_9_time_2026-04-11_01-35-38,CaveFlyer,5,1.0,value,9,1000.0,0.0,0.0
dw71mrb2,CaveFlyer_10_roll_0_inner_0.05_pct_1_max_reward_seed_0_time_2026-03-31_04-15-01,CaveFlyer,10,0.05,reward,0,1000.0,0.0,0.0
nguwmq1u,CaveFlyer_10_roll_0_inner_0.05_pct_1_max_reward_seed_1_time_2026-03-31_04-17-20,CaveFlyer,10,0.05,reward,1,1000.0,0.0,0.0
0gf9b4s4,CaveFlyer_10_roll_0_inner_0.05_pct_1_max_reward_seed_2_time_2026-03-31_04-19-45,CaveFlyer,10,0.05,reward,2,1000.0,0.0,0.0
z9wbtovf,CaveFlyer_10_roll_0_inner_0.05_pct_1_max_reward_seed_3_time_2026-04-01_19-22-21,CaveFlyer,10,0.05,reward,3,842.0,10.0,0.011876484560570071
lxvjm93l,CaveFlyer_10_roll_0_inner_0.05_pct_1_max_reward_seed_4_time_2026-04-01_19-24-29,CaveFlyer,10,0.05,reward,4,132.0,0.0,0.0
31lwauhh,CaveFlyer_10_roll_0_inner_0.05_pct_1_max_reward_seed_5_time_2026-04-01_19-25-07,CaveFlyer,10,0.05,reward,5,1000.0,0.0,0.0
nkuvdn3n,CaveFlyer_10_roll_0_inner_0.05_pct_1_max_reward_seed_6_time_2026-04-01_19-27-36,CaveFlyer,10,0.05,reward,6,11.0,0.0,0.0
b3p65sgu,CaveFlyer_10_roll_0_inner_0.05_pct_1_max_reward_seed_7_time_2026-04-01_19-27-46,CaveFlyer,10,0.05,reward,7,1000.0,0.0,0.0
u1usoneu,CaveFlyer_10_roll_0_inner_0.05_pct_1_max_reward_seed_8_time_2026-04-01_19-30-26,CaveFlyer,10,0.05,reward,8,698.0,0.0,0.0
a1ekrbu4,CaveFlyer_10_roll_0_inner_0.05_pct_1_max_reward_seed_9_time_2026-04-01_19-32-34,CaveFlyer,10,0.05,reward,9,696.0,10.0,0.014367816091954023
fzorfr7i,CaveFlyer_10_roll_0_inner_0.05_pct_1_max_value_seed_0_time_2026-03-31_04-07-07,CaveFlyer,10,0.05,value,0,1000.0,0.0,0.0
2r51oo52,CaveFlyer_10_roll_0_inner_0.05_pct_1_max_value_seed_1_time_2026-03-31_04-09-22,CaveFlyer,10,0.05,value,1,1000.0,0.0,0.0
c0cqnyij,CaveFlyer_10_roll_0_inner_0.05_pct_1_max_value_seed_2_time_2026-03-31_04-11-53,CaveFlyer,10,0.05,value,2,1000.0,0.0,0.0
y5c7rmy2,CaveFlyer_10_roll_0_inner_0.05_pct_1_max_value_seed_3_time_2026-04-01_19-10-32,CaveFlyer,10,0.05,value,3,1000.0,0.0,0.0
xabahp7z,CaveFlyer_10_roll_0_inner_0.05_pct_1_max_value_seed_4_time_2026-04-01_19-13-05,CaveFlyer,10,0.05,value,4,1000.0,0.0,0.0
sm673w98,CaveFlyer_10_roll_0_inner_0.05_pct_1_max_value_seed_5_time_2026-04-01_19-16-11,CaveFlyer,10,0.05,value,5,727.0,0.0,0.0
q0f3ocgz,CaveFlyer_10_roll_0_inner_0.05_pct_1_max_value_seed_6_time_2026-04-01_19-18-06,CaveFlyer,10,0.05,value,6,11.0,0.0,0.0
st3o1cdc,CaveFlyer_10_roll_0_inner_0.05_pct_1_max_value_seed_7_time_2026-04-01_19-18-17,CaveFlyer,10,0.05,value,7,1000.0,0.0,0.0
7fkt8e9t,CaveFlyer_10_roll_0_inner_0.05_pct_1_max_value_seed_8_time_2026-04-01_19-21-15,CaveFlyer,10,0.05,value,8,78.0,10.0,0.1282051282051282
lvughx6z,CaveFlyer_10_roll_0_inner_0.05_pct_1_max_value_seed_9_time_2026-04-01_19-21-45,CaveFlyer,10,0.05,value,9,220.0,10.0,0.045454545454545456
lixdja8t,CaveFlyer_10_roll_0_inner_0.1_pct_1_max_reward_seed_0_time_2026-03-31_04-34-19,CaveFlyer,10,0.1,reward,0,1000.0,0.0,0.0
xrxdpbby,CaveFlyer_10_roll_0_inner_0.1_pct_1_max_reward_seed_1_time_2026-03-31_04-37-50,CaveFlyer,10,0.1,reward,1,1000.0,0.0,0.0
fevkv3ef,CaveFlyer_10_roll_0_inner_0.1_pct_1_max_reward_seed_2_time_2026-03-31_04-41-27,CaveFlyer,10,0.1,reward,2,1000.0,0.0,0.0
nz8jehvl,CaveFlyer_10_roll_0_inner_0.1_pct_1_max_reward_seed_3_time_2026-04-01_19-55-30,CaveFlyer,10,0.1,reward,3,170.0,10.0,0.058823529411764705
de9z67tr,CaveFlyer_10_roll_0_inner_0.1_pct_1_max_reward_seed_4_time_2026-04-01_19-56-12,CaveFlyer,10,0.1,reward,4,1000.0,0.0,0.0
ohhtiv2l,CaveFlyer_10_roll_0_inner_0.1_pct_1_max_reward_seed_5_time_2026-04-01_19-59-45,CaveFlyer,10,0.1,reward,5,277.0,0.0,0.0
x3ebkpvw,CaveFlyer_10_roll_0_inner_0.1_pct_1_max_reward_seed_6_time_2026-04-01_20-01-01,CaveFlyer,10,0.1,reward,6,11.0,0.0,0.0
nnse0zr0,CaveFlyer_10_roll_0_inner_0.1_pct_1_max_reward_seed_7_time_2026-04-01_20-01-12,CaveFlyer,10,0.1,reward,7,1000.0,0.0,0.0
vxdjhvgd,CaveFlyer_10_roll_0_inner_0.1_pct_1_max_reward_seed_8_time_2026-04-01_20-05-28,CaveFlyer,10,0.1,reward,8,614.0,10.0,0.016286644951140065
zlmiiool,CaveFlyer_10_roll_0_inner_0.1_pct_1_max_reward_seed_9_time_2026-04-01_20-08-12,CaveFlyer,10,0.1,reward,9,564.0,10.0,0.01773049645390071
uujft383,CaveFlyer_10_roll_0_inner_0.1_pct_1_max_value_seed_0_time_2026-03-31_04-22-44,CaveFlyer,10,0.1,value,0,1000.0,0.0,0.0
0b1d67ff,CaveFlyer_10_roll_0_inner_0.1_pct_1_max_value_seed_1_time_2026-03-31_04-26-11,CaveFlyer,10,0.1,value,1,1000.0,0.0,0.0
c0jy5md1,CaveFlyer_10_roll_0_inner_0.1_pct_1_max_value_seed_2_time_2026-03-31_04-29-54,CaveFlyer,10,0.1,value,2,1000.0,0.0,0.0
067dtuwx,CaveFlyer_10_roll_0_inner_0.1_pct_1_max_value_seed_3_time_2026-04-01_19-34-25,CaveFlyer,10,0.1,value,3,1000.0,0.0,0.0
7l9q5jjp,CaveFlyer_10_roll_0_inner_0.1_pct_1_max_value_seed_4_time_2026-04-01_19-37-50,CaveFlyer,10,0.1,value,4,599.0,0.0,0.0
nt81xoz6,CaveFlyer_10_roll_0_inner_0.1_pct_1_max_value_seed_5_time_2026-04-01_19-40-15,CaveFlyer,10,0.1,value,5,677.0,0.0,0.0
jcs1jqxw,CaveFlyer_10_roll_0_inner_0.1_pct_1_max_value_seed_6_time_2026-04-01_19-43-01,CaveFlyer,10,0.1,value,6,11.0,0.0,0.0
qjpzch74,CaveFlyer_10_roll_0_inner_0.1_pct_1_max_value_seed_7_time_2026-04-01_19-43-13,CaveFlyer,10,0.1,value,7,1000.0,0.0,0.0
7ilc3hb3,CaveFlyer_10_roll_0_inner_0.1_pct_1_max_value_seed_8_time_2026-04-01_19-47-36,CaveFlyer,10,0.1,value,8,1000.0,0.0,0.0
hyz44sx7,CaveFlyer_10_roll_0_inner_0.1_pct_1_max_value_seed_9_time_2026-04-01_19-51-27,CaveFlyer,10,0.1,value,9,1000.0,0.0,0.0
7irjmxnj,CaveFlyer_10_roll_0_inner_0.2_pct_1_max_reward_seed_0_time_2026-03-31_05-01-48,CaveFlyer,10,0.2,reward,0,1000.0,0.0,0.0
6j0m8tu2,CaveFlyer_10_roll_0_inner_0.2_pct_1_max_reward_seed_1_time_2026-03-31_05-08-25,CaveFlyer,10,0.2,reward,1,1000.0,0.0,0.0
6snqehmv,CaveFlyer_10_roll_0_inner_0.2_pct_1_max_reward_seed_2_time_2026-03-31_05-13-46,CaveFlyer,10,0.2,reward,2,1000.0,0.0,0.0
rgnbpshx,CaveFlyer_10_roll_0_inner_0.2_pct_1_max_reward_seed_3_time_2026-04-01_20-46-00,CaveFlyer,10,0.2,reward,3,1000.0,0.0,0.0
8fulesi3,CaveFlyer_10_roll_0_inner_0.2_pct_1_max_reward_seed_4_time_2026-04-01_20-52-16,CaveFlyer,10,0.2,reward,4,859.0,0.0,0.0
9npy69g4,CaveFlyer_10_roll_0_inner_0.2_pct_1_max_reward_seed_5_time_2026-04-01_20-58-28,CaveFlyer,10,0.2,reward,5,466.0,0.0,0.0
h05kf9xc,CaveFlyer_10_roll_0_inner_0.2_pct_1_max_reward_seed_6_time_2026-04-01_21-01-07,CaveFlyer,10,0.2,reward,6,11.0,0.0,0.0
xnpzwaad,CaveFlyer_10_roll_0_inner_0.2_pct_1_max_reward_seed_7_time_2026-04-01_21-01-18,CaveFlyer,10,0.2,reward,7,1000.0,0.0,0.0
5dsxo828,CaveFlyer_10_roll_0_inner_0.2_pct_1_max_reward_seed_8_time_2026-04-01_21-07-06,CaveFlyer,10,0.2,reward,8,206.0,10.0,0.04854368932038835
si6iyd16,CaveFlyer_10_roll_0_inner_0.2_pct_1_max_reward_seed_9_time_2026-04-01_21-08-34,CaveFlyer,10,0.2,reward,9,1000.0,0.0,0.0
wyaaxwaa,CaveFlyer_10_roll_0_inner_0.2_pct_1_max_value_seed_0_time_2026-03-31_04-45-11,CaveFlyer,10,0.2,value,0,1000.0,0.0,0.0
2rfckfq4,CaveFlyer_10_roll_0_inner_0.2_pct_1_max_value_seed_1_time_2026-03-31_04-51-05,CaveFlyer,10,0.2,value,1,782.0,0.0,0.0
7qc6evnl,CaveFlyer_10_roll_0_inner_0.2_pct_1_max_value_seed_2_time_2026-03-31_04-55-50,CaveFlyer,10,0.2,value,2,1000.0,0.0,0.0
qqstkniu,CaveFlyer_10_roll_0_inner_0.2_pct_1_max_value_seed_3_time_2026-04-01_20-09-53,CaveFlyer,10,0.2,value,3,1000.0,0.0,0.0
oul4irsi,CaveFlyer_10_roll_0_inner_0.2_pct_1_max_value_seed_4_time_2026-04-01_20-15-46,CaveFlyer,10,0.2,value,4,1000.0,0.0,0.0
6zctnbff,CaveFlyer_10_roll_0_inner_0.2_pct_1_max_value_seed_5_time_2026-04-01_20-22-03,CaveFlyer,10,0.2,value,5,1000.0,0.0,0.0
7sp8ky80,CaveFlyer_10_roll_0_inner_0.2_pct_1_max_value_seed_6_time_2026-04-01_20-27-23,CaveFlyer,10,0.2,value,6,11.0,0.0,0.0
t2vkumy4,CaveFlyer_10_roll_0_inner_0.2_pct_1_max_value_seed_7_time_2026-04-01_20-27-34,CaveFlyer,10,0.2,value,7,1000.0,0.0,0.0
04nmlsmw,CaveFlyer_10_roll_0_inner_0.2_pct_1_max_value_seed_8_time_2026-04-01_20-34-03,CaveFlyer,10,0.2,value,8,1000.0,0.0,0.0
0x28hzaa,CaveFlyer_10_roll_0_inner_0.2_pct_1_max_value_seed_9_time_2026-04-01_20-39-55,CaveFlyer,10,0.2,value,9,1000.0,0.0,0.0
8z74kfab,CaveFlyer_10_roll_0_inner_0.5_pct_1_max_reward_seed_0_time_2026-03-31_05-52-34,CaveFlyer,10,0.5,reward,0,1000.0,0.0,0.0
3ropmx8g,CaveFlyer_10_roll_0_inner_0.5_pct_1_max_reward_seed_1_time_2026-03-31_06-02-56,CaveFlyer,10,0.5,reward,1,1000.0,0.0,0.0
br3tjah2,CaveFlyer_10_roll_0_inner_0.5_pct_1_max_reward_seed_2_time_2026-03-31_06-14-23,CaveFlyer,10,0.5,reward,2,1000.0,0.0,0.0
3vm5pt0z,CaveFlyer_10_roll_0_inner_0.5_pct_1_max_reward_seed_3_time_2026-04-01_22-08-17,CaveFlyer,10,0.5,reward,3,1000.0,0.0,0.0
zore8oiv,CaveFlyer_10_roll_0_inner_0.5_pct_1_max_reward_seed_4_time_2026-04-01_22-19-12,CaveFlyer,10,0.5,reward,4,889.0,0.0,0.0
rclktske,CaveFlyer_10_roll_0_inner_0.5_pct_1_max_reward_seed_5_time_2026-04-01_22-29-04,CaveFlyer,10,0.5,reward,5,160.0,0.0,0.0
g16il27x,CaveFlyer_10_roll_0_inner_0.5_pct_1_max_reward_seed_6_time_2026-04-01_22-30-51,CaveFlyer,10,0.5,reward,6,20.0,0.0,0.0
ipq61j32,CaveFlyer_10_roll_0_inner_0.5_pct_1_max_reward_seed_7_time_2026-04-01_22-31-11,CaveFlyer,10,0.5,reward,7,1000.0,0.0,0.0
nmbdy641,CaveFlyer_10_roll_0_inner_0.5_pct_1_max_reward_seed_8_time_2026-04-01_22-42-16,CaveFlyer,10,0.5,reward,8,1000.0,0.0,0.0
kozofwuy,CaveFlyer_10_roll_0_inner_0.5_pct_1_max_reward_seed_9_time_2026-04-01_22-52-38,CaveFlyer,10,0.5,reward,9,747.0,10.0,0.013386880856760375
j4bc88rc,CaveFlyer_10_roll_0_inner_0.5_pct_1_max_value_seed_0_time_2026-03-31_05-20-10,CaveFlyer,10,0.5,value,0,1000.0,0.0,0.0
b26lty3m,CaveFlyer_10_roll_0_inner_0.5_pct_1_max_value_seed_1_time_2026-03-31_05-30-43,CaveFlyer,10,0.5,value,1,1000.0,0.0,0.0
j7sz8s1i,CaveFlyer_10_roll_0_inner_0.5_pct_1_max_value_seed_2_time_2026-03-31_05-42-02,CaveFlyer,10,0.5,value,2,1000.0,0.0,0.0
khn37ub5,CaveFlyer_10_roll_0_inner_0.5_pct_1_max_value_seed_3_time_2026-04-01_21-15-07,CaveFlyer,10,0.5,value,3,1000.0,0.0,0.0
eue9h1gj,CaveFlyer_10_roll_0_inner_0.5_pct_1_max_value_seed_4_time_2026-04-01_21-25-56,CaveFlyer,10,0.5,value,4,889.0,0.0,0.0
jbzooae8,CaveFlyer_10_roll_0_inner_0.5_pct_1_max_value_seed_5_time_2026-04-01_21-35-45,CaveFlyer,10,0.5,value,5,160.0,0.0,0.0
7goxj49e,CaveFlyer_10_roll_0_inner_0.5_pct_1_max_value_seed_6_time_2026-04-01_21-37-29,CaveFlyer,10,0.5,value,6,20.0,0.0,0.0
71l8l2li,CaveFlyer_10_roll_0_inner_0.5_pct_1_max_value_seed_7_time_2026-04-01_21-37-58,CaveFlyer,10,0.5,value,7,1000.0,0.0,0.0
f166xu1x,CaveFlyer_10_roll_0_inner_0.5_pct_1_max_value_seed_8_time_2026-04-01_21-48-50,CaveFlyer,10,0.5,value,8,1000.0,0.0,0.0
6pn752a1,CaveFlyer_10_roll_0_inner_0.5_pct_1_max_value_seed_9_time_2026-04-01_21-59-16,CaveFlyer,10,0.5,value,9,827.0,10.0,0.012091898428053204
flk14v1d,Chaser_5_roll_0_inner_0.05_pct_1_max_reward_seed_0_time_2026-03-31_08-07-56,Chaser,5,0.05,reward,0,128.0,0.2799999713897705,0.002187499776482582
8uycysck,Chaser_5_roll_0_inner_0.05_pct_1_max_reward_seed_1_time_2026-03-31_08-08-17,Chaser,5,0.05,reward,1,132.0,0.880000114440918,0.006666667533643318
n5fm59bp,Chaser_5_roll_0_inner_0.05_pct_1_max_reward_seed_2_time_2026-03-31_08-08-41,Chaser,5,0.05,reward,2,124.0,0.559999942779541,0.00451612857080275
9fmnizef,Chaser_5_roll_0_inner_0.05_pct_1_max_reward_seed_3_time_2026-04-02_01-49-54,Chaser,5,0.05,reward,3,100.0,0.559999942779541,0.00559999942779541
wuiv9uxm,Chaser_5_roll_0_inner_0.05_pct_1_max_reward_seed_4_time_2026-04-02_01-50-11,Chaser,5,0.05,reward,4,104.0,0.31999996304512024,0.0030769227215876947
axpboscz,Chaser_5_roll_0_inner_0.05_pct_1_max_reward_seed_5_time_2026-04-02_01-50-30,Chaser,5,0.05,reward,5,72.0,0.11999999731779099,0.0016666666294137638
srupwjdk,Chaser_5_roll_0_inner_0.05_pct_1_max_reward_seed_6_time_2026-04-02_01-50-48,Chaser,5,0.05,reward,6,68.0,0.43999993801116943,0.006470587323693668
9jkcjdjh,Chaser_5_roll_0_inner_0.05_pct_1_max_reward_seed_7_time_2026-04-02_01-51-00,Chaser,5,0.05,reward,7,68.0,0.23999997973442078,0.0035294114666826583
y4rtmsnp,Chaser_5_roll_0_inner_0.05_pct_1_max_reward_seed_8_time_2026-04-02_01-51-17,Chaser,5,0.05,reward,8,106.0,0.559999942779541,0.005283018328108877
188b3y4a,Chaser_5_roll_0_inner_0.05_pct_1_max_reward_seed_9_time_2026-04-02_01-51-35,Chaser,5,0.05,reward,9,64.0,0.11999999731779099,0.0018749999580904841
b4ebls91,Chaser_5_roll_0_inner_0.05_pct_1_max_value_seed_0_time_2026-03-31_08-07-05,Chaser,5,0.05,value,0,128.0,0.2799999713897705,0.002187499776482582
w59aqwwl,Chaser_5_roll_0_inner_0.05_pct_1_max_value_seed_1_time_2026-03-31_08-07-26,Chaser,5,0.05,value,1,132.0,0.880000114440918,0.006666667533643318
mkm0gs8y,Chaser_5_roll_0_inner_0.05_pct_1_max_value_seed_2_time_2026-03-31_08-07-43,Chaser,5,0.05,value,2,124.0,0.5199999213218689,0.004193547752595717
s3iczvd8,Chaser_5_roll_0_inner_0.05_pct_1_max_value_seed_3_time_2026-04-02_01-48-00,Chaser,5,0.05,value,3,100.0,0.559999942779541,0.00559999942779541
1iv14ymz,Chaser_5_roll_0_inner_0.05_pct_1_max_value_seed_4_time_2026-04-02_01-48-16,Chaser,5,0.05,value,4,104.0,0.31999996304512024,0.0030769227215876947
8dpmnsxp,Chaser_5_roll_0_inner_0.05_pct_1_max_value_seed_5_time_2026-04-02_01-48-36,Chaser,5,0.05,value,5,72.0,0.11999999731779099,0.0016666666294137638
b6r9qcd5,Chaser_5_roll_0_inner_0.05_pct_1_max_value_seed_6_time_2026-04-02_01-48-54,Chaser,5,0.05,value,6,68.0,0.43999993801116943,0.006470587323693668
he5ge85q,Chaser_5_roll_0_inner_0.05_pct_1_max_value_seed_7_time_2026-04-02_01-49-07,Chaser,5,0.05,value,7,68.0,0.23999997973442078,0.0035294114666826583
z14s6ra6,Chaser_5_roll_0_inner_0.05_pct_1_max_value_seed_8_time_2026-04-02_01-49-23,Chaser,5,0.05,value,8,106.0,0.559999942779541,0.005283018328108877
fbz1btks,Chaser_5_roll_0_inner_0.05_pct_1_max_value_seed_9_time_2026-04-02_01-49-41,Chaser,5,0.05,value,9,64.0,0.07999999821186066,0.0012499999720603228
a1z2fo79,Chaser_5_roll_0_inner_0.1_pct_1_max_reward_seed_0_time_2026-03-31_08-10-13,Chaser,5,0.1,reward,0,214.0,0.43999993801116943,0.0020560744766877077
7zd5gaeg,Chaser_5_roll_0_inner_0.1_pct_1_max_reward_seed_1_time_2026-03-31_08-10-49,Chaser,5,0.1,reward,1,132.0,0.880000114440918,0.006666667533643318
7nml9oyh,Chaser_5_roll_0_inner_0.1_pct_1_max_reward_seed_2_time_2026-03-31_08-11-21,Chaser,5,0.1,reward,2,124.0,0.559999942779541,0.00451612857080275
lfj0incu,Chaser_5_roll_0_inner_0.1_pct_1_max_reward_seed_3_time_2026-04-02_01-54-07,Chaser,5,0.1,reward,3,100.0,0.559999942779541,0.00559999942779541
cjsmp5kh,Chaser_5_roll_0_inner_0.1_pct_1_max_reward_seed_4_time_2026-04-02_01-54-32,Chaser,5,0.1,reward,4,104.0,0.31999996304512024,0.0030769227215876947
8oub6eav,Chaser_5_roll_0_inner_0.1_pct_1_max_reward_seed_5_time_2026-04-02_01-54-53,Chaser,5,0.1,reward,5,72.0,0.11999999731779099,0.0016666666294137638
5t1qul6p,Chaser_5_roll_0_inner_0.1_pct_1_max_reward_seed_6_time_2026-04-02_01-55-11,Chaser,5,0.1,reward,6,68.0,0.43999993801116943,0.006470587323693668
so90o4pn,Chaser_5_roll_0_inner_0.1_pct_1_max_reward_seed_7_time_2026-04-02_01-55-23,Chaser,5,0.1,reward,7,68.0,0.23999997973442078,0.0035294114666826583
lebyzk13,Chaser_5_roll_0_inner_0.1_pct_1_max_reward_seed_8_time_2026-04-02_01-55-38,Chaser,5,0.1,reward,8,106.0,0.559999942779541,0.005283018328108877
zoovz8co,Chaser_5_roll_0_inner_0.1_pct_1_max_reward_seed_9_time_2026-04-02_01-55-58,Chaser,5,0.1,reward,9,64.0,0.11999999731779099,0.0018749999580904841
1fyoab1q,Chaser_5_roll_0_inner_0.1_pct_1_max_value_seed_0_time_2026-03-31_08-08-54,Chaser,5,0.1,value,0,134.0,0.43999993801116943,0.0032835816269490255
ujgg8lij,Chaser_5_roll_0_inner_0.1_pct_1_max_value_seed_1_time_2026-03-31_08-09-23,Chaser,5,0.1,value,1,132.0,0.880000114440918,0.006666667533643318
6nr0f5xc,Chaser_5_roll_0_inner_0.1_pct_1_max_value_seed_2_time_2026-03-31_08-09-52,Chaser,5,0.1,value,2,124.0,0.559999942779541,0.00451612857080275
jqnqgzwr,Chaser_5_roll_0_inner_0.1_pct_1_max_value_seed_3_time_2026-04-02_01-51-48,Chaser,5,0.1,value,3,100.0,0.559999942779541,0.00559999942779541
99rh2iat,Chaser_5_roll_0_inner_0.1_pct_1_max_value_seed_4_time_2026-04-02_01-52-05,Chaser,5,0.1,value,4,104.0,0.31999996304512024,0.0030769227215876947
m6bsvubx,Chaser_5_roll_0_inner_0.1_pct_1_max_value_seed_5_time_2026-04-02_01-52-35,Chaser,5,0.1,value,5,72.0,0.11999999731779099,0.0016666666294137638
c203wyve,Chaser_5_roll_0_inner_0.1_pct_1_max_value_seed_6_time_2026-04-02_01-52-54,Chaser,5,0.1,value,6,68.0,0.43999993801116943,0.006470587323693668
z59b52of,Chaser_5_roll_0_inner_0.1_pct_1_max_value_seed_7_time_2026-04-02_01-53-12,Chaser,5,0.1,value,7,68.0,0.23999997973442078,0.0035294114666826583
14umafea,Chaser_5_roll_0_inner_0.1_pct_1_max_value_seed_8_time_2026-04-02_01-53-27,Chaser,5,0.1,value,8,106.0,0.559999942779541,0.005283018328108877
ltwlx85g,Chaser_5_roll_0_inner_0.1_pct_1_max_value_seed_9_time_2026-04-02_01-53-47,Chaser,5,0.1,value,9,64.0,0.11999999731779099,0.0018749999580904841
wuyzq5i2,Chaser_5_roll_0_inner_0.2_pct_1_max_reward_seed_0_time_2026-03-31_08-13-31,Chaser,5,0.2,reward,0,152.0,0.43999993801116943,0.0028947364342840095
lg2lbk5k,Chaser_5_roll_0_inner_0.2_pct_1_max_reward_seed_1_time_2026-03-31_08-14-13,Chaser,5,0.2,reward,1,132.0,0.8800000548362732,0.0066666670820929785
4gk3h565,Chaser_5_roll_0_inner_0.2_pct_1_max_reward_seed_2_time_2026-03-31_08-14-45,Chaser,5,0.2,reward,2,124.0,0.5999999642372131,0.004838709389009784
1nq0a8du,Chaser_5_roll_0_inner_0.2_pct_1_max_reward_seed_3_time_2026-04-02_01-59-40,Chaser,5,0.2,reward,3,100.0,0.559999942779541,0.00559999942779541
jgm40jb4,Chaser_5_roll_0_inner_0.2_pct_1_max_reward_seed_4_time_2026-04-02_02-00-16,Chaser,5,0.2,reward,4,104.0,0.31999996304512024,0.0030769227215876947
hfo65b00,Chaser_5_roll_0_inner_0.2_pct_1_max_reward_seed_5_time_2026-04-02_02-00-50,Chaser,5,0.2,reward,5,80.0,0.1599999964237213,0.0019999999552965165
cny3mhm6,Chaser_5_roll_0_inner_0.2_pct_1_max_reward_seed_6_time_2026-04-02_02-01-18,Chaser,5,0.2,reward,6,68.0,0.43999993801116943,0.006470587323693668
x3iik1oq,Chaser_5_roll_0_inner_0.2_pct_1_max_reward_seed_7_time_2026-04-02_02-01-37,Chaser,5,0.2,reward,7,66.0,0.2799999713897705,0.004242423808935917
xhbzb2qw,Chaser_5_roll_0_inner_0.2_pct_1_max_reward_seed_8_time_2026-04-02_02-02-01,Chaser,5,0.2,reward,8,106.0,0.5999999642372131,0.005660377021105784
8l2s6smg,Chaser_5_roll_0_inner_0.2_pct_1_max_reward_seed_9_time_2026-04-02_02-02-38,Chaser,5,0.2,reward,9,64.0,0.11999999731779099,0.0018749999580904841
hhnocvt5,Chaser_5_roll_0_inner_0.2_pct_1_max_value_seed_0_time_2026-03-31_08-11-42,Chaser,5,0.2,value,0,112.0,0.3999999463558197,0.0035714280924626757
rr6dz81w,Chaser_5_roll_0_inner_0.2_pct_1_max_value_seed_1_time_2026-03-31_08-12-16,Chaser,5,0.2,value,1,132.0,0.880000114440918,0.006666667533643318
w4fo91vy,Chaser_5_roll_0_inner_0.2_pct_1_max_value_seed_2_time_2026-03-31_08-12-52,Chaser,5,0.2,value,2,124.0,0.5999999642372131,0.004838709389009784
k5sdzbip,Chaser_5_roll_0_inner_0.2_pct_1_max_value_seed_3_time_2026-04-02_01-56-18,Chaser,5,0.2,value,3,103.0,0.559999942779541,0.005436892648345059
ych5w5tx,Chaser_5_roll_0_inner_0.2_pct_1_max_value_seed_4_time_2026-04-02_01-56-56,Chaser,5,0.2,value,4,104.0,0.31999996304512024,0.0030769227215876947
rkikcqm4,Chaser_5_roll_0_inner_0.2_pct_1_max_value_seed_5_time_2026-04-02_01-57-30,Chaser,5,0.2,value,5,72.0,0.11999999731779099,0.0016666666294137638
zs7bbiw5,Chaser_5_roll_0_inner_0.2_pct_1_max_value_seed_6_time_2026-04-02_01-57-55,Chaser,5,0.2,value,6,68.0,0.43999993801116943,0.006470587323693668
9g9yzgpn,Chaser_5_roll_0_inner_0.2_pct_1_max_value_seed_7_time_2026-04-02_01-58-22,Chaser,5,0.2,value,7,66.0,0.2799999713897705,0.004242423808935917
tv8k5ils,Chaser_5_roll_0_inner_0.2_pct_1_max_value_seed_8_time_2026-04-02_01-58-46,Chaser,5,0.2,value,8,106.0,0.559999942779541,0.005283018328108877
a871j543,Chaser_5_roll_0_inner_0.2_pct_1_max_value_seed_9_time_2026-04-02_01-59-17,Chaser,5,0.2,value,9,64.0,0.11999999731779099,0.0018749999580904841
fg1ivyju,Chaser_5_roll_0_inner_0.5_pct_1_max_reward_seed_0_time_2026-03-31_08-19-52,Chaser,5,0.5,reward,0,156.0,0.47999992966651917,0.0030769226260674307
py3s0zob,Chaser_5_roll_0_inner_0.5_pct_1_max_reward_seed_1_time_2026-03-31_08-21-15,Chaser,5,0.5,reward,1,161.0,0.9200001358985901,0.005714286558376336
lk78t3dl,Chaser_5_roll_0_inner_0.5_pct_1_max_reward_seed_2_time_2026-03-31_08-22-46,Chaser,5,0.5,reward,2,166.0,0.6800000071525574,0.0040963855852563695
bikquxyf,Chaser_5_roll_0_inner_0.5_pct_1_max_reward_seed_3_time_2026-04-02_02-08-36,Chaser,5,0.5,reward,3,100.0,0.5999999642372131,0.005999999642372131
g7ds3hbj,Chaser_5_roll_0_inner_0.5_pct_1_max_reward_seed_4_time_2026-04-02_02-09-29,Chaser,5,0.5,reward,4,109.0,0.31999996304512024,0.002935779477478167
m5x2lc8e,Chaser_5_roll_0_inner_0.5_pct_1_max_reward_seed_5_time_2026-04-02_02-10-38,Chaser,5,0.5,reward,5,58.0,0.1599999964237213,0.002758620627995195
qr14rfnd,Chaser_5_roll_0_inner_0.5_pct_1_max_reward_seed_6_time_2026-04-02_02-11-14,Chaser,5,0.5,reward,6,66.0,0.43999993801116943,0.006666665727441961
bcbovpqv,Chaser_5_roll_0_inner_0.5_pct_1_max_reward_seed_7_time_2026-04-02_02-12-02,Chaser,5,0.5,reward,7,68.0,0.2799999713897705,0.00411764663808486
u2dwdi2c,Chaser_5_roll_0_inner_0.5_pct_1_max_reward_seed_8_time_2026-04-02_02-12-38,Chaser,5,0.5,reward,8,210.0,0.7200000286102295,0.0034285715648106167
2d4vrxr1,Chaser_5_roll_0_inner_0.5_pct_1_max_reward_seed_9_time_2026-04-02_02-14-34,Chaser,5,0.5,reward,9,63.0,0.19999998807907104,0.00317460298538208
i6zks5tq,Chaser_5_roll_0_inner_0.5_pct_1_max_value_seed_0_time_2026-03-31_08-15-24,Chaser,5,0.5,value,0,155.0,0.43999993801116943,0.0028387092774914157
j1kt11as,Chaser_5_roll_0_inner_0.5_pct_1_max_value_seed_1_time_2026-03-31_08-16-41,Chaser,5,0.5,value,1,158.0,0.9200001358985901,0.005822785670244241
swi8pboj,Chaser_5_roll_0_inner_0.5_pct_1_max_value_seed_2_time_2026-03-31_08-18-09,Chaser,5,0.5,value,2,183.0,0.7200000286102295,0.003934426385848249
sllpoxv5,Chaser_5_roll_0_inner_0.5_pct_1_max_value_seed_3_time_2026-04-02_02-02-58,Chaser,5,0.5,value,3,141.0,0.5999999642372131,0.004255318895299384
5idefipu,Chaser_5_roll_0_inner_0.5_pct_1_max_value_seed_4_time_2026-04-02_02-04-12,Chaser,5,0.5,value,4,101.0,0.31999996304512024,0.00316831646579327
agbqwyzv,Chaser_5_roll_0_inner_0.5_pct_1_max_value_seed_5_time_2026-04-02_02-05-05,Chaser,5,0.5,value,5,58.0,0.1599999964237213,0.002758620627995195
qi43bn5m,Chaser_5_roll_0_inner_0.5_pct_1_max_value_seed_6_time_2026-04-02_02-05-42,Chaser,5,0.5,value,6,67.0,0.47999992966651917,0.007164178054724166
82cncw84,Chaser_5_roll_0_inner_0.5_pct_1_max_value_seed_7_time_2026-04-02_02-06-21,Chaser,5,0.5,value,7,68.0,0.2799999713897705,0.00411764663808486
bqh3s9ta,Chaser_5_roll_0_inner_0.5_pct_1_max_value_seed_8_time_2026-04-02_02-06-54,Chaser,5,0.5,value,8,119.0,0.6399999856948853,0.005378151140293153
7mux1y0z,Chaser_5_roll_0_inner_0.5_pct_1_max_value_seed_9_time_2026-04-02_02-07-52,Chaser,5,0.5,value,9,63.0,0.19999998807907104,0.00317460298538208
72okeiym,Chaser_5_roll_0_inner_1_pct_1_max_reward_seed_0_time_2026-04-11_07-17-40,Chaser,5,1.0,reward,0,139.0,1.519999623298645,0.010935249088479461
rdh9hkoi,Chaser_5_roll_0_inner_1_pct_1_max_reward_seed_1_time_2026-04-11_07-21-20,Chaser,5,1.0,reward,1,221.0,1.8399993181228638,0.008325788769786714
oklrkqq7,Chaser_5_roll_0_inner_1_pct_1_max_reward_seed_2_time_2026-04-11_07-27-08,Chaser,5,1.0,reward,2,159.0,1.3599997758865356,0.008553457709978212
56xa137s,Chaser_5_roll_0_inner_1_pct_1_max_reward_seed_3_time_2026-04-11_07-31-18,Chaser,5,1.0,reward,3,150.0,1.399999737739563,0.00933333158493042
71u2jil1,Chaser_5_roll_0_inner_1_pct_1_max_reward_seed_4_time_2026-04-11_07-35-15,Chaser,5,1.0,reward,4,188.0,1.3599997758865356,0.007234041361098594
0s5e3agp,Chaser_5_roll_0_inner_1_pct_1_max_reward_seed_5_time_2026-04-11_07-40-10,Chaser,5,1.0,reward,5,53.0,0.559999942779541,0.010566036656217755
3v8neobo,Chaser_5_roll_0_inner_1_pct_1_max_reward_seed_6_time_2026-04-11_07-41-36,Chaser,5,1.0,reward,6,150.0,1.399999737739563,0.00933333158493042
agjevh5r,Chaser_5_roll_0_inner_1_pct_1_max_reward_seed_7_time_2026-04-11_07-45-33,Chaser,5,1.0,reward,7,102.0,0.880000114440918,0.00862745210236194
voz5x3x9,Chaser_5_roll_0_inner_1_pct_1_max_reward_seed_8_time_2026-04-11_07-48-14,Chaser,5,1.0,reward,8,155.0,1.1200000047683716,0.0072258064823765905
zdm96x6e,Chaser_5_roll_0_inner_1_pct_1_max_reward_seed_9_time_2026-04-11_07-52-16,Chaser,5,1.0,reward,9,56.0,0.43999993801116943,0.007857141750199454
gt5qezqp,Chaser_5_roll_0_inner_1_pct_1_max_value_seed_0_time_2026-04-11_06-44-16,Chaser,5,1.0,value,0,258.0,0.6800000071525574,0.002635658942451773
avm2xf43,Chaser_5_roll_0_inner_1_pct_1_max_value_seed_1_time_2026-04-11_06-51-01,Chaser,5,1.0,value,1,99.0,0.43999993801116943,0.0044444438182946406
l04u9tot,Chaser_5_roll_0_inner_1_pct_1_max_value_seed_2_time_2026-04-11_06-53-37,Chaser,5,1.0,value,2,126.0,0.9200001358985901,0.0073015883801475405
8zc5yv6f,Chaser_5_roll_0_inner_1_pct_1_max_value_seed_3_time_2026-04-11_06-56-55,Chaser,5,1.0,value,3,98.0,0.8400000929832458,0.008571429520237202
pfgawhzf,Chaser_5_roll_0_inner_1_pct_1_max_value_seed_4_time_2026-04-11_06-59-30,Chaser,5,1.0,value,4,97.0,0.35999995470046997,0.0037113397391801027
d9h3rhev,Chaser_5_roll_0_inner_1_pct_1_max_value_seed_5_time_2026-04-11_07-02-07,Chaser,5,1.0,value,5,64.0,0.3999999463558197,0.006249999161809683
hk9j1czt,Chaser_5_roll_0_inner_1_pct_1_max_value_seed_6_time_2026-04-11_07-03-50,Chaser,5,1.0,value,6,54.0,0.559999942779541,0.010370369310732241
ywqh7th0,Chaser_5_roll_0_inner_1_pct_1_max_value_seed_7_time_2026-04-11_07-05-17,Chaser,5,1.0,value,7,126.0,0.5999999642372131,0.00476190447807312
4judnzko,Chaser_5_roll_0_inner_1_pct_1_max_value_seed_8_time_2026-04-11_07-08-35,Chaser,5,1.0,value,8,189.0,1.0000001192092896,0.0052910059217422725
05sod957,Chaser_5_roll_0_inner_1_pct_1_max_value_seed_9_time_2026-04-11_07-13-34,Chaser,5,1.0,value,9,156.0,1.2399998903274536,0.007948717245688805
ki1gfjx4,Chaser_10_roll_0_inner_0.05_pct_1_max_reward_seed_0_time_2026-03-31_08-25-19,Chaser,10,0.05,reward,0,128.0,0.2799999713897705,0.002187499776482582
5gm56zg3,Chaser_10_roll_0_inner_0.05_pct_1_max_reward_seed_1_time_2026-03-31_08-25-35,Chaser,10,0.05,reward,1,132.0,0.880000114440918,0.006666667533643318
h3q2l1ji,Chaser_10_roll_0_inner_0.05_pct_1_max_reward_seed_2_time_2026-03-31_08-25-59,Chaser,10,0.05,reward,2,124.0,0.559999942779541,0.00451612857080275
49x42olj,Chaser_10_roll_0_inner_0.05_pct_1_max_reward_seed_3_time_2026-04-02_02-17-41,Chaser,10,0.05,reward,3,100.0,0.559999942779541,0.00559999942779541
ey7o8xkb,Chaser_10_roll_0_inner_0.05_pct_1_max_reward_seed_4_time_2026-04-02_02-18-03,Chaser,10,0.05,reward,4,104.0,0.31999996304512024,0.0030769227215876947
pjhftfxv,Chaser_10_roll_0_inner_0.05_pct_1_max_reward_seed_5_time_2026-04-02_02-18-36,Chaser,10,0.05,reward,5,72.0,0.11999999731779099,0.0016666666294137638
6mh527qb,Chaser_10_roll_0_inner_0.05_pct_1_max_reward_seed_6_time_2026-04-02_02-18-51,Chaser,10,0.05,reward,6,68.0,0.43999993801116943,0.006470587323693668
x032l8os,Chaser_10_roll_0_inner_0.05_pct_1_max_reward_seed_7_time_2026-04-02_02-19-04,Chaser,10,0.05,reward,7,68.0,0.23999997973442078,0.0035294114666826583
9y5zonqo,Chaser_10_roll_0_inner_0.05_pct_1_max_reward_seed_8_time_2026-04-02_02-19-23,Chaser,10,0.05,reward,8,106.0,0.559999942779541,0.005283018328108877
fv15unom,Chaser_10_roll_0_inner_0.05_pct_1_max_reward_seed_9_time_2026-04-02_02-19-39,Chaser,10,0.05,reward,9,64.0,0.11999999731779099,0.0018749999580904841
yt870rl0,Chaser_10_roll_0_inner_0.05_pct_1_max_value_seed_0_time_2026-03-31_08-24-23,Chaser,10,0.05,value,0,128.0,0.23999997973442078,0.0018749998416751623
hl1u1x1w,Chaser_10_roll_0_inner_0.05_pct_1_max_value_seed_1_time_2026-03-31_08-24-40,Chaser,10,0.05,value,1,132.0,0.8400000929832458,0.0063636370680548926
dcqcjhp7,Chaser_10_roll_0_inner_0.05_pct_1_max_value_seed_2_time_2026-03-31_08-25-04,Chaser,10,0.05,value,2,124.0,0.5199999213218689,0.004193547752595717
oshcbgtu,Chaser_10_roll_0_inner_0.05_pct_1_max_value_seed_3_time_2026-04-02_02-15-18,Chaser,10,0.05,value,3,100.0,0.559999942779541,0.00559999942779541
7myvv3uh,Chaser_10_roll_0_inner_0.05_pct_1_max_value_seed_4_time_2026-04-02_02-15-43,Chaser,10,0.05,value,4,104.0,0.31999996304512024,0.0030769227215876947
zxmr7n8n,Chaser_10_roll_0_inner_0.05_pct_1_max_value_seed_5_time_2026-04-02_02-16-17,Chaser,10,0.05,value,5,72.0,0.11999999731779099,0.0016666666294137638
1yau9kru,Chaser_10_roll_0_inner_0.05_pct_1_max_value_seed_6_time_2026-04-02_02-16-32,Chaser,10,0.05,value,6,68.0,0.3999999463558197,0.005882352152291466
qcd7p7jv,Chaser_10_roll_0_inner_0.05_pct_1_max_value_seed_7_time_2026-04-02_02-16-47,Chaser,10,0.05,value,7,68.0,0.23999997973442078,0.0035294114666826583
x76q23wv,Chaser_10_roll_0_inner_0.05_pct_1_max_value_seed_8_time_2026-04-02_02-17-07,Chaser,10,0.05,value,8,106.0,0.559999942779541,0.005283018328108877
2qb92ulp,Chaser_10_roll_0_inner_0.05_pct_1_max_value_seed_9_time_2026-04-02_02-17-23,Chaser,10,0.05,value,9,64.0,0.11999999731779099,0.0018749999580904841
wht005jt,Chaser_10_roll_0_inner_0.1_pct_1_max_reward_seed_0_time_2026-03-31_08-28-04,Chaser,10,0.1,reward,0,152.0,0.43999993801116943,0.0028947364342840095
go6vomjp,Chaser_10_roll_0_inner_0.1_pct_1_max_reward_seed_1_time_2026-03-31_08-28-55,Chaser,10,0.1,reward,1,132.0,0.880000114440918,0.006666667533643318
g021b424,Chaser_10_roll_0_inner_0.1_pct_1_max_reward_seed_2_time_2026-03-31_08-29-28,Chaser,10,0.1,reward,2,124.0,0.559999942779541,0.00451612857080275
84m7l3pl,Chaser_10_roll_0_inner_0.1_pct_1_max_reward_seed_3_time_2026-04-02_02-23-05,Chaser,10,0.1,reward,3,100.0,0.559999942779541,0.00559999942779541
xbqnqzp4,Chaser_10_roll_0_inner_0.1_pct_1_max_reward_seed_4_time_2026-04-02_02-23-42,Chaser,10,0.1,reward,4,104.0,0.31999996304512024,0.0030769227215876947
3k9ajwqx,Chaser_10_roll_0_inner_0.1_pct_1_max_reward_seed_5_time_2026-04-02_02-24-08,Chaser,10,0.1,reward,5,72.0,0.11999999731779099,0.0016666666294137638
bgpzghzr,Chaser_10_roll_0_inner_0.1_pct_1_max_reward_seed_6_time_2026-04-02_02-24-35,Chaser,10,0.1,reward,6,67.0,0.43999993801116943,0.006567163253898051
7axnl56f,Chaser_10_roll_0_inner_0.1_pct_1_max_reward_seed_7_time_2026-04-02_02-24-56,Chaser,10,0.1,reward,7,68.0,0.23999997973442078,0.0035294114666826583
manedtdr,Chaser_10_roll_0_inner_0.1_pct_1_max_reward_seed_8_time_2026-04-02_02-25-15,Chaser,10,0.1,reward,8,106.0,0.559999942779541,0.005283018328108877
ls3f42id,Chaser_10_roll_0_inner_0.1_pct_1_max_reward_seed_9_time_2026-04-02_02-26-05,Chaser,10,0.1,reward,9,64.0,0.11999999731779099,0.0018749999580904841
xhffdeka,Chaser_10_roll_0_inner_0.1_pct_1_max_value_seed_0_time_2026-03-31_08-26-14,Chaser,10,0.1,value,0,152.0,0.43999993801116943,0.0028947364342840095
by1gcky2,Chaser_10_roll_0_inner_0.1_pct_1_max_value_seed_1_time_2026-03-31_08-26-59,Chaser,10,0.1,value,1,132.0,0.880000114440918,0.006666667533643318
rh53m9dg,Chaser_10_roll_0_inner_0.1_pct_1_max_value_seed_2_time_2026-03-31_08-27-33,Chaser,10,0.1,value,2,124.0,0.559999942779541,0.00451612857080275
7n5jb1tz,Chaser_10_roll_0_inner_0.1_pct_1_max_value_seed_3_time_2026-04-02_02-19-57,Chaser,10,0.1,value,3,100.0,0.559999942779541,0.00559999942779541
sjk1ndhg,Chaser_10_roll_0_inner_0.1_pct_1_max_value_seed_4_time_2026-04-02_02-20-23,Chaser,10,0.1,value,4,104.0,0.31999996304512024,0.0030769227215876947
7y6xp4ow,Chaser_10_roll_0_inner_0.1_pct_1_max_value_seed_5_time_2026-04-02_02-20-49,Chaser,10,0.1,value,5,72.0,0.11999999731779099,0.0016666666294137638
w4gglp4x,Chaser_10_roll_0_inner_0.1_pct_1_max_value_seed_6_time_2026-04-02_02-21-15,Chaser,10,0.1,value,6,68.0,0.43999993801116943,0.006470587323693668
y8bhkv5q,Chaser_10_roll_0_inner_0.1_pct_1_max_value_seed_7_time_2026-04-02_02-21-40,Chaser,10,0.1,value,7,68.0,0.23999997973442078,0.0035294114666826583
d3sll1f9,Chaser_10_roll_0_inner_0.1_pct_1_max_value_seed_8_time_2026-04-02_02-21-59,Chaser,10,0.1,value,8,106.0,0.559999942779541,0.005283018328108877
kxnh9qmf,Chaser_10_roll_0_inner_0.1_pct_1_max_value_seed_9_time_2026-04-02_02-22-41,Chaser,10,0.1,value,9,64.0,0.11999999731779099,0.0018749999580904841
trldtknw,Chaser_10_roll_0_inner_0.2_pct_1_max_reward_seed_0_time_2026-03-31_08-35-30,Chaser,10,0.2,reward,0,152.0,0.43999993801116943,0.0028947364342840095
6k8lm5e9,Chaser_10_roll_0_inner_0.2_pct_1_max_reward_seed_1_time_2026-03-31_08-36-22,Chaser,10,0.2,reward,1,132.0,0.880000114440918,0.006666667533643318
fvwi01jo,Chaser_10_roll_0_inner_0.2_pct_1_max_reward_seed_2_time_2026-03-31_08-37-11,Chaser,10,0.2,reward,2,124.0,0.559999942779541,0.00451612857080275
ogv3hsxp,Chaser_10_roll_0_inner_0.2_pct_1_max_reward_seed_3_time_2026-04-02_02-31-01,Chaser,10,0.2,reward,3,100.0,0.559999942779541,0.00559999942779541
1y1udqhh,Chaser_10_roll_0_inner_0.2_pct_1_max_reward_seed_4_time_2026-04-02_02-31-48,Chaser,10,0.2,reward,4,104.0,0.31999996304512024,0.0030769227215876947
ia5iunr5,Chaser_10_roll_0_inner_0.2_pct_1_max_reward_seed_5_time_2026-04-02_02-32-49,Chaser,10,0.2,reward,5,72.0,0.11999999731779099,0.0016666666294137638
barxiqil,Chaser_10_roll_0_inner_0.2_pct_1_max_reward_seed_6_time_2026-04-02_02-33-26,Chaser,10,0.2,reward,6,68.0,0.3999999463558197,0.005882352152291466
dh3s77jw,Chaser_10_roll_0_inner_0.2_pct_1_max_reward_seed_7_time_2026-04-02_02-33-56,Chaser,10,0.2,reward,7,122.0,0.31999996304512024,0.002622950516763281
obo2lw04,Chaser_10_roll_0_inner_0.2_pct_1_max_reward_seed_8_time_2026-04-02_02-34-37,Chaser,10,0.2,reward,8,106.0,0.559999942779541,0.005283018328108877
idptr3m4,Chaser_10_roll_0_inner_0.2_pct_1_max_reward_seed_9_time_2026-04-02_02-35-23,Chaser,10,0.2,reward,9,64.0,0.11999999731779099,0.0018749999580904841
umep8ml9,Chaser_10_roll_0_inner_0.2_pct_1_max_value_seed_0_time_2026-03-31_08-29-58,Chaser,10,0.2,value,0,638.0,0.47999992966651917,0.0007523509869381179
yc4av4d4,Chaser_10_roll_0_inner_0.2_pct_1_max_value_seed_1_time_2026-03-31_08-34-07,Chaser,10,0.2,value,1,132.0,0.880000114440918,0.006666667533643318
evmkspwf,Chaser_10_roll_0_inner_0.2_pct_1_max_value_seed_2_time_2026-03-31_08-34-48,Chaser,10,0.2,value,2,124.0,0.559999942779541,0.00451612857080275
t7mge2z0,Chaser_10_roll_0_inner_0.2_pct_1_max_value_seed_3_time_2026-04-02_02-26-30,Chaser,10,0.2,value,3,100.0,0.559999942779541,0.00559999942779541
gq7iuyfm,Chaser_10_roll_0_inner_0.2_pct_1_max_value_seed_4_time_2026-04-02_02-27-16,Chaser,10,0.2,value,4,104.0,0.31999996304512024,0.0030769227215876947
38yq8mrv,Chaser_10_roll_0_inner_0.2_pct_1_max_value_seed_5_time_2026-04-02_02-27-46,Chaser,10,0.2,value,5,72.0,0.11999999731779099,0.0016666666294137638
fk1jbnqg,Chaser_10_roll_0_inner_0.2_pct_1_max_value_seed_6_time_2026-04-02_02-28-23,Chaser,10,0.2,value,6,68.0,0.47999992966651917,0.00705882249509587
o748xda7,Chaser_10_roll_0_inner_0.2_pct_1_max_value_seed_7_time_2026-04-02_02-28-57,Chaser,10,0.2,value,7,122.0,0.31999996304512024,0.002622950516763281
klfpys7d,Chaser_10_roll_0_inner_0.2_pct_1_max_value_seed_8_time_2026-04-02_02-29-51,Chaser,10,0.2,value,8,106.0,0.559999942779541,0.005283018328108877
7ivnt2xm,Chaser_10_roll_0_inner_0.2_pct_1_max_value_seed_9_time_2026-04-02_02-30-38,Chaser,10,0.2,value,9,64.0,0.07999999821186066,0.0012499999720603228
18n5hsnk,Chaser_10_roll_0_inner_0.5_pct_1_max_reward_seed_0_time_2026-03-31_08-44-22,Chaser,10,0.5,reward,0,115.0,0.3999999463558197,0.0034782604030940845
zh5y4cty,Chaser_10_roll_0_inner_0.5_pct_1_max_reward_seed_1_time_2026-03-31_08-45-41,Chaser,10,0.5,reward,1,236.0,0.8400000929832458,0.0035593224278951097
lxdd2cmq,Chaser_10_roll_0_inner_0.5_pct_1_max_reward_seed_2_time_2026-03-31_08-48-17,Chaser,10,0.5,reward,2,222.0,0.7200000882148743,0.0032432436406075417
uea4s8kt,Chaser_10_roll_0_inner_0.5_pct_1_max_reward_seed_3_time_2026-04-02_02-43-32,Chaser,10,0.5,reward,3,153.0,0.8000000715255737,0.005228758637422051
mamrzbjt,Chaser_10_roll_0_inner_0.5_pct_1_max_reward_seed_4_time_2026-04-02_02-45-14,Chaser,10,0.5,reward,4,62.0,0.23999997973442078,0.0038709674150713027
9tap0gur,Chaser_10_roll_0_inner_0.5_pct_1_max_reward_seed_5_time_2026-04-02_02-46-05,Chaser,10,0.5,reward,5,53.0,0.47999992966651917,0.009056602446538097
4k3069j7,Chaser_10_roll_0_inner_0.5_pct_1_max_reward_seed_6_time_2026-04-02_02-46-49,Chaser,10,0.5,reward,6,67.0,0.31999996304512024,0.004776118851419705
1rilgine,Chaser_10_roll_0_inner_0.5_pct_1_max_reward_seed_7_time_2026-04-02_02-47-34,Chaser,10,0.5,reward,7,115.0,0.6800000071525574,0.005913043540457021
t0l1il4y,Chaser_10_roll_0_inner_0.5_pct_1_max_reward_seed_8_time_2026-04-02_02-48-52,Chaser,10,0.5,reward,8,137.0,0.6399999856948853,0.004671532742298433
kb2a7k4b,Chaser_10_roll_0_inner_0.5_pct_1_max_reward_seed_9_time_2026-04-02_02-50-27,Chaser,10,0.5,reward,9,62.0,0.11999999731779099,0.0019354838277063063
0lb68krb,Chaser_10_roll_0_inner_0.5_pct_1_max_value_seed_0_time_2026-03-31_08-37-53,Chaser,10,0.5,value,0,115.0,0.3999999463558197,0.0034782604030940845
hdacyw5c,Chaser_10_roll_0_inner_0.5_pct_1_max_value_seed_1_time_2026-03-31_08-39-11,Chaser,10,0.5,value,1,236.0,0.8400000929832458,0.0035593224278951097
i8j5l8ob,Chaser_10_roll_0_inner_0.5_pct_1_max_value_seed_2_time_2026-03-31_08-41-48,Chaser,10,0.5,value,2,222.0,0.7200000882148743,0.0032432436406075417
yzv7btzu,Chaser_10_roll_0_inner_0.5_pct_1_max_value_seed_3_time_2026-04-02_02-35-54,Chaser,10,0.5,value,3,153.0,0.8000000715255737,0.005228758637422051
gigaj5bf,Chaser_10_roll_0_inner_0.5_pct_1_max_value_seed_4_time_2026-04-02_02-37-34,Chaser,10,0.5,value,4,62.0,0.23999997973442078,0.0038709674150713027
6f5br1zb,Chaser_10_roll_0_inner_0.5_pct_1_max_value_seed_5_time_2026-04-02_02-38-26,Chaser,10,0.5,value,5,53.0,0.47999992966651917,0.009056602446538097
qylonz35,Chaser_10_roll_0_inner_0.5_pct_1_max_value_seed_6_time_2026-04-02_02-39-09,Chaser,10,0.5,value,6,67.0,0.31999996304512024,0.004776118851419705
3cwztv5y,Chaser_10_roll_0_inner_0.5_pct_1_max_value_seed_7_time_2026-04-02_02-39-55,Chaser,10,0.5,value,7,115.0,0.6800000071525574,0.005913043540457021
11c8fs5d,Chaser_10_roll_0_inner_0.5_pct_1_max_value_seed_8_time_2026-04-02_02-41-12,Chaser,10,0.5,value,8,137.0,0.6399999856948853,0.004671532742298433
ackmgway,Chaser_10_roll_0_inner_0.5_pct_1_max_value_seed_9_time_2026-04-02_02-42-46,Chaser,10,0.5,value,9,62.0,0.11999999731779099,0.0019354838277063063
to9oahps,Climber_5_roll_0_inner_0.05_pct_1_max_reward_seed_0_time_2026-03-31_20-40-08,Climber,5,0.05,reward,0,1000.0,0.0,0.0
8dn93b41,Climber_5_roll_0_inner_0.05_pct_1_max_reward_seed_1_time_2026-03-31_20-41-43,Climber,5,0.05,reward,1,1000.0,0.0,0.0
syzkuvad,Climber_5_roll_0_inner_0.05_pct_1_max_reward_seed_2_time_2026-03-31_20-43-26,Climber,5,0.05,reward,2,411.0,11.0,0.0267639902676399
ssv5cvgg,Climber_5_roll_0_inner_0.05_pct_1_max_reward_seed_3_time_2026-04-03_05-40-03,Climber,5,0.05,reward,3,1000.0,0.0,0.0
4nlsteyu,Climber_5_roll_0_inner_0.05_pct_1_max_reward_seed_4_time_2026-04-03_05-41-35,Climber,5,0.05,reward,4,68.0,0.0,0.0
jtvyi3bp,Climber_5_roll_0_inner_0.05_pct_1_max_reward_seed_5_time_2026-04-03_05-41-52,Climber,5,0.05,reward,5,1000.0,0.0,0.0
8gnx5ncv,Climber_5_roll_0_inner_0.05_pct_1_max_reward_seed_6_time_2026-04-03_05-43-40,Climber,5,0.05,reward,6,1000.0,0.0,0.0
7ukwmm25,Climber_5_roll_0_inner_0.05_pct_1_max_reward_seed_7_time_2026-04-03_05-45-30,Climber,5,0.05,reward,7,1000.0,1.0,0.001
79zwhk9d,Climber_5_roll_0_inner_0.05_pct_1_max_reward_seed_8_time_2026-04-03_05-47-05,Climber,5,0.05,reward,8,1000.0,0.0,0.0
mc0lebj2,Climber_5_roll_0_inner_0.05_pct_1_max_reward_seed_9_time_2026-04-03_05-48-47,Climber,5,0.05,reward,9,1000.0,1.0,0.001
gp8zil7m,Climber_5_roll_0_inner_0.05_pct_1_max_value_seed_0_time_2026-03-31_20-36-01,Climber,5,0.05,value,0,1000.0,1.0,0.001
fbj6puia,Climber_5_roll_0_inner_0.05_pct_1_max_value_seed_1_time_2026-03-31_20-37-40,Climber,5,0.05,value,1,1000.0,0.0,0.0
7vxr4jx2,Climber_5_roll_0_inner_0.05_pct_1_max_value_seed_2_time_2026-03-31_20-39-37,Climber,5,0.05,value,2,268.0,11.0,0.041044776119402986
50kl1g3c,Climber_5_roll_0_inner_0.05_pct_1_max_value_seed_3_time_2026-04-03_05-29-11,Climber,5,0.05,value,3,1000.0,0.0,0.0
1uw6r8jn,Climber_5_roll_0_inner_0.05_pct_1_max_value_seed_4_time_2026-04-03_05-30-55,Climber,5,0.05,value,4,475.0,0.0,0.0
ipjc1lil,Climber_5_roll_0_inner_0.05_pct_1_max_value_seed_5_time_2026-04-03_05-31-42,Climber,5,0.05,value,5,1000.0,2.0,0.002
u0lqti59,Climber_5_roll_0_inner_0.05_pct_1_max_value_seed_6_time_2026-04-03_05-33-24,Climber,5,0.05,value,6,1000.0,0.0,0.0
3rjjz4ty,Climber_5_roll_0_inner_0.05_pct_1_max_value_seed_7_time_2026-04-03_05-34-53,Climber,5,0.05,value,7,1000.0,1.0,0.001
fscfsgdu,Climber_5_roll_0_inner_0.05_pct_1_max_value_seed_8_time_2026-04-03_05-36-47,Climber,5,0.05,value,8,1000.0,0.0,0.0
945jaesj,Climber_5_roll_0_inner_0.05_pct_1_max_value_seed_9_time_2026-04-03_05-38-24,Climber,5,0.05,value,9,1000.0,1.0,0.001
ojadb68p,Climber_5_roll_0_inner_0.1_pct_1_max_reward_seed_0_time_2026-03-31_20-50-42,Climber,5,0.1,reward,0,1000.0,2.0,0.002
cjvwyoz4,Climber_5_roll_0_inner_0.1_pct_1_max_reward_seed_1_time_2026-03-31_20-53-11,Climber,5,0.1,reward,1,1000.0,0.0,0.0
q3d8x92z,Climber_5_roll_0_inner_0.1_pct_1_max_reward_seed_2_time_2026-03-31_20-55-43,Climber,5,0.1,reward,2,121.0,11.0,0.09090909090909091
epcfwh85,Climber_5_roll_0_inner_0.1_pct_1_max_reward_seed_3_time_2026-04-03_06-05-23,Climber,5,0.1,reward,3,1000.0,0.0,0.0
uhz2yzif,Climber_5_roll_0_inner_0.1_pct_1_max_reward_seed_4_time_2026-04-03_06-07-50,Climber,5,0.1,reward,4,51.0,0.0,0.0
kvutcm2f,Climber_5_roll_0_inner_0.1_pct_1_max_reward_seed_5_time_2026-04-03_06-08-11,Climber,5,0.1,reward,5,1000.0,0.0,0.0
pym36sz1,Climber_5_roll_0_inner_0.1_pct_1_max_reward_seed_6_time_2026-04-03_06-11-25,Climber,5,0.1,reward,6,1000.0,0.0,0.0
df8m0jpm,Climber_5_roll_0_inner_0.1_pct_1_max_reward_seed_7_time_2026-04-03_06-14-02,Climber,5,0.1,reward,7,1000.0,1.0,0.001
b3bd1md6,Climber_5_roll_0_inner_0.1_pct_1_max_reward_seed_8_time_2026-04-03_06-16-27,Climber,5,0.1,reward,8,1000.0,0.0,0.0
w50hrc9t,Climber_5_roll_0_inner_0.1_pct_1_max_reward_seed_9_time_2026-04-03_06-19-02,Climber,5,0.1,reward,9,899.0,12.0,0.013348164627363738
mam6fuiv,Climber_5_roll_0_inner_0.1_pct_1_max_value_seed_0_time_2026-03-31_20-44-03,Climber,5,0.1,value,0,1000.0,1.0,0.001
inqq8k24,Climber_5_roll_0_inner_0.1_pct_1_max_value_seed_1_time_2026-03-31_20-46-55,Climber,5,0.1,value,1,1000.0,0.0,0.0
m6rxyuma,Climber_5_roll_0_inner_0.1_pct_1_max_value_seed_2_time_2026-03-31_20-49-45,Climber,5,0.1,value,2,307.0,11.0,0.035830618892508145
3tmur6ru,Climber_5_roll_0_inner_0.1_pct_1_max_value_seed_3_time_2026-04-03_05-50-31,Climber,5,0.1,value,3,1000.0,0.0,0.0
a3wk9rpp,Climber_5_roll_0_inner_0.1_pct_1_max_value_seed_4_time_2026-04-03_05-53-16,Climber,5,0.1,value,4,66.0,0.0,0.0
umg5nvbz,Climber_5_roll_0_inner_0.1_pct_1_max_value_seed_5_time_2026-04-03_05-53-34,Climber,5,0.1,value,5,1000.0,0.0,0.0
w9b4h9sc,Climber_5_roll_0_inner_0.1_pct_1_max_value_seed_6_time_2026-04-03_05-56-13,Climber,5,0.1,value,6,1000.0,0.0,0.0
9hrefqo3,Climber_5_roll_0_inner_0.1_pct_1_max_value_seed_7_time_2026-04-03_05-58-51,Climber,5,0.1,value,7,1000.0,0.0,0.0
za3n3ds7,Climber_5_roll_0_inner_0.1_pct_1_max_value_seed_8_time_2026-04-03_06-01-39,Climber,5,0.1,value,8,1000.0,0.0,0.0
uag75wea,Climber_5_roll_0_inner_0.1_pct_1_max_value_seed_9_time_2026-04-03_06-04-15,Climber,5,0.1,value,9,434.0,12.0,0.027649769585253458
7uli4hz4,Climber_5_roll_0_inner_0.2_pct_1_max_reward_seed_0_time_2026-03-31_21-04-37,Climber,5,0.2,reward,0,1000.0,1.0,0.001
aikdkqx6,Climber_5_roll_0_inner_0.2_pct_1_max_reward_seed_1_time_2026-03-31_21-09-03,Climber,5,0.2,reward,1,1000.0,1.0,0.001
s980c1wp,Climber_5_roll_0_inner_0.2_pct_1_max_reward_seed_2_time_2026-03-31_21-13-02,Climber,5,0.2,reward,2,235.0,11.0,0.04680851063829787
fnro4fq0,Climber_5_roll_0_inner_0.2_pct_1_max_reward_seed_3_time_2026-04-03_06-47-18,Climber,5,0.2,reward,3,1000.0,0.0,0.0
w1u3kabg,Climber_5_roll_0_inner_0.2_pct_1_max_reward_seed_4_time_2026-04-03_06-51-10,Climber,5,0.2,reward,4,43.0,0.0,0.0
ywt1dbl9,Climber_5_roll_0_inner_0.2_pct_1_max_reward_seed_5_time_2026-04-03_06-51-27,Climber,5,0.2,reward,5,1000.0,2.0,0.002
29nt76zl,Climber_5_roll_0_inner_0.2_pct_1_max_reward_seed_6_time_2026-04-03_06-55-38,Climber,5,0.2,reward,6,1000.0,0.0,0.0
bu0chfah,Climber_5_roll_0_inner_0.2_pct_1_max_reward_seed_7_time_2026-04-03_06-59-39,Climber,5,0.2,reward,7,1000.0,0.0,0.0
sxdglmdc,Climber_5_roll_0_inner_0.2_pct_1_max_reward_seed_8_time_2026-04-03_07-03-39,Climber,5,0.2,reward,8,1000.0,1.0,0.001
hc5gud9b,Climber_5_roll_0_inner_0.2_pct_1_max_reward_seed_9_time_2026-04-03_07-07-43,Climber,5,0.2,reward,9,1000.0,1.0,0.001
3m4ngjf1,Climber_5_roll_0_inner_0.2_pct_1_max_value_seed_0_time_2026-03-31_20-56-06,Climber,5,0.2,value,0,1000.0,1.0,0.001
i0tb3yr6,Climber_5_roll_0_inner_0.2_pct_1_max_value_seed_1_time_2026-03-31_21-00-20,Climber,5,0.2,value,1,1000.0,0.0,0.0
4d7khr1p,Climber_5_roll_0_inner_0.2_pct_1_max_value_seed_2_time_2026-03-31_21-04-09,Climber,5,0.2,value,2,87.0,11.0,0.12643678160919541
ogqgzkrr,Climber_5_roll_0_inner_0.2_pct_1_max_value_seed_3_time_2026-04-03_06-21-27,Climber,5,0.2,value,3,1000.0,0.0,0.0
q7yy88a0,Climber_5_roll_0_inner_0.2_pct_1_max_value_seed_4_time_2026-04-03_06-25-32,Climber,5,0.2,value,4,499.0,0.0,0.0
0lrng6t1,Climber_5_roll_0_inner_0.2_pct_1_max_value_seed_5_time_2026-04-03_06-27-31,Climber,5,0.2,value,5,1000.0,0.0,0.0
zahfxnul,Climber_5_roll_0_inner_0.2_pct_1_max_value_seed_6_time_2026-04-03_06-31-42,Climber,5,0.2,value,6,1000.0,0.0,0.0
72sjr3wk,Climber_5_roll_0_inner_0.2_pct_1_max_value_seed_7_time_2026-04-03_06-35-28,Climber,5,0.2,value,7,1000.0,1.0,0.001
jjycjet0,Climber_5_roll_0_inner_0.2_pct_1_max_value_seed_8_time_2026-04-03_06-39-01,Climber,5,0.2,value,8,1000.0,0.0,0.0
zvl4rr9z,Climber_5_roll_0_inner_0.2_pct_1_max_value_seed_9_time_2026-04-03_06-43-00,Climber,5,0.2,value,9,1000.0,1.0,0.001
oq1idq77,Climber_5_roll_0_inner_0.5_pct_1_max_reward_seed_0_time_2026-03-31_21-33-36,Climber,5,0.5,reward,0,1000.0,1.0,0.001
odlm069c,Climber_5_roll_0_inner_0.5_pct_1_max_reward_seed_1_time_2026-03-31_21-42-15,Climber,5,0.5,reward,1,372.0,13.0,0.03494623655913978
wty4iwnz,Climber_5_roll_0_inner_0.5_pct_1_max_reward_seed_2_time_2026-03-31_21-45-24,Climber,5,0.5,reward,2,1000.0,0.0,0.0
qq1f2h35,Climber_5_roll_0_inner_0.5_pct_1_max_reward_seed_3_time_2026-04-03_07-59-12,Climber,5,0.5,reward,3,1000.0,0.0,0.0
jeuke5av,Climber_5_roll_0_inner_0.5_pct_1_max_reward_seed_4_time_2026-04-03_08-07-31,Climber,5,0.5,reward,4,282.0,0.0,0.0
f40bqcw5,Climber_5_roll_0_inner_0.5_pct_1_max_reward_seed_5_time_2026-04-03_08-10-06,Climber,5,0.5,reward,5,1000.0,0.0,0.0
l1uy2zpd,Climber_5_roll_0_inner_0.5_pct_1_max_reward_seed_6_time_2026-04-03_08-18-33,Climber,5,0.5,reward,6,1000.0,0.0,0.0
1kxdcjeg,Climber_5_roll_0_inner_0.5_pct_1_max_reward_seed_7_time_2026-04-03_08-27-05,Climber,5,0.5,reward,7,1000.0,0.0,0.0
qjiyfl64,Climber_5_roll_0_inner_0.5_pct_1_max_reward_seed_8_time_2026-04-03_08-35-50,Climber,5,0.5,reward,8,1000.0,0.0,0.0
gxmn7zy2,Climber_5_roll_0_inner_0.5_pct_1_max_reward_seed_9_time_2026-04-03_08-44-05,Climber,5,0.5,reward,9,201.0,12.0,0.05970149253731343
c37gjenc,Climber_5_roll_0_inner_0.5_pct_1_max_value_seed_0_time_2026-03-31_21-14-54,Climber,5,0.5,value,0,1000.0,1.0,0.001
6cihfj7z,Climber_5_roll_0_inner_0.5_pct_1_max_value_seed_1_time_2026-03-31_21-23-47,Climber,5,0.5,value,1,1000.0,1.0,0.001
pcbjnadg,Climber_5_roll_0_inner_0.5_pct_1_max_value_seed_2_time_2026-03-31_21-32-32,Climber,5,0.5,value,2,104.0,11.0,0.10576923076923077
28pffexf,Climber_5_roll_0_inner_0.5_pct_1_max_value_seed_3_time_2026-04-03_07-12-06,Climber,5,0.5,value,3,1000.0,0.0,0.0
lytj0ib3,Climber_5_roll_0_inner_0.5_pct_1_max_value_seed_4_time_2026-04-03_07-20-46,Climber,5,0.5,value,4,292.0,0.0,0.0
fo4sezva,Climber_5_roll_0_inner_0.5_pct_1_max_value_seed_5_time_2026-04-03_07-23-12,Climber,5,0.5,value,5,1000.0,0.0,0.0
1a9851c9,Climber_5_roll_0_inner_0.5_pct_1_max_value_seed_6_time_2026-04-03_07-31-55,Climber,5,0.5,value,6,1000.0,0.0,0.0
z38r4nwz,Climber_5_roll_0_inner_0.5_pct_1_max_value_seed_7_time_2026-04-03_07-40-18,Climber,5,0.5,value,7,1000.0,1.0,0.001
0zgj28vv,Climber_5_roll_0_inner_0.5_pct_1_max_value_seed_8_time_2026-04-03_07-49-06,Climber,5,0.5,value,8,1000.0,0.0,0.0
5wt5f8uc,Climber_5_roll_0_inner_0.5_pct_1_max_value_seed_9_time_2026-04-03_07-57-40,Climber,5,0.5,value,9,195.0,12.0,0.06153846153846154
pyvow1mq,Climber_5_roll_0_inner_1_pct_1_max_reward_seed_0_time_2026-04-12_09-17-54,Climber,5,1.0,reward,0,1000.0,1.0,0.001
ceqpj63w,Climber_5_roll_0_inner_1_pct_1_max_reward_seed_1_time_2026-04-12_09-44-39,Climber,5,1.0,reward,1,1000.0,2.0,0.002
aj7p5twk,Climber_5_roll_0_inner_1_pct_1_max_reward_seed_2_time_2026-04-12_10-11-15,Climber,5,1.0,reward,2,83.0,11.0,0.13253012048192772
yp40q8go,Climber_5_roll_0_inner_1_pct_1_max_reward_seed_3_time_2026-04-12_10-13-29,Climber,5,1.0,reward,3,1000.0,0.0,0.0
w3xekqrc,Climber_5_roll_0_inner_1_pct_1_max_reward_seed_4_time_2026-04-12_10-39-37,Climber,5,1.0,reward,4,203.0,0.0,0.0
a3imfeqc,Climber_5_roll_0_inner_1_pct_1_max_reward_seed_5_time_2026-04-12_10-45-04,Climber,5,1.0,reward,5,1000.0,0.0,0.0
ekbp41vz,Climber_5_roll_0_inner_1_pct_1_max_reward_seed_6_time_2026-04-12_11-11-40,Climber,5,1.0,reward,6,1000.0,0.0,0.0
z6ln2c6l,Climber_5_roll_0_inner_1_pct_1_max_reward_seed_7_time_2026-04-12_11-38-10,Climber,5,1.0,reward,7,1000.0,1.0,0.001
1lz56vhf,Climber_5_roll_0_inner_1_pct_1_max_reward_seed_8_time_2026-04-12_12-05-06,Climber,5,1.0,reward,8,1000.0,1.0,0.001
iq6zryte,Climber_5_roll_0_inner_1_pct_1_max_reward_seed_9_time_2026-04-12_12-30-59,Climber,5,1.0,reward,9,1000.0,0.0,0.0
5zruv55x,Climber_5_roll_0_inner_1_pct_1_max_value_seed_0_time_2026-04-12_04-52-48,Climber,5,1.0,value,0,1000.0,0.0,0.0
d48g5sjk,Climber_5_roll_0_inner_1_pct_1_max_value_seed_1_time_2026-04-12_05-19-10,Climber,5,1.0,value,1,1000.0,1.0,0.001
cu0xe1ii,Climber_5_roll_0_inner_1_pct_1_max_value_seed_2_time_2026-04-12_05-45-58,Climber,5,1.0,value,2,1000.0,0.0,0.0
29cybb3c,Climber_5_roll_0_inner_1_pct_1_max_value_seed_3_time_2026-04-12_06-12-53,Climber,5,1.0,value,3,1000.0,0.0,0.0
udz4lgzj,Climber_5_roll_0_inner_1_pct_1_max_value_seed_4_time_2026-04-12_06-39-09,Climber,5,1.0,value,4,1000.0,0.0,0.0
zo5k9ztk,Climber_5_roll_0_inner_1_pct_1_max_value_seed_5_time_2026-04-12_07-05-13,Climber,5,1.0,value,5,1000.0,0.0,0.0
emha4088,Climber_5_roll_0_inner_1_pct_1_max_value_seed_6_time_2026-04-12_07-32-09,Climber,5,1.0,value,6,1000.0,0.0,0.0
owkgepkk,Climber_5_roll_0_inner_1_pct_1_max_value_seed_7_time_2026-04-12_07-58-27,Climber,5,1.0,value,7,1000.0,0.0,0.0
xqljjdf4,Climber_5_roll_0_inner_1_pct_1_max_value_seed_8_time_2026-04-12_08-25-00,Climber,5,1.0,value,8,1000.0,0.0,0.0
8xcikihm,Climber_5_roll_0_inner_1_pct_1_max_value_seed_9_time_2026-04-12_08-51-02,Climber,5,1.0,value,9,1000.0,0.0,0.0
rijlt06z,Climber_10_roll_0_inner_0.05_pct_1_max_reward_seed_0_time_2026-03-31_21-59-45,Climber,10,0.05,reward,0,1000.0,1.0,0.001
tki0z6tj,Climber_10_roll_0_inner_0.05_pct_1_max_reward_seed_1_time_2026-03-31_22-02-28,Climber,10,0.05,reward,1,1000.0,0.0,0.0
lhshecs4,Climber_10_roll_0_inner_0.05_pct_1_max_reward_seed_2_time_2026-03-31_22-04-55,Climber,10,0.05,reward,2,80.0,11.0,0.1375
3xsrprms,Climber_10_roll_0_inner_0.05_pct_1_max_reward_seed_3_time_2026-04-03_09-01-04,Climber,10,0.05,reward,3,1000.0,0.0,0.0
t7y8xxtv,Climber_10_roll_0_inner_0.05_pct_1_max_reward_seed_4_time_2026-04-03_09-03-40,Climber,10,0.05,reward,4,143.0,0.0,0.0
8pdud6wi,Climber_10_roll_0_inner_0.05_pct_1_max_reward_seed_5_time_2026-04-03_09-04-16,Climber,10,0.05,reward,5,1000.0,0.0,0.0
mleq4yx4,Climber_10_roll_0_inner_0.05_pct_1_max_reward_seed_6_time_2026-04-03_09-06-46,Climber,10,0.05,reward,6,1000.0,0.0,0.0
tcafsjb1,Climber_10_roll_0_inner_0.05_pct_1_max_reward_seed_7_time_2026-04-03_09-09-19,Climber,10,0.05,reward,7,1000.0,0.0,0.0
jf0hznmc,Climber_10_roll_0_inner_0.05_pct_1_max_reward_seed_8_time_2026-04-03_09-11-51,Climber,10,0.05,reward,8,1000.0,0.0,0.0
esu6y6h9,Climber_10_roll_0_inner_0.05_pct_1_max_reward_seed_9_time_2026-04-03_09-14-26,Climber,10,0.05,reward,9,908.0,1.0,0.0011013215859030838
nmosxgcl,Climber_10_roll_0_inner_0.05_pct_1_max_value_seed_0_time_2026-03-31_21-53-46,Climber,10,0.05,value,0,1000.0,1.0,0.001
i0c7vp1r,Climber_10_roll_0_inner_0.05_pct_1_max_value_seed_1_time_2026-03-31_21-55-57,Climber,10,0.05,value,1,1000.0,0.0,0.0
od1ca22n,Climber_10_roll_0_inner_0.05_pct_1_max_value_seed_2_time_2026-03-31_21-58-30,Climber,10,0.05,value,2,309.0,11.0,0.03559870550161812
0fjn3jyj,Climber_10_roll_0_inner_0.05_pct_1_max_value_seed_3_time_2026-04-03_08-45-49,Climber,10,0.05,value,3,1000.0,1.0,0.001
2lwyrabo,Climber_10_roll_0_inner_0.05_pct_1_max_value_seed_4_time_2026-04-03_08-48-23,Climber,10,0.05,value,4,213.0,0.0,0.0
h1kh5ium,Climber_10_roll_0_inner_0.05_pct_1_max_value_seed_5_time_2026-04-03_08-49-17,Climber,10,0.05,value,5,1000.0,0.0,0.0
hd8n1fcr,Climber_10_roll_0_inner_0.05_pct_1_max_value_seed_6_time_2026-04-03_08-51-44,Climber,10,0.05,value,6,1000.0,0.0,0.0
08rr0j6h,Climber_10_roll_0_inner_0.05_pct_1_max_value_seed_7_time_2026-04-03_08-54-22,Climber,10,0.05,value,7,1000.0,0.0,0.0
es39yvlp,Climber_10_roll_0_inner_0.05_pct_1_max_value_seed_8_time_2026-04-03_08-57-18,Climber,10,0.05,value,8,1000.0,0.0,0.0
ucd3gdbc,Climber_10_roll_0_inner_0.05_pct_1_max_value_seed_9_time_2026-04-03_08-59-53,Climber,10,0.05,value,9,559.0,12.0,0.02146690518783542
vhjgpy9r,Climber_10_roll_0_inner_0.1_pct_1_max_reward_seed_0_time_2026-03-31_22-12-15,Climber,10,0.1,reward,0,1000.0,1.0,0.001
7zo1w6r1,Climber_10_roll_0_inner_0.1_pct_1_max_reward_seed_1_time_2026-03-31_22-16-05,Climber,10,0.1,reward,1,1000.0,0.0,0.0
9vyj720t,Climber_10_roll_0_inner_0.1_pct_1_max_reward_seed_2_time_2026-03-31_22-20-14,Climber,10,0.1,reward,2,333.0,11.0,0.03303303303303303
3a4lhlp5,Climber_10_roll_0_inner_0.1_pct_1_max_reward_seed_3_time_2026-04-03_09-39-22,Climber,10,0.1,reward,3,1000.0,0.0,0.0
gc1id4xz,Climber_10_roll_0_inner_0.1_pct_1_max_reward_seed_4_time_2026-04-03_09-43-27,Climber,10,0.1,reward,4,355.0,0.0,0.0
ij76a66z,Climber_10_roll_0_inner_0.1_pct_1_max_reward_seed_5_time_2026-04-03_09-44-46,Climber,10,0.1,reward,5,1000.0,0.0,0.0
613611at,Climber_10_roll_0_inner_0.1_pct_1_max_reward_seed_6_time_2026-04-03_09-48-18,Climber,10,0.1,reward,6,1000.0,0.0,0.0
gypme323,Climber_10_roll_0_inner_0.1_pct_1_max_reward_seed_7_time_2026-04-03_09-52-27,Climber,10,0.1,reward,7,1000.0,0.0,0.0
dhsrtnbb,Climber_10_roll_0_inner_0.1_pct_1_max_reward_seed_8_time_2026-04-03_09-56-17,Climber,10,0.1,reward,8,1000.0,0.0,0.0
6cm6wrv9,Climber_10_roll_0_inner_0.1_pct_1_max_reward_seed_9_time_2026-04-03_10-00-27,Climber,10,0.1,reward,9,1000.0,1.0,0.001
dqlftim7,Climber_10_roll_0_inner_0.1_pct_1_max_value_seed_0_time_2026-03-31_22-05-17,Climber,10,0.1,value,0,856.0,2.0,0.002336448598130841
koumhlkw,Climber_10_roll_0_inner_0.1_pct_1_max_value_seed_1_time_2026-03-31_22-08-43,Climber,10,0.1,value,1,360.0,13.0,0.03611111111111111
hk1gkrq3,Climber_10_roll_0_inner_0.1_pct_1_max_value_seed_2_time_2026-03-31_22-10-20,Climber,10,0.1,value,2,398.0,11.0,0.02763819095477387
ke56dcqi,Climber_10_roll_0_inner_0.1_pct_1_max_value_seed_3_time_2026-04-03_09-17-02,Climber,10,0.1,value,3,1000.0,0.0,0.0
ta5cgobd,Climber_10_roll_0_inner_0.1_pct_1_max_value_seed_4_time_2026-04-03_09-20-44,Climber,10,0.1,value,4,57.0,0.0,0.0
xvb2ner3,Climber_10_roll_0_inner_0.1_pct_1_max_value_seed_5_time_2026-04-03_09-21-05,Climber,10,0.1,value,5,1000.0,0.0,0.0
g84thrmb,Climber_10_roll_0_inner_0.1_pct_1_max_value_seed_6_time_2026-04-03_09-25-16,Climber,10,0.1,value,6,1000.0,0.0,0.0
s2aew3n0,Climber_10_roll_0_inner_0.1_pct_1_max_value_seed_7_time_2026-04-03_09-29-18,Climber,10,0.1,value,7,1000.0,1.0,0.001
5216o3wo,Climber_10_roll_0_inner_0.1_pct_1_max_value_seed_8_time_2026-04-03_09-33-35,Climber,10,0.1,value,8,1000.0,0.0,0.0
63ww9qbd,Climber_10_roll_0_inner_0.1_pct_1_max_value_seed_9_time_2026-04-03_09-37-31,Climber,10,0.1,value,9,463.0,12.0,0.02591792656587473
r493g4ke,Climber_10_roll_0_inner_0.2_pct_1_max_reward_seed_0_time_2026-03-31_22-33-10,Climber,10,0.2,reward,0,1000.0,1.0,0.001
zfphkdlr,Climber_10_roll_0_inner_0.2_pct_1_max_reward_seed_1_time_2026-03-31_22-39-39,Climber,10,0.2,reward,1,1000.0,2.0,0.002
s3u49p99,Climber_10_roll_0_inner_0.2_pct_1_max_reward_seed_2_time_2026-03-31_22-45-12,Climber,10,0.2,reward,2,149.0,11.0,0.0738255033557047
5egus9ks,Climber_10_roll_0_inner_0.2_pct_1_max_reward_seed_3_time_2026-04-03_10-38-11,Climber,10,0.2,reward,3,1000.0,0.0,0.0
5lmx10wq,Climber_10_roll_0_inner_0.2_pct_1_max_reward_seed_4_time_2026-04-03_10-44-20,Climber,10,0.2,reward,4,46.0,0.0,0.0
y3nj8077,Climber_10_roll_0_inner_0.2_pct_1_max_reward_seed_5_time_2026-04-03_10-44-38,Climber,10,0.2,reward,5,1000.0,0.0,0.0
gyx7xlm7,Climber_10_roll_0_inner_0.2_pct_1_max_reward_seed_6_time_2026-04-03_10-50-32,Climber,10,0.2,reward,6,1000.0,0.0,0.0
zw6pb4hi,Climber_10_roll_0_inner_0.2_pct_1_max_reward_seed_7_time_2026-04-03_10-56-20,Climber,10,0.2,reward,7,1000.0,0.0,0.0
dz5xu5xc,Climber_10_roll_0_inner_0.2_pct_1_max_reward_seed_8_time_2026-04-03_11-01-52,Climber,10,0.2,reward,8,1000.0,0.0,0.0
axdhxvdc,Climber_10_roll_0_inner_0.2_pct_1_max_reward_seed_9_time_2026-04-03_11-07-52,Climber,10,0.2,reward,9,1000.0,0.0,0.0
rd6gjnor,Climber_10_roll_0_inner_0.2_pct_1_max_value_seed_0_time_2026-03-31_22-21-27,Climber,10,0.2,value,0,397.0,1.0,0.0025188916876574307
d2lwncpf,Climber_10_roll_0_inner_0.2_pct_1_max_value_seed_1_time_2026-03-31_22-23-51,Climber,10,0.2,value,1,1000.0,0.0,0.0
k1ms1u71,Climber_10_roll_0_inner_0.2_pct_1_max_value_seed_2_time_2026-03-31_22-30-06,Climber,10,0.2,value,2,384.0,11.0,0.028645833333333332
ygpydw1w,Climber_10_roll_0_inner_0.2_pct_1_max_value_seed_3_time_2026-04-03_10-04-23,Climber,10,0.2,value,3,1000.0,0.0,0.0
pdvaxnr0,Climber_10_roll_0_inner_0.2_pct_1_max_value_seed_4_time_2026-04-03_10-10-41,Climber,10,0.2,value,4,53.0,0.0,0.0
xjboc86p,Climber_10_roll_0_inner_0.2_pct_1_max_value_seed_5_time_2026-04-03_10-11-05,Climber,10,0.2,value,5,1000.0,0.0,0.0
pe1uggi1,Climber_10_roll_0_inner_0.2_pct_1_max_value_seed_6_time_2026-04-03_10-16-30,Climber,10,0.2,value,6,1000.0,0.0,0.0
yx169kiq,Climber_10_roll_0_inner_0.2_pct_1_max_value_seed_7_time_2026-04-03_10-22-05,Climber,10,0.2,value,7,782.0,0.0,0.0
w90fv0wc,Climber_10_roll_0_inner_0.2_pct_1_max_value_seed_8_time_2026-04-03_10-27-13,Climber,10,0.2,value,8,1000.0,0.0,0.0
7r7gfuai,Climber_10_roll_0_inner_0.2_pct_1_max_value_seed_9_time_2026-04-03_10-33-32,Climber,10,0.2,value,9,821.0,1.0,0.001218026796589525
66zybjq7,Climber_10_roll_0_inner_0.5_pct_1_max_reward_seed_0_time_2026-03-31_23-10-46,Climber,10,0.5,reward,0,1000.0,0.0,0.0
hrhvq62n,Climber_10_roll_0_inner_0.5_pct_1_max_reward_seed_1_time_2026-03-31_23-21-42,Climber,10,0.5,reward,1,1000.0,2.0,0.002
n9v2vupd,Climber_10_roll_0_inner_0.5_pct_1_max_reward_seed_2_time_2026-03-31_23-32-30,Climber,10,0.5,reward,2,258.0,11.0,0.04263565891472868
n4ofbcft,Climber_10_roll_0_inner_0.5_pct_1_max_reward_seed_3_time_2026-04-03_12-15-13,Climber,10,0.5,reward,3,1000.0,0.0,0.0
to7745ia,Climber_10_roll_0_inner_0.5_pct_1_max_reward_seed_4_time_2026-04-03_12-26-29,Climber,10,0.5,reward,4,226.0,0.0,0.0
qgyblfm3,Climber_10_roll_0_inner_0.5_pct_1_max_reward_seed_5_time_2026-04-03_12-29-06,Climber,10,0.5,reward,5,1000.0,0.0,0.0
10ixnv7r,Climber_10_roll_0_inner_0.5_pct_1_max_reward_seed_6_time_2026-04-03_12-40-00,Climber,10,0.5,reward,6,1000.0,0.0,0.0
5ah12f1e,Climber_10_roll_0_inner_0.5_pct_1_max_reward_seed_7_time_2026-04-03_12-51-01,Climber,10,0.5,reward,7,1000.0,1.0,0.001
hp9mvp30,Climber_10_roll_0_inner_0.5_pct_1_max_reward_seed_8_time_2026-04-03_13-01-46,Climber,10,0.5,reward,8,1000.0,0.0,0.0
n5h5k7ye,Climber_10_roll_0_inner_0.5_pct_1_max_reward_seed_9_time_2026-04-03_13-13-06,Climber,10,0.5,reward,9,227.0,12.0,0.05286343612334802
vdfv2who,Climber_10_roll_0_inner_0.5_pct_1_max_value_seed_0_time_2026-03-31_22-46-13,Climber,10,0.5,value,0,1000.0,0.0,0.0
c6uahhu8,Climber_10_roll_0_inner_0.5_pct_1_max_value_seed_1_time_2026-03-31_22-57-06,Climber,10,0.5,value,1,1000.0,2.0,0.002
tg0pfvyj,Climber_10_roll_0_inner_0.5_pct_1_max_value_seed_2_time_2026-03-31_23-07-50,Climber,10,0.5,value,2,258.0,11.0,0.04263565891472868
ciwhpus9,Climber_10_roll_0_inner_0.5_pct_1_max_value_seed_3_time_2026-04-03_11-14-25,Climber,10,0.5,value,3,1000.0,0.0,0.0
edapbbx2,Climber_10_roll_0_inner_0.5_pct_1_max_value_seed_4_time_2026-04-03_11-25-49,Climber,10,0.5,value,4,226.0,0.0,0.0
iu13efhs,Climber_10_roll_0_inner_0.5_pct_1_max_value_seed_5_time_2026-04-03_11-28-27,Climber,10,0.5,value,5,1000.0,0.0,0.0
vfgtzm2s,Climber_10_roll_0_inner_0.5_pct_1_max_value_seed_6_time_2026-04-03_11-39-23,Climber,10,0.5,value,6,1000.0,0.0,0.0
cbbzwzdk,Climber_10_roll_0_inner_0.5_pct_1_max_value_seed_7_time_2026-04-03_11-50-26,Climber,10,0.5,value,7,1000.0,1.0,0.001
bwax8wqj,Climber_10_roll_0_inner_0.5_pct_1_max_value_seed_8_time_2026-04-03_12-01-20,Climber,10,0.5,value,8,1000.0,0.0,0.0
0khdflx0,Climber_10_roll_0_inner_0.5_pct_1_max_value_seed_9_time_2026-04-03_12-12-34,Climber,10,0.5,value,9,227.0,12.0,0.05286343612334802
208mlkzw,CoinRun_5_roll_0_inner_0.05_pct_1_max_reward_seed_3_time_2026-04-04_17-26-11,CoinRun,5,0.05,reward,3,316.0,0.0,0.0
mt7vb9dz,CoinRun_5_roll_0_inner_0.05_pct_1_max_reward_seed_4_time_2026-04-04_17-26-49,CoinRun,5,0.05,reward,4,251.0,10.0,0.0398406374501992
2gjza471,CoinRun_5_roll_0_inner_0.05_pct_1_max_reward_seed_5_time_2026-04-04_17-27-21,CoinRun,5,0.05,reward,5,101.0,0.0,0.0
ngzr6ass,CoinRun_5_roll_0_inner_0.05_pct_1_max_reward_seed_6_time_2026-04-04_17-27-40,CoinRun,5,0.05,reward,6,40.0,10.0,0.25
1vicg1u5,CoinRun_5_roll_0_inner_0.05_pct_1_max_reward_seed_7_time_2026-04-04_17-27-54,CoinRun,5,0.05,reward,7,184.0,0.0,0.0
88vxbjb4,CoinRun_5_roll_0_inner_0.05_pct_1_max_reward_seed_8_time_2026-04-04_17-28-19,CoinRun,5,0.05,reward,8,254.0,0.0,0.0
fobopvkw,CoinRun_5_roll_0_inner_0.05_pct_1_max_reward_seed_9_time_2026-04-04_17-28-47,CoinRun,5,0.05,reward,9,84.0,0.0,0.0
uh4btuop,CoinRun_5_roll_0_inner_0.05_pct_1_max_value_seed_3_time_2026-04-04_17-14-31,CoinRun,5,0.05,value,3,1000.0,0.0,0.0
i1f7iyvd,CoinRun_5_roll_0_inner_0.05_pct_1_max_value_seed_4_time_2026-04-04_17-16-08,CoinRun,5,0.05,value,4,1000.0,0.0,0.0
avzkyyqt,CoinRun_5_roll_0_inner_0.05_pct_1_max_value_seed_5_time_2026-04-04_17-17-52,CoinRun,5,0.05,value,5,1000.0,0.0,0.0
r8d3etqs,CoinRun_5_roll_0_inner_0.05_pct_1_max_value_seed_6_time_2026-04-04_17-19-33,CoinRun,5,0.05,value,6,1000.0,0.0,0.0
i9trt9ur,CoinRun_5_roll_0_inner_0.05_pct_1_max_value_seed_7_time_2026-04-04_17-21-06,CoinRun,5,0.05,value,7,1000.0,0.0,0.0
rksviube,CoinRun_5_roll_0_inner_0.05_pct_1_max_value_seed_8_time_2026-04-04_17-22-56,CoinRun,5,0.05,value,8,983.0,0.0,0.0
32cxx1rm,CoinRun_5_roll_0_inner_0.05_pct_1_max_value_seed_9_time_2026-04-04_17-24-31,CoinRun,5,0.05,value,9,1000.0,0.0,0.0
ivt37l5n,CoinRun_5_roll_0_inner_0.1_pct_1_max_reward_seed_3_time_2026-04-04_17-46-48,CoinRun,5,0.1,reward,3,298.0,0.0,0.0
acpoyrzm,CoinRun_5_roll_0_inner_0.1_pct_1_max_reward_seed_4_time_2026-04-04_17-47-36,CoinRun,5,0.1,reward,4,188.0,10.0,0.05319148936170213
g29bxdko,CoinRun_5_roll_0_inner_0.1_pct_1_max_reward_seed_5_time_2026-04-04_17-48-08,CoinRun,5,0.1,reward,5,19.0,0.0,0.0
eei9ts0j,CoinRun_5_roll_0_inner_0.1_pct_1_max_reward_seed_6_time_2026-04-04_17-48-21,CoinRun,5,0.1,reward,6,96.0,10.0,0.10416666666666667
d91eou8w,CoinRun_5_roll_0_inner_0.1_pct_1_max_reward_seed_7_time_2026-04-04_17-48-41,CoinRun,5,0.1,reward,7,159.0,0.0,0.0
1sklfs42,CoinRun_5_roll_0_inner_0.1_pct_1_max_reward_seed_8_time_2026-04-04_17-49-12,CoinRun,5,0.1,reward,8,25.0,0.0,0.0
cn3fj7qg,CoinRun_5_roll_0_inner_0.1_pct_1_max_reward_seed_9_time_2026-04-04_17-49-24,CoinRun,5,0.1,reward,9,92.0,0.0,0.0
bqi48bh6,CoinRun_5_roll_0_inner_0.1_pct_1_max_value_seed_3_time_2026-04-04_17-29-04,CoinRun,5,0.1,value,3,1000.0,0.0,0.0
c9hwym45,CoinRun_5_roll_0_inner_0.1_pct_1_max_value_seed_4_time_2026-04-04_17-31-21,CoinRun,5,0.1,value,4,1000.0,0.0,0.0
vec83brt,CoinRun_5_roll_0_inner_0.1_pct_1_max_value_seed_5_time_2026-04-04_17-34-02,CoinRun,5,0.1,value,5,1000.0,0.0,0.0
ex6d023c,CoinRun_5_roll_0_inner_0.1_pct_1_max_value_seed_6_time_2026-04-04_17-36-48,CoinRun,5,0.1,value,6,1000.0,0.0,0.0
id5e3ea0,CoinRun_5_roll_0_inner_0.1_pct_1_max_value_seed_7_time_2026-04-04_17-39-25,CoinRun,5,0.1,value,7,1000.0,0.0,0.0
555z4ndw,CoinRun_5_roll_0_inner_0.1_pct_1_max_value_seed_8_time_2026-04-04_17-42-01,CoinRun,5,0.1,value,8,858.0,0.0,0.0
8nqlhd8i,CoinRun_5_roll_0_inner_0.1_pct_1_max_value_seed_9_time_2026-04-04_17-44-20,CoinRun,5,0.1,value,9,1000.0,0.0,0.0
8abks0r5,CoinRun_5_roll_0_inner_0.2_pct_1_max_reward_seed_3_time_2026-04-04_18-10-26,CoinRun,5,0.2,reward,3,191.0,0.0,0.0
c2z34e4n,CoinRun_5_roll_0_inner_0.2_pct_1_max_reward_seed_4_time_2026-04-04_18-11-18,CoinRun,5,0.2,reward,4,406.0,10.0,0.024630541871921183
2iqryvs1,CoinRun_5_roll_0_inner_0.2_pct_1_max_reward_seed_5_time_2026-04-04_18-13-08,CoinRun,5,0.2,reward,5,32.0,0.0,0.0
kn99ftp6,CoinRun_5_roll_0_inner_0.2_pct_1_max_reward_seed_6_time_2026-04-04_18-13-27,CoinRun,5,0.2,reward,6,75.0,10.0,0.13333333333333333
4jih0ghx,CoinRun_5_roll_0_inner_0.2_pct_1_max_reward_seed_7_time_2026-04-04_18-13-53,CoinRun,5,0.2,reward,7,97.0,0.0,0.0
oosqf3sf,CoinRun_5_roll_0_inner_0.2_pct_1_max_reward_seed_8_time_2026-04-04_18-14-24,CoinRun,5,0.2,reward,8,89.0,0.0,0.0
590wkk69,CoinRun_5_roll_0_inner_0.2_pct_1_max_reward_seed_9_time_2026-04-04_18-14-51,CoinRun,5,0.2,reward,9,55.0,0.0,0.0
iox1eiph,CoinRun_5_roll_0_inner_0.2_pct_1_max_value_seed_3_time_2026-04-04_17-49-50,CoinRun,5,0.2,value,3,1000.0,0.0,0.0
x0wlr5w9,CoinRun_5_roll_0_inner_0.2_pct_1_max_value_seed_4_time_2026-04-04_17-53-27,CoinRun,5,0.2,value,4,1000.0,0.0,0.0
sr95sahz,CoinRun_5_roll_0_inner_0.2_pct_1_max_value_seed_5_time_2026-04-04_17-57-44,CoinRun,5,0.2,value,5,605.0,0.0,0.0
kpa6bkuy,CoinRun_5_roll_0_inner_0.2_pct_1_max_value_seed_6_time_2026-04-04_18-00-15,CoinRun,5,0.2,value,6,365.0,10.0,0.0273972602739726
tike5iph,CoinRun_5_roll_0_inner_0.2_pct_1_max_value_seed_7_time_2026-04-04_18-01-55,CoinRun,5,0.2,value,7,1000.0,0.0,0.0
q2xm30lk,CoinRun_5_roll_0_inner_0.2_pct_1_max_value_seed_8_time_2026-04-04_18-05-45,CoinRun,5,0.2,value,8,1000.0,0.0,0.0
5ustyat0,CoinRun_5_roll_0_inner_0.2_pct_1_max_value_seed_9_time_2026-04-04_18-09-47,CoinRun,5,0.2,value,9,145.0,0.0,0.0
zxqajwo9,CoinRun_5_roll_0_inner_0.5_pct_1_max_reward_seed_3_time_2026-04-04_18-23-45,CoinRun,5,0.5,reward,3,220.0,0.0,0.0
s7p6nkre,CoinRun_5_roll_0_inner_0.5_pct_1_max_reward_seed_4_time_2026-04-04_18-25-47,CoinRun,5,0.5,reward,4,191.0,10.0,0.05235602094240838
atpuvr1k,CoinRun_5_roll_0_inner_0.5_pct_1_max_reward_seed_5_time_2026-04-04_18-27-31,CoinRun,5,0.5,reward,5,25.0,0.0,0.0
d21e75py,CoinRun_5_roll_0_inner_0.5_pct_1_max_reward_seed_6_time_2026-04-04_18-27-48,CoinRun,5,0.5,reward,6,70.0,10.0,0.14285714285714285
btmxre0i,CoinRun_5_roll_0_inner_0.5_pct_1_max_reward_seed_7_time_2026-04-04_18-28-30,CoinRun,5,0.5,reward,7,139.0,10.0,0.07194244604316546
dsiivqex,CoinRun_5_roll_0_inner_0.5_pct_1_max_reward_seed_8_time_2026-04-04_18-29-52,CoinRun,5,0.5,reward,8,88.0,0.0,0.0
yezvi78v,CoinRun_5_roll_0_inner_0.5_pct_1_max_reward_seed_9_time_2026-04-04_18-30-49,CoinRun,5,0.5,reward,9,66.0,0.0,0.0
g4lkn85y,CoinRun_5_roll_0_inner_0.5_pct_1_max_value_seed_3_time_2026-04-04_18-15-08,CoinRun,5,0.5,value,3,324.0,10.0,0.030864197530864196
rrr05r66,CoinRun_5_roll_0_inner_0.5_pct_1_max_value_seed_4_time_2026-04-04_18-18-05,CoinRun,5,0.5,value,4,181.0,10.0,0.055248618784530384
pqzcyuhj,CoinRun_5_roll_0_inner_0.5_pct_1_max_value_seed_5_time_2026-04-04_18-19-35,CoinRun,5,0.5,value,5,25.0,0.0,0.0
xgbxxh5g,CoinRun_5_roll_0_inner_0.5_pct_1_max_value_seed_6_time_2026-04-04_18-19-52,CoinRun,5,0.5,value,6,137.0,10.0,0.072992700729927
4uaj18jy,CoinRun_5_roll_0_inner_0.5_pct_1_max_value_seed_7_time_2026-04-04_18-20-59,CoinRun,5,0.5,value,7,167.0,10.0,0.059880239520958084
kf6i501g,CoinRun_5_roll_0_inner_0.5_pct_1_max_value_seed_8_time_2026-04-04_18-22-30,CoinRun,5,0.5,value,8,33.0,0.0,0.0
viob2h7t,CoinRun_5_roll_0_inner_0.5_pct_1_max_value_seed_9_time_2026-04-04_18-22-56,CoinRun,5,0.5,value,9,79.0,0.0,0.0
38kma9bq,CoinRun_5_roll_0_inner_1_pct_1_max_reward_seed_0_time_2026-04-10_19-16-22,CoinRun,5,1.0,reward,0,93.0,10.0,0.10752688172043011
l86zwvf6,CoinRun_5_roll_0_inner_1_pct_1_max_reward_seed_1_time_2026-04-10_19-18-52,CoinRun,5,1.0,reward,1,292.0,10.0,0.03424657534246575
ahvan43p,CoinRun_5_roll_0_inner_1_pct_1_max_reward_seed_2_time_2026-04-10_19-26-39,CoinRun,5,1.0,reward,2,726.0,0.0,0.0
eazstei3,CoinRun_5_roll_0_inner_1_pct_1_max_reward_seed_3_time_2026-04-10_19-45-46,CoinRun,5,1.0,reward,3,1000.0,0.0,0.0
mf746swq,CoinRun_5_roll_0_inner_1_pct_1_max_reward_seed_4_time_2026-04-10_20-11-53,CoinRun,5,1.0,reward,4,896.0,10.0,0.011160714285714286
azrl0v0p,CoinRun_5_roll_0_inner_1_pct_1_max_reward_seed_5_time_2026-04-10_20-36-22,CoinRun,5,1.0,reward,5,46.0,10.0,0.21739130434782608
5xs0gmeh,CoinRun_5_roll_0_inner_1_pct_1_max_reward_seed_6_time_2026-04-10_20-37-37,CoinRun,5,1.0,reward,6,439.0,10.0,0.022779043280182234
6xn584dx,CoinRun_5_roll_0_inner_1_pct_1_max_reward_seed_7_time_2026-04-10_20-49-17,CoinRun,5,1.0,reward,7,1000.0,0.0,0.0
51xcc4cv,CoinRun_5_roll_0_inner_1_pct_1_max_reward_seed_8_time_2026-04-10_21-15-40,CoinRun,5,1.0,reward,8,1000.0,0.0,0.0
3pj9zby5,CoinRun_5_roll_0_inner_1_pct_1_max_reward_seed_9_time_2026-04-10_21-42-20,CoinRun,5,1.0,reward,9,1000.0,0.0,0.0
m8zk8441,CoinRun_5_roll_0_inner_1_pct_1_max_value_seed_0_time_2026-04-10_14-50-42,CoinRun,5,1.0,value,0,1000.0,0.0,0.0
rw23grv8,CoinRun_5_roll_0_inner_1_pct_1_max_value_seed_1_time_2026-04-10_15-17-03,CoinRun,5,1.0,value,1,1000.0,0.0,0.0
blapgyh0,CoinRun_5_roll_0_inner_1_pct_1_max_value_seed_2_time_2026-04-10_15-43-23,CoinRun,5,1.0,value,2,1000.0,0.0,0.0
uje5bxte,CoinRun_5_roll_0_inner_1_pct_1_max_value_seed_3_time_2026-04-10_16-09-33,CoinRun,5,1.0,value,3,1000.0,0.0,0.0
ffn0dewb,CoinRun_5_roll_0_inner_1_pct_1_max_value_seed_4_time_2026-04-10_16-36-52,CoinRun,5,1.0,value,4,1000.0,0.0,0.0
t8czz4c3,CoinRun_5_roll_0_inner_1_pct_1_max_value_seed_5_time_2026-04-10_17-03-03,CoinRun,5,1.0,value,5,1000.0,0.0,0.0
8l6qmf96,CoinRun_5_roll_0_inner_1_pct_1_max_value_seed_6_time_2026-04-10_17-29-28,CoinRun,5,1.0,value,6,1000.0,0.0,0.0
f0vd9nl8,CoinRun_5_roll_0_inner_1_pct_1_max_value_seed_7_time_2026-04-10_17-55-48,CoinRun,5,1.0,value,7,1000.0,0.0,0.0
fxcfw9i9,CoinRun_5_roll_0_inner_1_pct_1_max_value_seed_8_time_2026-04-10_18-22-21,CoinRun,5,1.0,value,8,1000.0,0.0,0.0
bhgt8nmp,CoinRun_5_roll_0_inner_1_pct_1_max_value_seed_9_time_2026-04-10_18-49-26,CoinRun,5,1.0,value,9,1000.0,0.0,0.0
m46tytdb,CoinRun_10_roll_0_inner_0.05_pct_1_max_reward_seed_3_time_2026-04-04_18-49-49,CoinRun,10,0.05,reward,3,396.0,0.0,0.0
grsoycen,CoinRun_10_roll_0_inner_0.05_pct_1_max_reward_seed_4_time_2026-04-04_18-50-58,CoinRun,10,0.05,reward,4,309.0,10.0,0.032362459546925564
xb3weymp,CoinRun_10_roll_0_inner_0.05_pct_1_max_reward_seed_5_time_2026-04-04_18-51-55,CoinRun,10,0.05,reward,5,195.0,0.0,0.0
5zysuqs6,CoinRun_10_roll_0_inner_0.05_pct_1_max_reward_seed_6_time_2026-04-04_18-52-22,CoinRun,10,0.05,reward,6,180.0,10.0,0.05555555555555555
v3gmtwoq,CoinRun_10_roll_0_inner_0.05_pct_1_max_reward_seed_7_time_2026-04-04_18-52-59,CoinRun,10,0.05,reward,7,581.0,0.0,0.0
ewpyixxj,CoinRun_10_roll_0_inner_0.05_pct_1_max_reward_seed_8_time_2026-04-04_18-54-21,CoinRun,10,0.05,reward,8,277.0,0.0,0.0
uhhaio5o,CoinRun_10_roll_0_inner_0.05_pct_1_max_reward_seed_9_time_2026-04-04_18-55-09,CoinRun,10,0.05,reward,9,59.0,0.0,0.0
pbm6o7tl,CoinRun_10_roll_0_inner_0.05_pct_1_max_value_seed_3_time_2026-04-04_18-31-32,CoinRun,10,0.05,value,3,1000.0,0.0,0.0
dae2vkx6,CoinRun_10_roll_0_inner_0.05_pct_1_max_value_seed_4_time_2026-04-04_18-34-09,CoinRun,10,0.05,value,4,1000.0,0.0,0.0
5wlx3vt5,CoinRun_10_roll_0_inner_0.05_pct_1_max_value_seed_5_time_2026-04-04_18-36-51,CoinRun,10,0.05,value,5,1000.0,0.0,0.0
0psf1fgm,CoinRun_10_roll_0_inner_0.05_pct_1_max_value_seed_6_time_2026-04-04_18-39-19,CoinRun,10,0.05,value,6,1000.0,0.0,0.0
iu97bvo8,CoinRun_10_roll_0_inner_0.05_pct_1_max_value_seed_7_time_2026-04-04_18-41-56,CoinRun,10,0.05,value,7,1000.0,0.0,0.0
mp50xeln,CoinRun_10_roll_0_inner_0.05_pct_1_max_value_seed_8_time_2026-04-04_18-44-56,CoinRun,10,0.05,value,8,1000.0,0.0,0.0
0etd31q8,CoinRun_10_roll_0_inner_0.05_pct_1_max_value_seed_9_time_2026-04-04_18-47-40,CoinRun,10,0.05,value,9,1000.0,0.0,0.0
36fe466d,CoinRun_10_roll_0_inner_0.1_pct_1_max_reward_seed_3_time_2026-04-04_19-15-05,CoinRun,10,0.1,reward,3,400.0,0.0,0.0
fjbkquvt,CoinRun_10_roll_0_inner_0.1_pct_1_max_reward_seed_4_time_2026-04-04_19-16-47,CoinRun,10,0.1,reward,4,606.0,10.0,0.0165016501650165
9ckmpk2g,CoinRun_10_roll_0_inner_0.1_pct_1_max_reward_seed_5_time_2026-04-04_19-18-51,CoinRun,10,0.1,reward,5,150.0,0.0,0.0
smw7riq7,CoinRun_10_roll_0_inner_0.1_pct_1_max_reward_seed_6_time_2026-04-04_19-19-30,CoinRun,10,0.1,reward,6,35.0,10.0,0.2857142857142857
srqmygvo,CoinRun_10_roll_0_inner_0.1_pct_1_max_reward_seed_7_time_2026-04-04_19-19-57,CoinRun,10,0.1,reward,7,511.0,0.0,0.0
qxli28o6,CoinRun_10_roll_0_inner_0.1_pct_1_max_reward_seed_8_time_2026-04-04_19-21-58,CoinRun,10,0.1,reward,8,143.0,0.0,0.0
lj6x3656,CoinRun_10_roll_0_inner_0.1_pct_1_max_reward_seed_9_time_2026-04-04_19-22-48,CoinRun,10,0.1,reward,9,100.0,0.0,0.0
ub72uume,CoinRun_10_roll_0_inner_0.1_pct_1_max_value_seed_3_time_2026-04-04_18-55-27,CoinRun,10,0.1,value,3,1000.0,0.0,0.0
1hdc3xm2,CoinRun_10_roll_0_inner_0.1_pct_1_max_value_seed_4_time_2026-04-04_18-58-51,CoinRun,10,0.1,value,4,1000.0,0.0,0.0
agrhzgjn,CoinRun_10_roll_0_inner_0.1_pct_1_max_value_seed_5_time_2026-04-04_19-02-31,CoinRun,10,0.1,value,5,1000.0,0.0,0.0
qh0ftjhr,CoinRun_10_roll_0_inner_0.1_pct_1_max_value_seed_6_time_2026-04-04_19-05-58,CoinRun,10,0.1,value,6,75.0,10.0,0.13333333333333333
0iz7noei,CoinRun_10_roll_0_inner_0.1_pct_1_max_value_seed_7_time_2026-04-04_19-06-22,CoinRun,10,0.1,value,7,1000.0,0.0,0.0
z6bpsr4p,CoinRun_10_roll_0_inner_0.1_pct_1_max_value_seed_8_time_2026-04-04_19-10-30,CoinRun,10,0.1,value,8,188.0,0.0,0.0
3rmn86f4,CoinRun_10_roll_0_inner_0.1_pct_1_max_value_seed_9_time_2026-04-04_19-11-06,CoinRun,10,0.1,value,9,1000.0,0.0,0.0
r0d13obj,CoinRun_10_roll_0_inner_0.2_pct_1_max_reward_seed_3_time_2026-04-04_19-31-17,CoinRun,10,0.2,reward,3,339.0,10.0,0.029498525073746312
nfyd28wf,CoinRun_10_roll_0_inner_0.2_pct_1_max_reward_seed_4_time_2026-04-04_19-33-22,CoinRun,10,0.2,reward,4,123.0,10.0,0.08130081300813008
yjfyl1ei,CoinRun_10_roll_0_inner_0.2_pct_1_max_reward_seed_5_time_2026-04-04_19-34-07,CoinRun,10,0.2,reward,5,86.0,0.0,0.0
aot7oum1,CoinRun_10_roll_0_inner_0.2_pct_1_max_reward_seed_6_time_2026-04-04_19-34-39,CoinRun,10,0.2,reward,6,58.0,10.0,0.1724137931034483
5upuaiin,CoinRun_10_roll_0_inner_0.2_pct_1_max_reward_seed_7_time_2026-04-04_19-35-10,CoinRun,10,0.2,reward,7,123.0,0.0,0.0
1wr2ijlt,CoinRun_10_roll_0_inner_0.2_pct_1_max_reward_seed_8_time_2026-04-04_19-36-03,CoinRun,10,0.2,reward,8,74.0,0.0,0.0
0i8stzpe,CoinRun_10_roll_0_inner_0.2_pct_1_max_reward_seed_9_time_2026-04-04_19-36-36,CoinRun,10,0.2,reward,9,183.0,0.0,0.0
9901qbbd,CoinRun_10_roll_0_inner_0.2_pct_1_max_value_seed_3_time_2026-04-04_19-23-20,CoinRun,10,0.2,value,3,427.0,0.0,0.0
mx52x8fo,CoinRun_10_roll_0_inner_0.2_pct_1_max_value_seed_4_time_2026-04-04_19-25-49,CoinRun,10,0.2,value,4,128.0,10.0,0.078125
nyul82wn,CoinRun_10_roll_0_inner_0.2_pct_1_max_value_seed_5_time_2026-04-04_19-26-34,CoinRun,10,0.2,value,5,131.0,0.0,0.0
kf9ozvw7,CoinRun_10_roll_0_inner_0.2_pct_1_max_value_seed_6_time_2026-04-04_19-27-17,CoinRun,10,0.2,value,6,119.0,10.0,0.08403361344537816
3zilse50,CoinRun_10_roll_0_inner_0.2_pct_1_max_value_seed_7_time_2026-04-04_19-28-24,CoinRun,10,0.2,value,7,301.0,0.0,0.0
bnq4j7yx,CoinRun_10_roll_0_inner_0.2_pct_1_max_value_seed_8_time_2026-04-04_19-30-18,CoinRun,10,0.2,value,8,46.0,0.0,0.0
0ljtfaeo,CoinRun_10_roll_0_inner_0.2_pct_1_max_value_seed_9_time_2026-04-04_19-30-50,CoinRun,10,0.2,value,9,55.0,0.0,0.0
098jl6u7,CoinRun_10_roll_0_inner_0.5_pct_1_max_reward_seed_3_time_2026-04-04_20-16-17,CoinRun,10,0.5,reward,3,191.0,0.0,0.0
pzwa6kj8,CoinRun_10_roll_0_inner_0.5_pct_1_max_reward_seed_4_time_2026-04-04_20-18-16,CoinRun,10,0.5,reward,4,1000.0,0.0,0.0
42g0y0sm,CoinRun_10_roll_0_inner_0.5_pct_1_max_reward_seed_5_time_2026-04-04_20-28-57,CoinRun,10,0.5,reward,5,207.0,0.0,0.0
42xzbt7l,CoinRun_10_roll_0_inner_0.5_pct_1_max_reward_seed_6_time_2026-04-04_20-31-02,CoinRun,10,0.5,reward,6,928.0,10.0,0.010775862068965518
dglua0k6,CoinRun_10_roll_0_inner_0.5_pct_1_max_reward_seed_7_time_2026-04-04_20-40-28,CoinRun,10,0.5,reward,7,1000.0,0.0,0.0
6v28j9uu,CoinRun_10_roll_0_inner_0.5_pct_1_max_reward_seed_8_time_2026-04-04_20-50-46,CoinRun,10,0.5,reward,8,83.0,0.0,0.0
v6c97n24,CoinRun_10_roll_0_inner_0.5_pct_1_max_reward_seed_9_time_2026-04-04_20-51-44,CoinRun,10,0.5,reward,9,269.0,0.0,0.0
u7irswc5,CoinRun_10_roll_0_inner_0.5_pct_1_max_value_seed_3_time_2026-04-04_19-37-52,CoinRun,10,0.5,value,3,191.0,0.0,0.0
yxl2jbal,CoinRun_10_roll_0_inner_0.5_pct_1_max_value_seed_4_time_2026-04-04_19-39-51,CoinRun,10,0.5,value,4,1000.0,0.0,0.0
axmlzsli,CoinRun_10_roll_0_inner_0.5_pct_1_max_value_seed_5_time_2026-04-04_19-50-32,CoinRun,10,0.5,value,5,207.0,0.0,0.0
so8har8x,CoinRun_10_roll_0_inner_0.5_pct_1_max_value_seed_6_time_2026-04-04_19-52-38,CoinRun,10,0.5,value,6,928.0,10.0,0.010775862068965518
xye5adj0,CoinRun_10_roll_0_inner_0.5_pct_1_max_value_seed_7_time_2026-04-04_20-02-17,CoinRun,10,0.5,value,7,1000.0,0.0,0.0
1xgk28pg,CoinRun_10_roll_0_inner_0.5_pct_1_max_value_seed_8_time_2026-04-04_20-12-32,CoinRun,10,0.5,value,8,83.0,0.0,0.0
zld1ut7g,CoinRun_10_roll_0_inner_0.5_pct_1_max_value_seed_9_time_2026-04-04_20-13-31,CoinRun,10,0.5,value,9,269.0,0.0,0.0
acm3j6jy,Coinrun_5_roll_0_inner_0.05_pct_1_max_reward_seed_0_time_2026-03-06_17-08-28,Coinrun,5,0.05,reward,0,91.0,10.0,0.10989010989010989
xegdxus6,Coinrun_5_roll_0_inner_0.05_pct_1_max_reward_seed_1_time_2026-03-06_17-08-45,Coinrun,5,0.05,reward,1,203.0,10.0,0.04926108374384237
zeuofy3q,Coinrun_5_roll_0_inner_0.05_pct_1_max_reward_seed_2_time_2026-03-06_17-09-09,Coinrun,5,0.05,reward,2,232.0,10.0,0.04310344827586207
hblr23t6,Coinrun_5_roll_0_inner_0.05_pct_1_max_value_seed_0_time_2026-03-06_17-07-28,Coinrun,5,0.05,value,0,91.0,10.0,0.10989010989010989
j983oek8,Coinrun_5_roll_0_inner_0.05_pct_1_max_value_seed_1_time_2026-03-06_17-07-46,Coinrun,5,0.05,value,1,203.0,10.0,0.04926108374384237
2w0n745k,Coinrun_5_roll_0_inner_0.05_pct_1_max_value_seed_2_time_2026-03-06_17-08-10,Coinrun,5,0.05,value,2,232.0,10.0,0.04310344827586207
4788f22y,Coinrun_5_roll_0_inner_0.1_pct_1_max_reward_seed_0_time_2026-03-06_17-11-12,Coinrun,5,0.1,reward,0,300.0,10.0,0.03333333333333333
vuhkqagl,Coinrun_5_roll_0_inner_0.1_pct_1_max_reward_seed_1_time_2026-03-06_17-12-08,Coinrun,5,0.1,reward,1,84.0,10.0,0.11904761904761904
cfx1ygl2,Coinrun_5_roll_0_inner_0.1_pct_1_max_reward_seed_2_time_2026-03-06_17-12-27,Coinrun,5,0.1,reward,2,179.0,0.0,0.0
mijczy32,Coinrun_5_roll_0_inner_0.1_pct_1_max_value_seed_0_time_2026-03-06_17-09-28,Coinrun,5,0.1,value,0,300.0,10.0,0.03333333333333333
g1y82rti,Coinrun_5_roll_0_inner_0.1_pct_1_max_value_seed_1_time_2026-03-06_17-10-22,Coinrun,5,0.1,value,1,84.0,10.0,0.11904761904761904
p3od6fwe,Coinrun_5_roll_0_inner_0.1_pct_1_max_value_seed_2_time_2026-03-06_17-10-40,Coinrun,5,0.1,value,2,179.0,0.0,0.0
td9t9npb,Coinrun_5_roll_0_inner_0.2_pct_1_max_reward_seed_0_time_2026-03-06_17-16-01,Coinrun,5,0.2,reward,0,318.0,10.0,0.031446540880503145
ije4uylw,Coinrun_5_roll_0_inner_0.2_pct_1_max_reward_seed_1_time_2026-03-06_17-17-33,Coinrun,5,0.2,reward,1,208.0,10.0,0.04807692307692308
s78anmwv,Coinrun_5_roll_0_inner_0.2_pct_1_max_reward_seed_2_time_2026-03-06_17-18-19,Coinrun,5,0.2,reward,2,140.0,10.0,0.07142857142857142
kz9ybzru,Coinrun_5_roll_0_inner_0.2_pct_1_max_value_seed_0_time_2026-03-06_17-12-58,Coinrun,5,0.2,value,0,318.0,10.0,0.031446540880503145
9hc0tj53,Coinrun_5_roll_0_inner_0.2_pct_1_max_value_seed_1_time_2026-03-06_17-14-30,Coinrun,5,0.2,value,1,208.0,10.0,0.04807692307692308
cwfatc7w,Coinrun_5_roll_0_inner_0.2_pct_1_max_value_seed_2_time_2026-03-06_17-15-17,Coinrun,5,0.2,value,2,140.0,10.0,0.07142857142857142
kpgoy1g2,Coinrun_5_roll_0_inner_0.5_pct_1_max_reward_seed_0_time_2026-03-06_17-44-25,Coinrun,5,0.5,reward,0,1000.0,0.0,0.0
81lm2lh8,Coinrun_5_roll_0_inner_0.5_pct_1_max_reward_seed_1_time_2026-03-06_17-53-06,Coinrun,5,0.5,reward,1,1000.0,0.0,0.0
kdjlkt3b,Coinrun_5_roll_0_inner_0.5_pct_1_max_reward_seed_2_time_2026-03-06_18-01-25,Coinrun,5,0.5,reward,2,1000.0,0.0,0.0
yy61daz1,Coinrun_5_roll_0_inner_0.5_pct_1_max_value_seed_0_time_2026-03-06_17-19-03,Coinrun,5,0.5,value,0,1000.0,0.0,0.0
uf0dbxo4,Coinrun_5_roll_0_inner_0.5_pct_1_max_value_seed_1_time_2026-03-06_17-27-48,Coinrun,5,0.5,value,1,1000.0,0.0,0.0
qwwn2afc,Coinrun_5_roll_0_inner_0.5_pct_1_max_value_seed_2_time_2026-03-06_17-36-03,Coinrun,5,0.5,value,2,1000.0,0.0,0.0
3iqucl5i,Coinrun_10_roll_0_inner_0.05_pct_1_max_reward_seed_0_time_2026-03-06_18-11-07,Coinrun,10,0.05,reward,0,95.0,10.0,0.10526315789473684
qjhr6u1k,Coinrun_10_roll_0_inner_0.05_pct_1_max_reward_seed_1_time_2026-03-06_18-11-33,Coinrun,10,0.05,reward,1,150.0,10.0,0.06666666666666667
kszfy6s8,Coinrun_10_roll_0_inner_0.05_pct_1_max_reward_seed_2_time_2026-03-06_18-12-03,Coinrun,10,0.05,reward,2,93.0,0.0,0.0
e667foiy,Coinrun_10_roll_0_inner_0.05_pct_1_max_value_seed_0_time_2026-03-06_18-09-46,Coinrun,10,0.05,value,0,95.0,10.0,0.10526315789473684
zfx06zwi,Coinrun_10_roll_0_inner_0.05_pct_1_max_value_seed_1_time_2026-03-06_18-10-12,Coinrun,10,0.05,value,1,150.0,10.0,0.06666666666666667
bf0e3nzb,Coinrun_10_roll_0_inner_0.05_pct_1_max_value_seed_2_time_2026-03-06_18-10-42,Coinrun,10,0.05,value,2,93.0,0.0,0.0
8vabijg7,Coinrun_10_roll_0_inner_0.1_pct_1_max_reward_seed_0_time_2026-03-06_18-14-36,Coinrun,10,0.1,reward,0,225.0,10.0,0.044444444444444446
i2xfx40s,Coinrun_10_roll_0_inner_0.1_pct_1_max_reward_seed_1_time_2026-03-06_18-15-34,Coinrun,10,0.1,reward,1,150.0,10.0,0.06666666666666667
exa7j9lf,Coinrun_10_roll_0_inner_0.1_pct_1_max_reward_seed_2_time_2026-03-06_18-16-19,Coinrun,10,0.1,reward,2,99.0,0.0,0.0
oig6n62e,Coinrun_10_roll_0_inner_0.1_pct_1_max_value_seed_0_time_2026-03-06_18-12-27,Coinrun,10,0.1,value,0,225.0,10.0,0.044444444444444446
33mgl250,Coinrun_10_roll_0_inner_0.1_pct_1_max_value_seed_1_time_2026-03-06_18-13-26,Coinrun,10,0.1,value,1,150.0,10.0,0.06666666666666667
73g5gaca,Coinrun_10_roll_0_inner_0.1_pct_1_max_value_seed_2_time_2026-03-06_18-14-11,Coinrun,10,0.1,value,2,99.0,0.0,0.0
s196jhrw,Coinrun_10_roll_0_inner_0.2_pct_1_max_reward_seed_0_time_2026-03-06_18-18-31,Coinrun,10,0.2,reward,0,87.0,10.0,0.11494252873563218
da4mivxe,Coinrun_10_roll_0_inner_0.2_pct_1_max_reward_seed_1_time_2026-03-06_18-19-01,Coinrun,10,0.2,reward,1,156.0,10.0,0.0641025641025641
8w44pesc,Coinrun_10_roll_0_inner_0.2_pct_1_max_reward_seed_2_time_2026-03-06_18-19-50,Coinrun,10,0.2,reward,2,69.0,0.0,0.0
ay09wn6c,Coinrun_10_roll_0_inner_0.2_pct_1_max_value_seed_0_time_2026-03-06_18-16-44,Coinrun,10,0.2,value,0,87.0,10.0,0.11494252873563218
y3ujwrom,Coinrun_10_roll_0_inner_0.2_pct_1_max_value_seed_1_time_2026-03-06_18-17-13,Coinrun,10,0.2,value,1,156.0,10.0,0.0641025641025641
6km0rx3r,Coinrun_10_roll_0_inner_0.2_pct_1_max_value_seed_2_time_2026-03-06_18-18-03,Coinrun,10,0.2,value,2,69.0,0.0,0.0
1af4w0qd,Coinrun_10_roll_0_inner_0.5_pct_1_max_reward_seed_0_time_2026-03-06_18-52-56,Coinrun,10,0.5,reward,0,1000.0,0.0,0.0
z5v12k9n,Coinrun_10_roll_0_inner_0.5_pct_1_max_reward_seed_1_time_2026-03-06_19-03-52,Coinrun,10,0.5,reward,1,1000.0,0.0,0.0
xqe6b4ev,Coinrun_10_roll_0_inner_0.5_pct_1_max_reward_seed_2_time_2026-03-06_19-14-56,Coinrun,10,0.5,reward,2,1000.0,0.0,0.0
2onrff6p,Coinrun_10_roll_0_inner_0.5_pct_1_max_value_seed_0_time_2026-03-06_18-20-18,Coinrun,10,0.5,value,0,1000.0,0.0,0.0
6hagjmqa,Coinrun_10_roll_0_inner_0.5_pct_1_max_value_seed_1_time_2026-03-06_18-31-18,Coinrun,10,0.5,value,1,1000.0,0.0,0.0
d1uddyqj,Coinrun_10_roll_0_inner_0.5_pct_1_max_value_seed_2_time_2026-03-06_18-42-16,Coinrun,10,0.5,value,2,1000.0,0.0,0.0
jjjr9p97,Dodgeball_5_roll_0_inner_0.05_pct_1_max_reward_seed_0_time_2026-03-31_06-26-12,Dodgeball,5,0.05,reward,0,733.0,0.0,0.0
3og8nvpg,Dodgeball_5_roll_0_inner_0.05_pct_1_max_reward_seed_1_time_2026-03-31_06-27-32,Dodgeball,5,0.05,reward,1,20.0,0.0,0.0
o37jznsd,Dodgeball_5_roll_0_inner_0.05_pct_1_max_reward_seed_2_time_2026-03-31_06-27-44,Dodgeball,5,0.05,reward,2,10.0,0.0,0.0
9vhtnxg7,Dodgeball_5_roll_0_inner_0.05_pct_1_max_reward_seed_3_time_2026-04-01_23-03-17,Dodgeball,5,0.05,reward,3,1.0,0.0,0.0
lba0db2t,Dodgeball_5_roll_0_inner_0.05_pct_1_max_reward_seed_4_time_2026-04-01_23-03-27,Dodgeball,5,0.05,reward,4,4.0,0.0,0.0
jx45q93s,Dodgeball_5_roll_0_inner_0.05_pct_1_max_reward_seed_5_time_2026-04-01_23-03-36,Dodgeball,5,0.05,reward,5,2.0,0.0,0.0
a9v905gr,Dodgeball_5_roll_0_inner_0.05_pct_1_max_reward_seed_6_time_2026-04-01_23-03-46,Dodgeball,5,0.05,reward,6,6.0,0.0,0.0
h6rn6vep,Dodgeball_5_roll_0_inner_0.05_pct_1_max_reward_seed_7_time_2026-04-01_23-03-55,Dodgeball,5,0.05,reward,7,886.0,0.0,0.0
gar8d091,Dodgeball_5_roll_0_inner_0.05_pct_1_max_reward_seed_8_time_2026-04-01_23-05-26,Dodgeball,5,0.05,reward,8,89.0,0.0,0.0
3gpr1m1f,Dodgeball_5_roll_0_inner_0.05_pct_1_max_reward_seed_9_time_2026-04-01_23-05-42,Dodgeball,5,0.05,reward,9,4.0,0.0,0.0
4f05kfx7,Dodgeball_5_roll_0_inner_0.05_pct_1_max_value_seed_0_time_2026-03-31_06-24-55,Dodgeball,5,0.05,value,0,433.0,0.0,0.0
d2r0w4gk,Dodgeball_5_roll_0_inner_0.05_pct_1_max_value_seed_1_time_2026-03-31_06-25-50,Dodgeball,5,0.05,value,1,20.0,0.0,0.0
p45xitd1,Dodgeball_5_roll_0_inner_0.05_pct_1_max_value_seed_2_time_2026-03-31_06-26-02,Dodgeball,5,0.05,value,2,10.0,0.0,0.0
5slnitas,Dodgeball_5_roll_0_inner_0.05_pct_1_max_value_seed_3_time_2026-04-01_23-00-48,Dodgeball,5,0.05,value,3,1.0,0.0,0.0
knjaxo6s,Dodgeball_5_roll_0_inner_0.05_pct_1_max_value_seed_4_time_2026-04-01_23-00-57,Dodgeball,5,0.05,value,4,4.0,0.0,0.0
ip31v57d,Dodgeball_5_roll_0_inner_0.05_pct_1_max_value_seed_5_time_2026-04-01_23-01-07,Dodgeball,5,0.05,value,5,2.0,0.0,0.0
93skh9qp,Dodgeball_5_roll_0_inner_0.05_pct_1_max_value_seed_6_time_2026-04-01_23-01-17,Dodgeball,5,0.05,value,6,6.0,0.0,0.0
d4pg1sqz,Dodgeball_5_roll_0_inner_0.05_pct_1_max_value_seed_7_time_2026-04-01_23-01-27,Dodgeball,5,0.05,value,7,886.0,0.0,0.0
d8nkjxq7,Dodgeball_5_roll_0_inner_0.05_pct_1_max_value_seed_8_time_2026-04-01_23-02-53,Dodgeball,5,0.05,value,8,89.0,0.0,0.0
i3ynf8mu,Dodgeball_5_roll_0_inner_0.05_pct_1_max_value_seed_9_time_2026-04-01_23-03-07,Dodgeball,5,0.05,value,9,4.0,0.0,0.0
efsfm1li,Dodgeball_5_roll_0_inner_0.1_pct_1_max_reward_seed_0_time_2026-03-31_06-30-08,Dodgeball,5,0.1,reward,0,733.0,0.0,0.0
lpjxm3rn,Dodgeball_5_roll_0_inner_0.1_pct_1_max_reward_seed_1_time_2026-03-31_06-31-54,Dodgeball,5,0.1,reward,1,22.0,0.0,0.0
1hu80h8e,Dodgeball_5_roll_0_inner_0.1_pct_1_max_reward_seed_2_time_2026-03-31_06-32-10,Dodgeball,5,0.1,reward,2,10.0,0.0,0.0
wlwtfonr,Dodgeball_5_roll_0_inner_0.1_pct_1_max_reward_seed_3_time_2026-04-01_23-09-13,Dodgeball,5,0.1,reward,3,1.0,0.0,0.0
3caf4fh7,Dodgeball_5_roll_0_inner_0.1_pct_1_max_reward_seed_4_time_2026-04-01_23-09-22,Dodgeball,5,0.1,reward,4,4.0,0.0,0.0
n8kklevm,Dodgeball_5_roll_0_inner_0.1_pct_1_max_reward_seed_5_time_2026-04-01_23-09-31,Dodgeball,5,0.1,reward,5,2.0,0.0,0.0
kf4qjn6w,Dodgeball_5_roll_0_inner_0.1_pct_1_max_reward_seed_6_time_2026-04-01_23-09-51,Dodgeball,5,0.1,reward,6,10.0,0.0,0.0
rgkjv1el,Dodgeball_5_roll_0_inner_0.1_pct_1_max_reward_seed_7_time_2026-04-01_23-10-07,Dodgeball,5,0.1,reward,7,886.0,0.0,0.0
76mpjhld,Dodgeball_5_roll_0_inner_0.1_pct_1_max_reward_seed_8_time_2026-04-01_23-12-14,Dodgeball,5,0.1,reward,8,89.0,0.0,0.0
uiyxl69g,Dodgeball_5_roll_0_inner_0.1_pct_1_max_reward_seed_9_time_2026-04-01_23-12-36,Dodgeball,5,0.1,reward,9,4.0,0.0,0.0
k8zkbbj5,Dodgeball_5_roll_0_inner_0.1_pct_1_max_value_seed_0_time_2026-03-31_06-27-53,Dodgeball,5,0.1,value,0,731.0,0.0,0.0
hqt8nkvq,Dodgeball_5_roll_0_inner_0.1_pct_1_max_value_seed_1_time_2026-03-31_06-29-47,Dodgeball,5,0.1,value,1,19.0,0.0,0.0
4nbd5o38,Dodgeball_5_roll_0_inner_0.1_pct_1_max_value_seed_2_time_2026-03-31_06-29-58,Dodgeball,5,0.1,value,2,10.0,0.0,0.0
ds90b67w,Dodgeball_5_roll_0_inner_0.1_pct_1_max_value_seed_3_time_2026-04-01_23-05-52,Dodgeball,5,0.1,value,3,1.0,0.0,0.0
68csgn9j,Dodgeball_5_roll_0_inner_0.1_pct_1_max_value_seed_4_time_2026-04-01_23-06-01,Dodgeball,5,0.1,value,4,4.0,0.0,0.0
5xta51sa,Dodgeball_5_roll_0_inner_0.1_pct_1_max_value_seed_5_time_2026-04-01_23-06-11,Dodgeball,5,0.1,value,5,2.0,0.0,0.0
4j7hdj53,Dodgeball_5_roll_0_inner_0.1_pct_1_max_value_seed_6_time_2026-04-01_23-06-20,Dodgeball,5,0.1,value,6,9.0,0.0,0.0
yo442lya,Dodgeball_5_roll_0_inner_0.1_pct_1_max_value_seed_7_time_2026-04-01_23-06-34,Dodgeball,5,0.1,value,7,886.0,0.0,0.0
pegjxedn,Dodgeball_5_roll_0_inner_0.1_pct_1_max_value_seed_8_time_2026-04-01_23-08-42,Dodgeball,5,0.1,value,8,89.0,0.0,0.0
wul0zi4o,Dodgeball_5_roll_0_inner_0.1_pct_1_max_value_seed_9_time_2026-04-01_23-09-03,Dodgeball,5,0.1,value,9,4.0,0.0,0.0
ofsbmp8q,Dodgeball_5_roll_0_inner_0.2_pct_1_max_reward_seed_0_time_2026-03-31_06-36-36,Dodgeball,5,0.2,reward,0,733.0,0.0,0.0
1ks4fl3x,Dodgeball_5_roll_0_inner_0.2_pct_1_max_reward_seed_1_time_2026-03-31_06-39-46,Dodgeball,5,0.2,reward,1,19.0,0.0,0.0
dkrpskkj,Dodgeball_5_roll_0_inner_0.2_pct_1_max_reward_seed_2_time_2026-03-31_06-40-00,Dodgeball,5,0.2,reward,2,10.0,0.0,0.0
xjvd4sjl,Dodgeball_5_roll_0_inner_0.2_pct_1_max_reward_seed_3_time_2026-04-01_23-18-23,Dodgeball,5,0.2,reward,3,1.0,0.0,0.0
2egueu0j,Dodgeball_5_roll_0_inner_0.2_pct_1_max_reward_seed_4_time_2026-04-01_23-18-32,Dodgeball,5,0.2,reward,4,4.0,0.0,0.0
auz6xtcv,Dodgeball_5_roll_0_inner_0.2_pct_1_max_reward_seed_5_time_2026-04-01_23-18-42,Dodgeball,5,0.2,reward,5,2.0,0.0,0.0
rb58ip94,Dodgeball_5_roll_0_inner_0.2_pct_1_max_reward_seed_6_time_2026-04-01_23-18-51,Dodgeball,5,0.2,reward,6,8.0,0.0,0.0
1d1iivz4,Dodgeball_5_roll_0_inner_0.2_pct_1_max_reward_seed_7_time_2026-04-01_23-19-02,Dodgeball,5,0.2,reward,7,1000.0,2.0,0.002
sozf4hpe,Dodgeball_5_roll_0_inner_0.2_pct_1_max_reward_seed_8_time_2026-04-01_23-22-59,Dodgeball,5,0.2,reward,8,89.0,0.0,0.0
4g6wr0tu,Dodgeball_5_roll_0_inner_0.2_pct_1_max_reward_seed_9_time_2026-04-01_23-23-35,Dodgeball,5,0.2,reward,9,4.0,0.0,0.0
cncenz71,Dodgeball_5_roll_0_inner_0.2_pct_1_max_value_seed_0_time_2026-03-31_06-32-19,Dodgeball,5,0.2,value,0,797.0,0.0,0.0
vca030r1,Dodgeball_5_roll_0_inner_0.2_pct_1_max_value_seed_1_time_2026-03-31_06-36-11,Dodgeball,5,0.2,value,1,25.0,0.0,0.0
lk1prgjk,Dodgeball_5_roll_0_inner_0.2_pct_1_max_value_seed_2_time_2026-03-31_06-36-26,Dodgeball,5,0.2,value,2,10.0,0.0,0.0
st3zhaee,Dodgeball_5_roll_0_inner_0.2_pct_1_max_value_seed_3_time_2026-04-01_23-12-45,Dodgeball,5,0.2,value,3,1.0,0.0,0.0
4t8yvu6q,Dodgeball_5_roll_0_inner_0.2_pct_1_max_value_seed_4_time_2026-04-01_23-12-55,Dodgeball,5,0.2,value,4,4.0,0.0,0.0
jjgicexh,Dodgeball_5_roll_0_inner_0.2_pct_1_max_value_seed_5_time_2026-04-01_23-13-04,Dodgeball,5,0.2,value,5,2.0,0.0,0.0
4e4utk3n,Dodgeball_5_roll_0_inner_0.2_pct_1_max_value_seed_6_time_2026-04-01_23-13-14,Dodgeball,5,0.2,value,6,7.0,0.0,0.0
szd5jk6h,Dodgeball_5_roll_0_inner_0.2_pct_1_max_value_seed_7_time_2026-04-01_23-13-26,Dodgeball,5,0.2,value,7,1000.0,0.0,0.0
xbvscbgh,Dodgeball_5_roll_0_inner_0.2_pct_1_max_value_seed_8_time_2026-04-01_23-17-41,Dodgeball,5,0.2,value,8,89.0,0.0,0.0
zphgl92f,Dodgeball_5_roll_0_inner_0.2_pct_1_max_value_seed_9_time_2026-04-01_23-18-14,Dodgeball,5,0.2,value,9,4.0,0.0,0.0
4aemi3vv,Dodgeball_5_roll_0_inner_0.5_pct_1_max_reward_seed_0_time_2026-03-31_06-49-17,Dodgeball,5,0.5,reward,0,1000.0,4.0,0.004
316eit65,Dodgeball_5_roll_0_inner_0.5_pct_1_max_reward_seed_1_time_2026-03-31_06-58-02,Dodgeball,5,0.5,reward,1,32.0,0.0,0.0
kz0ouk4c,Dodgeball_5_roll_0_inner_0.5_pct_1_max_reward_seed_2_time_2026-03-31_06-58-28,Dodgeball,5,0.5,reward,2,17.0,0.0,0.0
uz4shh5x,Dodgeball_5_roll_0_inner_0.5_pct_1_max_reward_seed_3_time_2026-04-01_23-34-20,Dodgeball,5,0.5,reward,3,1.0,0.0,0.0
3hqcesvi,Dodgeball_5_roll_0_inner_0.5_pct_1_max_reward_seed_4_time_2026-04-01_23-34-29,Dodgeball,5,0.5,reward,4,4.0,0.0,0.0
lxpeqq24,Dodgeball_5_roll_0_inner_0.5_pct_1_max_reward_seed_5_time_2026-04-01_23-34-42,Dodgeball,5,0.5,reward,5,2.0,0.0,0.0
s0clnvfp,Dodgeball_5_roll_0_inner_0.5_pct_1_max_reward_seed_6_time_2026-04-01_23-34-58,Dodgeball,5,0.5,reward,6,6.0,0.0,0.0
1szdutme,Dodgeball_5_roll_0_inner_0.5_pct_1_max_reward_seed_7_time_2026-04-01_23-35-11,Dodgeball,5,0.5,reward,7,1000.0,2.0,0.002
xqxdei9l,Dodgeball_5_roll_0_inner_0.5_pct_1_max_reward_seed_8_time_2026-04-01_23-44-09,Dodgeball,5,0.5,reward,8,89.0,0.0,0.0
i1aj7nu9,Dodgeball_5_roll_0_inner_0.5_pct_1_max_reward_seed_9_time_2026-04-01_23-45-03,Dodgeball,5,0.5,reward,9,4.0,0.0,0.0
7xlcn4g6,Dodgeball_5_roll_0_inner_0.5_pct_1_max_value_seed_0_time_2026-03-31_06-40-10,Dodgeball,5,0.5,value,0,1000.0,4.0,0.004
ikyu5li2,Dodgeball_5_roll_0_inner_0.5_pct_1_max_value_seed_1_time_2026-03-31_06-48-35,Dodgeball,5,0.5,value,1,32.0,0.0,0.0
cdv3j067,Dodgeball_5_roll_0_inner_0.5_pct_1_max_value_seed_2_time_2026-03-31_06-49-01,Dodgeball,5,0.5,value,2,17.0,0.0,0.0
dpkum02v,Dodgeball_5_roll_0_inner_0.5_pct_1_max_value_seed_3_time_2026-04-01_23-23-44,Dodgeball,5,0.5,value,3,1.0,0.0,0.0
t10fq0tu,Dodgeball_5_roll_0_inner_0.5_pct_1_max_value_seed_4_time_2026-04-01_23-23-54,Dodgeball,5,0.5,value,4,4.0,0.0,0.0
y2smeld2,Dodgeball_5_roll_0_inner_0.5_pct_1_max_value_seed_5_time_2026-04-01_23-24-04,Dodgeball,5,0.5,value,5,2.0,0.0,0.0
mht3buhy,Dodgeball_5_roll_0_inner_0.5_pct_1_max_value_seed_6_time_2026-04-01_23-24-13,Dodgeball,5,0.5,value,6,6.0,0.0,0.0
zkvubth4,Dodgeball_5_roll_0_inner_0.5_pct_1_max_value_seed_7_time_2026-04-01_23-24-25,Dodgeball,5,0.5,value,7,1000.0,0.0,0.0
byn7oh2t,Dodgeball_5_roll_0_inner_0.5_pct_1_max_value_seed_8_time_2026-04-01_23-33-12,Dodgeball,5,0.5,value,8,89.0,0.0,0.0
vwehkkx9,Dodgeball_5_roll_0_inner_0.5_pct_1_max_value_seed_9_time_2026-04-01_23-34-10,Dodgeball,5,0.5,value,9,4.0,0.0,0.0
ija1wf79,Dodgeball_5_roll_0_inner_1_pct_1_max_reward_seed_0_time_2026-04-11_05-36-14,Dodgeball,5,1.0,reward,0,171.0,0.0,0.0
27xo2x73,Dodgeball_5_roll_0_inner_1_pct_1_max_reward_seed_1_time_2026-04-11_05-40-46,Dodgeball,5,1.0,reward,1,412.0,4.0,0.009708737864077669
937bts17,Dodgeball_5_roll_0_inner_1_pct_1_max_reward_seed_2_time_2026-04-11_05-51-34,Dodgeball,5,1.0,reward,2,119.0,0.0,0.0
06uonncs,Dodgeball_5_roll_0_inner_1_pct_1_max_reward_seed_3_time_2026-04-11_05-54-44,Dodgeball,5,1.0,reward,3,1.0,0.0,0.0
o5rzgmni,Dodgeball_5_roll_0_inner_1_pct_1_max_reward_seed_4_time_2026-04-11_05-54-54,Dodgeball,5,1.0,reward,4,4.0,0.0,0.0
grd2l7kw,Dodgeball_5_roll_0_inner_1_pct_1_max_reward_seed_5_time_2026-04-11_05-55-03,Dodgeball,5,1.0,reward,5,2.0,0.0,0.0
op7e6qp2,Dodgeball_5_roll_0_inner_1_pct_1_max_reward_seed_6_time_2026-04-11_05-55-13,Dodgeball,5,1.0,reward,6,17.0,0.0,0.0
ob6zcbvo,Dodgeball_5_roll_0_inner_1_pct_1_max_reward_seed_7_time_2026-04-11_05-55-43,Dodgeball,5,1.0,reward,7,29.0,0.0,0.0
ysg5mf94,Dodgeball_5_roll_0_inner_1_pct_1_max_reward_seed_8_time_2026-04-11_05-56-31,Dodgeball,5,1.0,reward,8,73.0,0.0,0.0
jpm8t14b,Dodgeball_5_roll_0_inner_1_pct_1_max_reward_seed_9_time_2026-04-11_05-58-29,Dodgeball,5,1.0,reward,9,4.0,0.0,0.0
h670dkfh,Dodgeball_5_roll_0_inner_1_pct_1_max_value_seed_0_time_2026-04-11_05-08-27,Dodgeball,5,1.0,value,0,32.0,2.0,0.0625
8b0v2a5m,Dodgeball_5_roll_0_inner_1_pct_1_max_value_seed_1_time_2026-04-11_05-09-21,Dodgeball,5,1.0,value,1,217.0,4.0,0.018433179723502304
2p3pae0v,Dodgeball_5_roll_0_inner_1_pct_1_max_value_seed_2_time_2026-04-11_05-15-06,Dodgeball,5,1.0,value,2,14.0,0.0,0.0
9ofqctks,Dodgeball_5_roll_0_inner_1_pct_1_max_value_seed_3_time_2026-04-11_05-15-32,Dodgeball,5,1.0,value,3,1.0,0.0,0.0
wet80csa,Dodgeball_5_roll_0_inner_1_pct_1_max_value_seed_4_time_2026-04-11_05-15-42,Dodgeball,5,1.0,value,4,4.0,0.0,0.0
b3ugh1iz,Dodgeball_5_roll_0_inner_1_pct_1_max_value_seed_5_time_2026-04-11_05-15-51,Dodgeball,5,1.0,value,5,2.0,0.0,0.0
6ydx6mfo,Dodgeball_5_roll_0_inner_1_pct_1_max_value_seed_6_time_2026-04-11_05-16-00,Dodgeball,5,1.0,value,6,24.0,0.0,0.0
5zzlxgwy,Dodgeball_5_roll_0_inner_1_pct_1_max_value_seed_7_time_2026-04-11_05-16-41,Dodgeball,5,1.0,value,7,677.0,6.0,0.008862629246676515
wsejy3bl,Dodgeball_5_roll_0_inner_1_pct_1_max_value_seed_8_time_2026-04-11_05-34-18,Dodgeball,5,1.0,value,8,66.0,2.0,0.030303030303030304
s0utsgxk,Dodgeball_5_roll_0_inner_1_pct_1_max_value_seed_9_time_2026-04-11_05-36-04,Dodgeball,5,1.0,value,9,4.0,0.0,0.0
vm3518hn,Dodgeball_10_roll_0_inner_0.05_pct_1_max_reward_seed_0_time_2026-03-31_07-01-10,Dodgeball,10,0.05,reward,0,733.0,0.0,0.0
jbsy1n2s,Dodgeball_10_roll_0_inner_0.05_pct_1_max_reward_seed_1_time_2026-03-31_07-02-57,Dodgeball,10,0.05,reward,1,20.0,0.0,0.0
hzjda0su,Dodgeball_10_roll_0_inner_0.05_pct_1_max_reward_seed_2_time_2026-03-31_07-03-12,Dodgeball,10,0.05,reward,2,10.0,0.0,0.0
rm10605i,Dodgeball_10_roll_0_inner_0.05_pct_1_max_reward_seed_3_time_2026-04-01_23-48-22,Dodgeball,10,0.05,reward,3,1.0,0.0,0.0
7ahl32j6,Dodgeball_10_roll_0_inner_0.05_pct_1_max_reward_seed_4_time_2026-04-01_23-48-32,Dodgeball,10,0.05,reward,4,4.0,0.0,0.0
4i469h2i,Dodgeball_10_roll_0_inner_0.05_pct_1_max_reward_seed_5_time_2026-04-01_23-48-41,Dodgeball,10,0.05,reward,5,2.0,0.0,0.0
27ilfu5c,Dodgeball_10_roll_0_inner_0.05_pct_1_max_reward_seed_6_time_2026-04-01_23-48-51,Dodgeball,10,0.05,reward,6,6.0,0.0,0.0
annlm2gi,Dodgeball_10_roll_0_inner_0.05_pct_1_max_reward_seed_7_time_2026-04-01_23-49-01,Dodgeball,10,0.05,reward,7,885.0,0.0,0.0
znujc5pi,Dodgeball_10_roll_0_inner_0.05_pct_1_max_reward_seed_8_time_2026-04-01_23-51-22,Dodgeball,10,0.05,reward,8,89.0,0.0,0.0
iku4yoz3,Dodgeball_10_roll_0_inner_0.05_pct_1_max_reward_seed_9_time_2026-04-01_23-51-38,Dodgeball,10,0.05,reward,9,4.0,0.0,0.0
cvoey9zt,Dodgeball_10_roll_0_inner_0.05_pct_1_max_value_seed_0_time_2026-03-31_06-58-44,Dodgeball,10,0.05,value,0,733.0,0.0,0.0
q9kg8b0y,Dodgeball_10_roll_0_inner_0.05_pct_1_max_value_seed_1_time_2026-03-31_07-00-42,Dodgeball,10,0.05,value,1,29.0,0.0,0.0
tpo8uso9,Dodgeball_10_roll_0_inner_0.05_pct_1_max_value_seed_2_time_2026-03-31_07-01-00,Dodgeball,10,0.05,value,2,10.0,0.0,0.0
3l7la83m,Dodgeball_10_roll_0_inner_0.05_pct_1_max_value_seed_3_time_2026-04-01_23-45-13,Dodgeball,10,0.05,value,3,1.0,0.0,0.0
lkeom3of,Dodgeball_10_roll_0_inner_0.05_pct_1_max_value_seed_4_time_2026-04-01_23-45-23,Dodgeball,10,0.05,value,4,4.0,0.0,0.0
8yti9pa8,Dodgeball_10_roll_0_inner_0.05_pct_1_max_value_seed_5_time_2026-04-01_23-45-33,Dodgeball,10,0.05,value,5,2.0,0.0,0.0
5714q2av,Dodgeball_10_roll_0_inner_0.05_pct_1_max_value_seed_6_time_2026-04-01_23-45-43,Dodgeball,10,0.05,value,6,6.0,0.0,0.0
hgb85rlt,Dodgeball_10_roll_0_inner_0.05_pct_1_max_value_seed_7_time_2026-04-01_23-45-53,Dodgeball,10,0.05,value,7,886.0,0.0,0.0
vpanz3fq,Dodgeball_10_roll_0_inner_0.05_pct_1_max_value_seed_8_time_2026-04-01_23-47-56,Dodgeball,10,0.05,value,8,89.0,0.0,0.0
t8kqy07u,Dodgeball_10_roll_0_inner_0.05_pct_1_max_value_seed_9_time_2026-04-01_23-48-12,Dodgeball,10,0.05,value,9,4.0,0.0,0.0
3d85a49c,Dodgeball_10_roll_0_inner_0.1_pct_1_max_reward_seed_0_time_2026-03-31_07-06-19,Dodgeball,10,0.1,reward,0,733.0,0.0,0.0
y2mkksbx,Dodgeball_10_roll_0_inner_0.1_pct_1_max_reward_seed_1_time_2026-03-31_07-09-07,Dodgeball,10,0.1,reward,1,26.0,0.0,0.0
kk39waia,Dodgeball_10_roll_0_inner_0.1_pct_1_max_reward_seed_2_time_2026-03-31_07-09-25,Dodgeball,10,0.1,reward,2,10.0,0.0,0.0
i97todqe,Dodgeball_10_roll_0_inner_0.1_pct_1_max_reward_seed_3_time_2026-04-01_23-56-45,Dodgeball,10,0.1,reward,3,1.0,0.0,0.0
foaf27pc,Dodgeball_10_roll_0_inner_0.1_pct_1_max_reward_seed_4_time_2026-04-01_23-56-54,Dodgeball,10,0.1,reward,4,4.0,0.0,0.0
rmee1t8k,Dodgeball_10_roll_0_inner_0.1_pct_1_max_reward_seed_5_time_2026-04-01_23-57-04,Dodgeball,10,0.1,reward,5,2.0,0.0,0.0
wdcj2zzr,Dodgeball_10_roll_0_inner_0.1_pct_1_max_reward_seed_6_time_2026-04-01_23-57-13,Dodgeball,10,0.1,reward,6,11.0,0.0,0.0
lxeyals6,Dodgeball_10_roll_0_inner_0.1_pct_1_max_reward_seed_7_time_2026-04-01_23-57-25,Dodgeball,10,0.1,reward,7,878.0,0.0,0.0
38vmap99,Dodgeball_10_roll_0_inner_0.1_pct_1_max_reward_seed_8_time_2026-04-02_00-01-48,Dodgeball,10,0.1,reward,8,89.0,0.0,0.0
umn73dy0,Dodgeball_10_roll_0_inner_0.1_pct_1_max_reward_seed_9_time_2026-04-02_00-02-15,Dodgeball,10,0.1,reward,9,4.0,0.0,0.0
pxwvw65c,Dodgeball_10_roll_0_inner_0.1_pct_1_max_value_seed_0_time_2026-03-31_07-03-21,Dodgeball,10,0.1,value,0,732.0,0.0,0.0
kq7efbm9,Dodgeball_10_roll_0_inner_0.1_pct_1_max_value_seed_1_time_2026-03-31_07-05-55,Dodgeball,10,0.1,value,1,17.0,0.0,0.0
49h4we0j,Dodgeball_10_roll_0_inner_0.1_pct_1_max_value_seed_2_time_2026-03-31_07-06-10,Dodgeball,10,0.1,value,2,10.0,0.0,0.0
mmu3m3q4,Dodgeball_10_roll_0_inner_0.1_pct_1_max_value_seed_3_time_2026-04-01_23-51-48,Dodgeball,10,0.1,value,3,1.0,0.0,0.0
ggfewcme,Dodgeball_10_roll_0_inner_0.1_pct_1_max_value_seed_4_time_2026-04-01_23-51-58,Dodgeball,10,0.1,value,4,4.0,0.0,0.0
0t5lqjih,Dodgeball_10_roll_0_inner_0.1_pct_1_max_value_seed_5_time_2026-04-01_23-52-08,Dodgeball,10,0.1,value,5,2.0,0.0,0.0
fuyxydj7,Dodgeball_10_roll_0_inner_0.1_pct_1_max_value_seed_6_time_2026-04-01_23-52-17,Dodgeball,10,0.1,value,6,7.0,0.0,0.0
a2ghwau4,Dodgeball_10_roll_0_inner_0.1_pct_1_max_value_seed_7_time_2026-04-01_23-52-32,Dodgeball,10,0.1,value,7,881.0,0.0,0.0
51vb4ztq,Dodgeball_10_roll_0_inner_0.1_pct_1_max_value_seed_8_time_2026-04-01_23-56-05,Dodgeball,10,0.1,value,8,89.0,0.0,0.0
6cktl64x,Dodgeball_10_roll_0_inner_0.1_pct_1_max_value_seed_9_time_2026-04-01_23-56-35,Dodgeball,10,0.1,value,9,4.0,0.0,0.0
1n42r7ow,Dodgeball_10_roll_0_inner_0.2_pct_1_max_reward_seed_0_time_2026-03-31_07-14-29,Dodgeball,10,0.2,reward,0,733.0,0.0,0.0
k1c4jkrg,Dodgeball_10_roll_0_inner_0.2_pct_1_max_reward_seed_1_time_2026-03-31_07-19-15,Dodgeball,10,0.2,reward,1,27.0,0.0,0.0
6r38370d,Dodgeball_10_roll_0_inner_0.2_pct_1_max_reward_seed_2_time_2026-03-31_07-19-35,Dodgeball,10,0.2,reward,2,10.0,0.0,0.0
5l13i5rw,Dodgeball_10_roll_0_inner_0.2_pct_1_max_reward_seed_3_time_2026-04-02_00-09-05,Dodgeball,10,0.2,reward,3,1.0,0.0,0.0
245szt1x,Dodgeball_10_roll_0_inner_0.2_pct_1_max_reward_seed_4_time_2026-04-02_00-09-19,Dodgeball,10,0.2,reward,4,4.0,0.0,0.0
cuk1lmjz,Dodgeball_10_roll_0_inner_0.2_pct_1_max_reward_seed_5_time_2026-04-02_00-09-30,Dodgeball,10,0.2,reward,5,2.0,0.0,0.0
xl2ypaxk,Dodgeball_10_roll_0_inner_0.2_pct_1_max_reward_seed_6_time_2026-04-02_00-09-41,Dodgeball,10,0.2,reward,6,14.0,0.0,0.0
e5zrs24d,Dodgeball_10_roll_0_inner_0.2_pct_1_max_reward_seed_7_time_2026-04-02_00-10-02,Dodgeball,10,0.2,reward,7,876.0,0.0,0.0
fie9eg3x,Dodgeball_10_roll_0_inner_0.2_pct_1_max_reward_seed_8_time_2026-04-02_00-15-16,Dodgeball,10,0.2,reward,8,89.0,0.0,0.0
yxxxx7gg,Dodgeball_10_roll_0_inner_0.2_pct_1_max_reward_seed_9_time_2026-04-02_00-16-02,Dodgeball,10,0.2,reward,9,4.0,0.0,0.0
1sri9ob1,Dodgeball_10_roll_0_inner_0.2_pct_1_max_value_seed_0_time_2026-03-31_07-09-35,Dodgeball,10,0.2,value,0,732.0,0.0,0.0
l0smku0x,Dodgeball_10_roll_0_inner_0.2_pct_1_max_value_seed_1_time_2026-03-31_07-13-38,Dodgeball,10,0.2,value,1,121.0,0.0,0.0
jv5xrogd,Dodgeball_10_roll_0_inner_0.2_pct_1_max_value_seed_2_time_2026-03-31_07-14-19,Dodgeball,10,0.2,value,2,10.0,0.0,0.0
ur2459jj,Dodgeball_10_roll_0_inner_0.2_pct_1_max_value_seed_3_time_2026-04-02_00-02-25,Dodgeball,10,0.2,value,3,1.0,0.0,0.0
ht256nws,Dodgeball_10_roll_0_inner_0.2_pct_1_max_value_seed_4_time_2026-04-02_00-02-34,Dodgeball,10,0.2,value,4,4.0,0.0,0.0
dgsqvbvf,Dodgeball_10_roll_0_inner_0.2_pct_1_max_value_seed_5_time_2026-04-02_00-02-45,Dodgeball,10,0.2,value,5,2.0,0.0,0.0
qwo4chk4,Dodgeball_10_roll_0_inner_0.2_pct_1_max_value_seed_6_time_2026-04-02_00-02-54,Dodgeball,10,0.2,value,6,8.0,0.0,0.0
gxalfs5u,Dodgeball_10_roll_0_inner_0.2_pct_1_max_value_seed_7_time_2026-04-02_00-03-09,Dodgeball,10,0.2,value,7,890.0,0.0,0.0
u7hujpw7,Dodgeball_10_roll_0_inner_0.2_pct_1_max_value_seed_8_time_2026-04-02_00-08-18,Dodgeball,10,0.2,value,8,89.0,0.0,0.0
7izjm8xw,Dodgeball_10_roll_0_inner_0.2_pct_1_max_value_seed_9_time_2026-04-02_00-08-54,Dodgeball,10,0.2,value,9,4.0,0.0,0.0
nr50z5ns,Dodgeball_10_roll_0_inner_0.5_pct_1_max_reward_seed_0_time_2026-03-31_07-31-37,Dodgeball,10,0.5,reward,0,1000.0,6.0,0.006
y9kxmiaj,Dodgeball_10_roll_0_inner_0.5_pct_1_max_reward_seed_1_time_2026-03-31_07-42-57,Dodgeball,10,0.5,reward,1,31.0,0.0,0.0
500lov3r,Dodgeball_10_roll_0_inner_0.5_pct_1_max_reward_seed_2_time_2026-03-31_07-43-26,Dodgeball,10,0.5,reward,2,11.0,0.0,0.0
nlx08sj0,Dodgeball_10_roll_0_inner_0.5_pct_1_max_reward_seed_3_time_2026-04-02_00-30-26,Dodgeball,10,0.5,reward,3,1.0,0.0,0.0
lxymqgp8,Dodgeball_10_roll_0_inner_0.5_pct_1_max_reward_seed_4_time_2026-04-02_00-30-35,Dodgeball,10,0.5,reward,4,4.0,0.0,0.0
bh16sdlk,Dodgeball_10_roll_0_inner_0.5_pct_1_max_reward_seed_5_time_2026-04-02_00-30-44,Dodgeball,10,0.5,reward,5,2.0,0.0,0.0
h46xksaw,Dodgeball_10_roll_0_inner_0.5_pct_1_max_reward_seed_6_time_2026-04-02_00-30-55,Dodgeball,10,0.5,reward,6,6.0,0.0,0.0
2n69i15y,Dodgeball_10_roll_0_inner_0.5_pct_1_max_reward_seed_7_time_2026-04-02_00-31-07,Dodgeball,10,0.5,reward,7,1000.0,2.0,0.002
w0mbavg4,Dodgeball_10_roll_0_inner_0.5_pct_1_max_reward_seed_8_time_2026-04-02_00-41-45,Dodgeball,10,0.5,reward,8,89.0,0.0,0.0
doik90cz,Dodgeball_10_roll_0_inner_0.5_pct_1_max_reward_seed_9_time_2026-04-02_00-43-02,Dodgeball,10,0.5,reward,9,4.0,0.0,0.0
rqy5p62j,Dodgeball_10_roll_0_inner_0.5_pct_1_max_value_seed_0_time_2026-03-31_07-19-44,Dodgeball,10,0.5,value,0,1000.0,6.0,0.006
fzdh45u7,Dodgeball_10_roll_0_inner_0.5_pct_1_max_value_seed_1_time_2026-03-31_07-30-56,Dodgeball,10,0.5,value,1,31.0,0.0,0.0
zqbl3zm4,Dodgeball_10_roll_0_inner_0.5_pct_1_max_value_seed_2_time_2026-03-31_07-31-25,Dodgeball,10,0.5,value,2,11.0,0.0,0.0
zondnv6u,Dodgeball_10_roll_0_inner_0.5_pct_1_max_value_seed_3_time_2026-04-02_00-16-13,Dodgeball,10,0.5,value,3,1.0,0.0,0.0
ahvxthnm,Dodgeball_10_roll_0_inner_0.5_pct_1_max_value_seed_4_time_2026-04-02_00-16-51,Dodgeball,10,0.5,value,4,4.0,0.0,0.0
z2o4u69o,Dodgeball_10_roll_0_inner_0.5_pct_1_max_value_seed_5_time_2026-04-02_00-17-54,Dodgeball,10,0.5,value,5,2.0,0.0,0.0
wd5zwyr1,Dodgeball_10_roll_0_inner_0.5_pct_1_max_value_seed_6_time_2026-04-02_00-18-03,Dodgeball,10,0.5,value,6,6.0,0.0,0.0
pfmwctit,Dodgeball_10_roll_0_inner_0.5_pct_1_max_value_seed_7_time_2026-04-02_00-18-15,Dodgeball,10,0.5,value,7,1000.0,2.0,0.002
ryfo1dzd,Dodgeball_10_roll_0_inner_0.5_pct_1_max_value_seed_8_time_2026-04-02_00-29-01,Dodgeball,10,0.5,value,8,89.0,0.0,0.0
xrsufl6u,Dodgeball_10_roll_0_inner_0.5_pct_1_max_value_seed_9_time_2026-04-02_00-30-16,Dodgeball,10,0.5,value,9,4.0,0.0,0.0
irbukkbk,FruitBot_5_roll_0_inner_0.05_pct_1_max_reward_seed_0_time_2026-03-31_07-44-19,FruitBot,5,0.05,reward,0,87.0,-4.0,-0.04597701149425287
qu905rzf,FruitBot_5_roll_0_inner_0.05_pct_1_max_reward_seed_1_time_2026-03-31_07-44-36,FruitBot,5,0.05,reward,1,80.0,2.0,0.025
ggnws6m4,FruitBot_5_roll_0_inner_0.05_pct_1_max_reward_seed_2_time_2026-03-31_07-44-56,FruitBot,5,0.05,reward,2,44.0,-3.0,-0.06818181818181818
o09ksrul,FruitBot_5_roll_0_inner_0.05_pct_1_max_reward_seed_3_time_2026-04-02_00-45-06,FruitBot,5,0.05,reward,3,94.0,1.0,0.010638297872340425
r9auhe1d,FruitBot_5_roll_0_inner_0.05_pct_1_max_reward_seed_4_time_2026-04-02_00-45-22,FruitBot,5,0.05,reward,4,94.0,4.0,0.0425531914893617
yjmfi0by,FruitBot_5_roll_0_inner_0.05_pct_1_max_reward_seed_5_time_2026-04-02_00-45-47,FruitBot,5,0.05,reward,5,58.0,-3.0,-0.05172413793103448
gmg5l6yw,FruitBot_5_roll_0_inner_0.05_pct_1_max_reward_seed_6_time_2026-04-02_00-45-59,FruitBot,5,0.05,reward,6,159.0,-3.0,-0.018867924528301886
jee8lwm5,FruitBot_5_roll_0_inner_0.05_pct_1_max_reward_seed_7_time_2026-04-02_00-46-23,FruitBot,5,0.05,reward,7,72.0,-12.0,-0.16666666666666666
culkqain,FruitBot_5_roll_0_inner_0.05_pct_1_max_reward_seed_8_time_2026-04-02_00-46-39,FruitBot,5,0.05,reward,8,72.0,0.0,0.0
8u83hm3r,FruitBot_5_roll_0_inner_0.05_pct_1_max_reward_seed_9_time_2026-04-02_00-46-54,FruitBot,5,0.05,reward,9,74.0,1.0,0.013513513513513514
9kkvf0iu,FruitBot_5_roll_0_inner_0.05_pct_1_max_value_seed_0_time_2026-03-31_07-43-37,FruitBot,5,0.05,value,0,87.0,0.0,0.0
xfmz7p08,FruitBot_5_roll_0_inner_0.05_pct_1_max_value_seed_1_time_2026-03-31_07-43-54,FruitBot,5,0.05,value,1,80.0,1.0,0.0125
38ytf68q,FruitBot_5_roll_0_inner_0.05_pct_1_max_value_seed_2_time_2026-03-31_07-44-08,FruitBot,5,0.05,value,2,44.0,1.0,0.022727272727272728
euv8c3w4,FruitBot_5_roll_0_inner_0.05_pct_1_max_value_seed_3_time_2026-04-02_00-43-11,FruitBot,5,0.05,value,3,94.0,2.0,0.02127659574468085
10agg3pc,FruitBot_5_roll_0_inner_0.05_pct_1_max_value_seed_4_time_2026-04-02_00-43-27,FruitBot,5,0.05,value,4,94.0,3.0,0.031914893617021274
z5ecogqa,FruitBot_5_roll_0_inner_0.05_pct_1_max_value_seed_5_time_2026-04-02_00-43-46,FruitBot,5,0.05,value,5,58.0,-3.0,-0.05172413793103448
wyfa5r4q,FruitBot_5_roll_0_inner_0.05_pct_1_max_value_seed_6_time_2026-04-02_00-44-01,FruitBot,5,0.05,value,6,80.0,-3.0,-0.0375
i8w8u8qn,FruitBot_5_roll_0_inner_0.05_pct_1_max_value_seed_7_time_2026-04-02_00-44-21,FruitBot,5,0.05,value,7,72.0,-4.0,-0.05555555555555555
7lk3vu4x,FruitBot_5_roll_0_inner_0.05_pct_1_max_value_seed_8_time_2026-04-02_00-44-38,FruitBot,5,0.05,value,8,72.0,0.0,0.0
hh6i6hds,FruitBot_5_roll_0_inner_0.05_pct_1_max_value_seed_9_time_2026-04-02_00-44-53,FruitBot,5,0.05,value,9,65.0,2.0,0.03076923076923077
21v4a1ec,FruitBot_5_roll_0_inner_0.1_pct_1_max_reward_seed_0_time_2026-03-31_07-45-57,FruitBot,5,0.1,reward,0,89.0,-3.0,-0.033707865168539325
3d1qugtr,FruitBot_5_roll_0_inner_0.1_pct_1_max_reward_seed_1_time_2026-03-31_07-46-17,FruitBot,5,0.1,reward,1,80.0,1.0,0.0125
x37vyrsd,FruitBot_5_roll_0_inner_0.1_pct_1_max_reward_seed_2_time_2026-03-31_07-46-38,FruitBot,5,0.1,reward,2,44.0,-3.0,-0.06818181818181818
ssl9ydqb,FruitBot_5_roll_0_inner_0.1_pct_1_max_reward_seed_3_time_2026-04-02_00-49-45,FruitBot,5,0.1,reward,3,99.0,-3.0,-0.030303030303030304
xucpk66h,FruitBot_5_roll_0_inner_0.1_pct_1_max_reward_seed_4_time_2026-04-02_00-50-01,FruitBot,5,0.1,reward,4,94.0,3.0,0.031914893617021274
h0p132vq,FruitBot_5_roll_0_inner_0.1_pct_1_max_reward_seed_5_time_2026-04-02_00-50-24,FruitBot,5,0.1,reward,5,61.0,-3.0,-0.04918032786885246
pndkxzp6,FruitBot_5_roll_0_inner_0.1_pct_1_max_reward_seed_6_time_2026-04-02_00-50-40,FruitBot,5,0.1,reward,6,80.0,1.0,0.0125
suf4xmv9,FruitBot_5_roll_0_inner_0.1_pct_1_max_reward_seed_7_time_2026-04-02_00-50-58,FruitBot,5,0.1,reward,7,72.0,-12.0,-0.16666666666666666
2q20u6kj,FruitBot_5_roll_0_inner_0.1_pct_1_max_reward_seed_8_time_2026-04-02_00-51-14,FruitBot,5,0.1,reward,8,72.0,1.0,0.013888888888888888
sn0jll40,FruitBot_5_roll_0_inner_0.1_pct_1_max_reward_seed_9_time_2026-04-02_00-51-34,FruitBot,5,0.1,reward,9,65.0,-3.0,-0.046153846153846156
twybp59e,FruitBot_5_roll_0_inner_0.1_pct_1_max_value_seed_0_time_2026-03-31_07-45-10,FruitBot,5,0.1,value,0,87.0,-3.0,-0.034482758620689655
bk9w41lo,FruitBot_5_roll_0_inner_0.1_pct_1_max_value_seed_1_time_2026-03-31_07-45-26,FruitBot,5,0.1,value,1,80.0,1.0,0.0125
sg65pkcy,FruitBot_5_roll_0_inner_0.1_pct_1_max_value_seed_2_time_2026-03-31_07-45-46,FruitBot,5,0.1,value,2,44.0,1.0,0.022727272727272728
z81oqepi,FruitBot_5_roll_0_inner_0.1_pct_1_max_value_seed_3_time_2026-04-02_00-47-07,FruitBot,5,0.1,value,3,94.0,2.0,0.02127659574468085
xne5zmuy,FruitBot_5_roll_0_inner_0.1_pct_1_max_value_seed_4_time_2026-04-02_00-47-29,FruitBot,5,0.1,value,4,94.0,-7.0,-0.07446808510638298
h2yen6g3,FruitBot_5_roll_0_inner_0.1_pct_1_max_value_seed_5_time_2026-04-02_00-47-59,FruitBot,5,0.1,value,5,58.0,-2.0,-0.034482758620689655
k57gmern,FruitBot_5_roll_0_inner_0.1_pct_1_max_value_seed_6_time_2026-04-02_00-48-21,FruitBot,5,0.1,value,6,80.0,1.0,0.0125
77aczfmk,FruitBot_5_roll_0_inner_0.1_pct_1_max_value_seed_7_time_2026-04-02_00-48-44,FruitBot,5,0.1,value,7,72.0,-12.0,-0.16666666666666666
egbou5bt,FruitBot_5_roll_0_inner_0.1_pct_1_max_value_seed_8_time_2026-04-02_00-49-00,FruitBot,5,0.1,value,8,72.0,0.0,0.0
12bde3fe,FruitBot_5_roll_0_inner_0.1_pct_1_max_value_seed_9_time_2026-04-02_00-49-21,FruitBot,5,0.1,value,9,65.0,-3.0,-0.046153846153846156
7f62488w,FruitBot_5_roll_0_inner_0.2_pct_1_max_reward_seed_0_time_2026-03-31_07-48-13,FruitBot,5,0.2,reward,0,90.0,-4.0,-0.044444444444444446
hnbqa533,FruitBot_5_roll_0_inner_0.2_pct_1_max_reward_seed_1_time_2026-03-31_07-48-47,FruitBot,5,0.2,reward,1,80.0,2.0,0.025
fjhrtufa,FruitBot_5_roll_0_inner_0.2_pct_1_max_reward_seed_2_time_2026-03-31_07-49-14,FruitBot,5,0.2,reward,2,44.0,-3.0,-0.06818181818181818
veokzdyd,FruitBot_5_roll_0_inner_0.2_pct_1_max_reward_seed_3_time_2026-04-02_00-55-10,FruitBot,5,0.2,reward,3,100.0,-2.0,-0.02
95ct5rtq,FruitBot_5_roll_0_inner_0.2_pct_1_max_reward_seed_4_time_2026-04-02_00-55-45,FruitBot,5,0.2,reward,4,101.0,3.0,0.0297029702970297
vj71x1ab,FruitBot_5_roll_0_inner_0.2_pct_1_max_reward_seed_5_time_2026-04-02_00-56-15,FruitBot,5,0.2,reward,5,58.0,-1.0,-0.017241379310344827
nxyepkyc,FruitBot_5_roll_0_inner_0.2_pct_1_max_reward_seed_6_time_2026-04-02_00-56-40,FruitBot,5,0.2,reward,6,159.0,-11.0,-0.06918238993710692
47hjo47s,FruitBot_5_roll_0_inner_0.2_pct_1_max_reward_seed_7_time_2026-04-02_00-57-25,FruitBot,5,0.2,reward,7,73.0,1.0,0.0136986301369863
9nmb9eaj,FruitBot_5_roll_0_inner_0.2_pct_1_max_reward_seed_8_time_2026-04-02_00-57-51,FruitBot,5,0.2,reward,8,72.0,-4.0,-0.05555555555555555
a9qs2s15,FruitBot_5_roll_0_inner_0.2_pct_1_max_reward_seed_9_time_2026-04-02_00-58-14,FruitBot,5,0.2,reward,9,65.0,2.0,0.03076923076923077
6bu0oefo,FruitBot_5_roll_0_inner_0.2_pct_1_max_value_seed_0_time_2026-03-31_07-46-59,FruitBot,5,0.2,value,0,89.0,-7.0,-0.07865168539325842
7lwmhxx6,FruitBot_5_roll_0_inner_0.2_pct_1_max_value_seed_1_time_2026-03-31_07-47-28,FruitBot,5,0.2,value,1,80.0,1.0,0.0125
o6evryrj,FruitBot_5_roll_0_inner_0.2_pct_1_max_value_seed_2_time_2026-03-31_07-47-57,FruitBot,5,0.2,value,2,44.0,1.0,0.022727272727272728
ifdwfn2y,FruitBot_5_roll_0_inner_0.2_pct_1_max_value_seed_3_time_2026-04-02_00-51-50,FruitBot,5,0.2,value,3,94.0,3.0,0.031914893617021274
spa7ipk0,FruitBot_5_roll_0_inner_0.2_pct_1_max_value_seed_4_time_2026-04-02_00-52-30,FruitBot,5,0.2,value,4,94.0,3.0,0.031914893617021274
hrrhp7ni,FruitBot_5_roll_0_inner_0.2_pct_1_max_value_seed_5_time_2026-04-02_00-52-57,FruitBot,5,0.2,value,5,58.0,-3.0,-0.05172413793103448
njty0o6q,FruitBot_5_roll_0_inner_0.2_pct_1_max_value_seed_6_time_2026-04-02_00-53-20,FruitBot,5,0.2,value,6,159.0,-7.0,-0.0440251572327044
twgl31ix,FruitBot_5_roll_0_inner_0.2_pct_1_max_value_seed_7_time_2026-04-02_00-53-57,FruitBot,5,0.2,value,7,72.0,-4.0,-0.05555555555555555
jmihhvts,FruitBot_5_roll_0_inner_0.2_pct_1_max_value_seed_8_time_2026-04-02_00-54-21,FruitBot,5,0.2,value,8,72.0,-4.0,-0.05555555555555555
w2fo39f9,FruitBot_5_roll_0_inner_0.2_pct_1_max_value_seed_9_time_2026-04-02_00-54-41,FruitBot,5,0.2,value,9,65.0,2.0,0.03076923076923077
os6d68jk,FruitBot_5_roll_0_inner_0.5_pct_1_max_reward_seed_0_time_2026-03-31_07-52-01,FruitBot,5,0.5,reward,0,87.0,-8.0,-0.09195402298850575
21k8dvdt,FruitBot_5_roll_0_inner_0.5_pct_1_max_reward_seed_1_time_2026-03-31_07-52-48,FruitBot,5,0.5,reward,1,87.0,-2.0,-0.022988505747126436
i8ntibre,FruitBot_5_roll_0_inner_0.5_pct_1_max_reward_seed_2_time_2026-03-31_07-53-39,FruitBot,5,0.5,reward,2,152.0,-2.0,-0.013157894736842105
3abjdaby,FruitBot_5_roll_0_inner_0.5_pct_1_max_reward_seed_3_time_2026-04-02_01-04-51,FruitBot,5,0.5,reward,3,94.0,2.0,0.02127659574468085
6zfrcdqo,FruitBot_5_roll_0_inner_0.5_pct_1_max_reward_seed_4_time_2026-04-02_01-05-40,FruitBot,5,0.5,reward,4,94.0,3.0,0.031914893617021274
jm8jsg23,FruitBot_5_roll_0_inner_0.5_pct_1_max_reward_seed_5_time_2026-04-02_01-06-35,FruitBot,5,0.5,reward,5,58.0,-3.0,-0.05172413793103448
qrn36sfn,FruitBot_5_roll_0_inner_0.5_pct_1_max_reward_seed_6_time_2026-04-02_01-07-10,FruitBot,5,0.5,reward,6,195.0,-11.0,-0.05641025641025641
kd8t6evd,FruitBot_5_roll_0_inner_0.5_pct_1_max_reward_seed_7_time_2026-04-02_01-08-55,FruitBot,5,0.5,reward,7,72.0,-3.0,-0.041666666666666664
m0eo8pte,FruitBot_5_roll_0_inner_0.5_pct_1_max_reward_seed_8_time_2026-04-02_01-09-34,FruitBot,5,0.5,reward,8,72.0,1.0,0.013888888888888888
ytblc2k1,FruitBot_5_roll_0_inner_0.5_pct_1_max_reward_seed_9_time_2026-04-02_01-10-16,FruitBot,5,0.5,reward,9,66.0,2.0,0.030303030303030304
s283662p,FruitBot_5_roll_0_inner_0.5_pct_1_max_value_seed_0_time_2026-03-31_07-49-35,FruitBot,5,0.5,value,0,96.0,0.0,0.0
4eaa3igc,FruitBot_5_roll_0_inner_0.5_pct_1_max_value_seed_1_time_2026-03-31_07-50-34,FruitBot,5,0.5,value,1,80.0,-4.0,-0.05
fot8gtcn,FruitBot_5_roll_0_inner_0.5_pct_1_max_value_seed_2_time_2026-03-31_07-51-32,FruitBot,5,0.5,value,2,44.0,-4.0,-0.09090909090909091
eieivm2i,FruitBot_5_roll_0_inner_0.5_pct_1_max_value_seed_3_time_2026-04-02_00-58-39,FruitBot,5,0.5,value,3,94.0,3.0,0.031914893617021274
32npidoa,FruitBot_5_roll_0_inner_0.5_pct_1_max_value_seed_4_time_2026-04-02_00-59-28,FruitBot,5,0.5,value,4,94.0,3.0,0.031914893617021274
gnfs625c,FruitBot_5_roll_0_inner_0.5_pct_1_max_value_seed_5_time_2026-04-02_01-00-21,FruitBot,5,0.5,value,5,58.0,-3.0,-0.05172413793103448
u1l9a4tb,FruitBot_5_roll_0_inner_0.5_pct_1_max_value_seed_6_time_2026-04-02_01-01-01,FruitBot,5,0.5,value,6,81.0,-3.0,-0.037037037037037035
sv4xpqxy,FruitBot_5_roll_0_inner_0.5_pct_1_max_value_seed_7_time_2026-04-02_01-01-54,FruitBot,5,0.5,value,7,72.0,-3.0,-0.041666666666666664
2hry4neu,FruitBot_5_roll_0_inner_0.5_pct_1_max_value_seed_8_time_2026-04-02_01-02-47,FruitBot,5,0.5,value,8,75.0,0.0,0.0
x5siuf5l,FruitBot_5_roll_0_inner_0.5_pct_1_max_value_seed_9_time_2026-04-02_01-03-27,FruitBot,5,0.5,value,9,159.0,-9.0,-0.05660377358490566
8dy61rsc,FruitBot_5_roll_0_inner_1_pct_1_max_reward_seed_0_time_2026-04-11_06-19-09,FruitBot,5,1.0,reward,0,87.0,-7.0,-0.08045977011494253
5ubb50zj,FruitBot_5_roll_0_inner_1_pct_1_max_reward_seed_1_time_2026-04-11_06-21-28,FruitBot,5,1.0,reward,1,80.0,-1.0,-0.0125
ig8x5xe4,FruitBot_5_roll_0_inner_1_pct_1_max_reward_seed_2_time_2026-04-11_06-23-36,FruitBot,5,1.0,reward,2,44.0,-3.0,-0.06818181818181818
wfnubbpi,FruitBot_5_roll_0_inner_1_pct_1_max_reward_seed_3_time_2026-04-11_06-24-47,FruitBot,5,1.0,reward,3,94.0,5.0,0.05319148936170213
b5jmrnbm,FruitBot_5_roll_0_inner_1_pct_1_max_reward_seed_4_time_2026-04-11_06-27-15,FruitBot,5,1.0,reward,4,94.0,-2.0,-0.02127659574468085
rtyeadgt,FruitBot_5_roll_0_inner_1_pct_1_max_reward_seed_5_time_2026-04-11_06-29-44,FruitBot,5,1.0,reward,5,58.0,-1.0,-0.017241379310344827
hpif3t84,FruitBot_5_roll_0_inner_1_pct_1_max_reward_seed_6_time_2026-04-11_06-31-17,FruitBot,5,1.0,reward,6,80.0,-11.0,-0.1375
80bird64,FruitBot_5_roll_0_inner_1_pct_1_max_reward_seed_7_time_2026-04-11_06-33-25,FruitBot,5,1.0,reward,7,209.0,-8.0,-0.03827751196172249
3ron9jxd,FruitBot_5_roll_0_inner_1_pct_1_max_reward_seed_8_time_2026-04-11_06-38-55,FruitBot,5,1.0,reward,8,137.0,-10.0,-0.072992700729927
1616r7ic,FruitBot_5_roll_0_inner_1_pct_1_max_reward_seed_9_time_2026-04-11_06-42-32,FruitBot,5,1.0,reward,9,65.0,2.0,0.03076923076923077
54apel0e,FruitBot_5_roll_0_inner_1_pct_1_max_value_seed_0_time_2026-04-11_05-58-39,FruitBot,5,1.0,value,0,90.0,1.0,0.011111111111111112
o7t4ruqt,FruitBot_5_roll_0_inner_1_pct_1_max_value_seed_1_time_2026-04-11_06-01-04,FruitBot,5,1.0,value,1,83.0,-2.0,-0.024096385542168676
8wp1fr0o,FruitBot_5_roll_0_inner_1_pct_1_max_value_seed_2_time_2026-04-11_06-03-15,FruitBot,5,1.0,value,2,44.0,-4.0,-0.09090909090909091
z0yxel07,FruitBot_5_roll_0_inner_1_pct_1_max_value_seed_3_time_2026-04-11_06-04-27,FruitBot,5,1.0,value,3,94.0,1.0,0.010638297872340425
1c2o8ozo,FruitBot_5_roll_0_inner_1_pct_1_max_value_seed_4_time_2026-04-11_06-06-56,FruitBot,5,1.0,value,4,103.0,3.0,0.02912621359223301
uu4n7302,FruitBot_5_roll_0_inner_1_pct_1_max_value_seed_5_time_2026-04-11_06-09-40,FruitBot,5,1.0,value,5,58.0,-3.0,-0.05172413793103448
fqd5yxj9,FruitBot_5_roll_0_inner_1_pct_1_max_value_seed_6_time_2026-04-11_06-11-12,FruitBot,5,1.0,value,6,80.0,-7.0,-0.0875
ufwfoinw,FruitBot_5_roll_0_inner_1_pct_1_max_value_seed_7_time_2026-04-11_06-13-20,FruitBot,5,1.0,value,7,74.0,-4.0,-0.05405405405405406
94oaelql,FruitBot_5_roll_0_inner_1_pct_1_max_value_seed_8_time_2026-04-11_06-15-19,FruitBot,5,1.0,value,8,79.0,1.0,0.012658227848101266
zqaf67cn,FruitBot_5_roll_0_inner_1_pct_1_max_value_seed_9_time_2026-04-11_06-17-25,FruitBot,5,1.0,value,9,65.0,2.0,0.03076923076923077
y4l06jo3,FruitBot_10_roll_0_inner_0.05_pct_1_max_reward_seed_0_time_2026-03-31_07-55-56,FruitBot,10,0.05,reward,0,87.0,1.0,0.011494252873563218
5kfkehyr,FruitBot_10_roll_0_inner_0.05_pct_1_max_reward_seed_1_time_2026-03-31_07-56-16,FruitBot,10,0.05,reward,1,80.0,2.0,0.025
vntobip1,FruitBot_10_roll_0_inner_0.05_pct_1_max_reward_seed_2_time_2026-03-31_07-56-36,FruitBot,10,0.05,reward,2,44.0,-3.0,-0.06818181818181818
iedbpe17,FruitBot_10_roll_0_inner_0.05_pct_1_max_reward_seed_3_time_2026-04-02_01-13-31,FruitBot,10,0.05,reward,3,94.0,5.0,0.05319148936170213
0ysn0tge,FruitBot_10_roll_0_inner_0.05_pct_1_max_reward_seed_4_time_2026-04-02_01-13-50,FruitBot,10,0.05,reward,4,101.0,3.0,0.0297029702970297
avt5ci3o,FruitBot_10_roll_0_inner_0.05_pct_1_max_reward_seed_5_time_2026-04-02_01-14-15,FruitBot,10,0.05,reward,5,58.0,-4.0,-0.06896551724137931
3oaiwt4z,FruitBot_10_roll_0_inner_0.05_pct_1_max_reward_seed_6_time_2026-04-02_01-14-29,FruitBot,10,0.05,reward,6,195.0,-3.0,-0.015384615384615385
kldro235,FruitBot_10_roll_0_inner_0.05_pct_1_max_reward_seed_7_time_2026-04-02_01-15-10,FruitBot,10,0.05,reward,7,76.0,-8.0,-0.10526315789473684
40g1qmyd,FruitBot_10_roll_0_inner_0.05_pct_1_max_reward_seed_8_time_2026-04-02_01-15-35,FruitBot,10,0.05,reward,8,72.0,1.0,0.013888888888888888
jmcivnju,FruitBot_10_roll_0_inner_0.05_pct_1_max_reward_seed_9_time_2026-04-02_01-15-50,FruitBot,10,0.05,reward,9,66.0,-3.0,-0.045454545454545456
js0olc6t,FruitBot_10_roll_0_inner_0.05_pct_1_max_value_seed_0_time_2026-03-31_07-55-05,FruitBot,10,0.05,value,0,87.0,1.0,0.011494252873563218
ptan088u,FruitBot_10_roll_0_inner_0.05_pct_1_max_value_seed_1_time_2026-03-31_07-55-26,FruitBot,10,0.05,value,1,80.0,1.0,0.0125
z9udytaf,FruitBot_10_roll_0_inner_0.05_pct_1_max_value_seed_2_time_2026-03-31_07-55-44,FruitBot,10,0.05,value,2,44.0,1.0,0.022727272727272728
w31vwv8g,FruitBot_10_roll_0_inner_0.05_pct_1_max_value_seed_3_time_2026-04-02_01-10-56,FruitBot,10,0.05,value,3,94.0,3.0,0.031914893617021274
ti8dfhdz,FruitBot_10_roll_0_inner_0.05_pct_1_max_value_seed_4_time_2026-04-02_01-11-14,FruitBot,10,0.05,value,4,94.0,-11.0,-0.11702127659574468
0a8211qg,FruitBot_10_roll_0_inner_0.05_pct_1_max_value_seed_5_time_2026-04-02_01-11-41,FruitBot,10,0.05,value,5,58.0,-3.0,-0.05172413793103448
7g1fdvml,FruitBot_10_roll_0_inner_0.05_pct_1_max_value_seed_6_time_2026-04-02_01-12-01,FruitBot,10,0.05,value,6,85.0,-3.0,-0.03529411764705882
y4l4268p,FruitBot_10_roll_0_inner_0.05_pct_1_max_value_seed_7_time_2026-04-02_01-12-22,FruitBot,10,0.05,value,7,116.0,-7.0,-0.0603448275862069
m3rxzb95,FruitBot_10_roll_0_inner_0.05_pct_1_max_value_seed_8_time_2026-04-02_01-12-48,FruitBot,10,0.05,value,8,74.0,1.0,0.013513513513513514
vefuv9qk,FruitBot_10_roll_0_inner_0.05_pct_1_max_value_seed_9_time_2026-04-02_01-13-04,FruitBot,10,0.05,value,9,152.0,0.0,0.0
82s5fxda,FruitBot_10_roll_0_inner_0.1_pct_1_max_reward_seed_0_time_2026-03-31_07-58-14,FruitBot,10,0.1,reward,0,87.0,-4.0,-0.04597701149425287
gh30ls1t,FruitBot_10_roll_0_inner_0.1_pct_1_max_reward_seed_1_time_2026-03-31_07-58-40,FruitBot,10,0.1,reward,1,80.0,-3.0,-0.0375
h96uzk7q,FruitBot_10_roll_0_inner_0.1_pct_1_max_reward_seed_2_time_2026-03-31_07-59-04,FruitBot,10,0.1,reward,2,44.0,-3.0,-0.06818181818181818
14a3wrbv,FruitBot_10_roll_0_inner_0.1_pct_1_max_reward_seed_3_time_2026-04-02_01-18-49,FruitBot,10,0.1,reward,3,94.0,4.0,0.0425531914893617
3jp1fhbp,FruitBot_10_roll_0_inner_0.1_pct_1_max_reward_seed_4_time_2026-04-02_01-19-22,FruitBot,10,0.1,reward,4,94.0,1.0,0.010638297872340425
5o54qzkl,FruitBot_10_roll_0_inner_0.1_pct_1_max_reward_seed_5_time_2026-04-02_01-19-47,FruitBot,10,0.1,reward,5,58.0,-1.0,-0.017241379310344827
hrzijvb2,FruitBot_10_roll_0_inner_0.1_pct_1_max_reward_seed_6_time_2026-04-02_01-20-09,FruitBot,10,0.1,reward,6,80.0,1.0,0.0125
ip2sc24r,FruitBot_10_roll_0_inner_0.1_pct_1_max_reward_seed_7_time_2026-04-02_01-20-36,FruitBot,10,0.1,reward,7,116.0,-3.0,-0.02586206896551724
bkx7w37b,FruitBot_10_roll_0_inner_0.1_pct_1_max_reward_seed_8_time_2026-04-02_01-21-08,FruitBot,10,0.1,reward,8,137.0,-2.0,-0.014598540145985401
k8vzqfle,FruitBot_10_roll_0_inner_0.1_pct_1_max_reward_seed_9_time_2026-04-02_01-21-41,FruitBot,10,0.1,reward,9,65.0,-3.0,-0.046153846153846156
mb10boga,FruitBot_10_roll_0_inner_0.1_pct_1_max_value_seed_0_time_2026-03-31_07-56-55,FruitBot,10,0.1,value,0,87.0,-4.0,-0.04597701149425287
xheh9qt6,FruitBot_10_roll_0_inner_0.1_pct_1_max_value_seed_1_time_2026-03-31_07-57-19,FruitBot,10,0.1,value,1,80.0,1.0,0.0125
lv9tn4sk,FruitBot_10_roll_0_inner_0.1_pct_1_max_value_seed_2_time_2026-03-31_07-57-48,FruitBot,10,0.1,value,2,44.0,-4.0,-0.09090909090909091
3s41ospx,FruitBot_10_roll_0_inner_0.1_pct_1_max_value_seed_3_time_2026-04-02_01-16-08,FruitBot,10,0.1,value,3,94.0,2.0,0.02127659574468085
aohb41qc,FruitBot_10_roll_0_inner_0.1_pct_1_max_value_seed_4_time_2026-04-02_01-16-34,FruitBot,10,0.1,value,4,94.0,-11.0,-0.11702127659574468
762x4nlx,FruitBot_10_roll_0_inner_0.1_pct_1_max_value_seed_5_time_2026-04-02_01-16-58,FruitBot,10,0.1,value,5,58.0,-3.0,-0.05172413793103448
x9zqaa3k,FruitBot_10_roll_0_inner_0.1_pct_1_max_value_seed_6_time_2026-04-02_01-17-25,FruitBot,10,0.1,value,6,80.0,1.0,0.0125
mhwog4ab,FruitBot_10_roll_0_inner_0.1_pct_1_max_value_seed_7_time_2026-04-02_01-17-50,FruitBot,10,0.1,value,7,72.0,-8.0,-0.1111111111111111
r5ud2z2a,FruitBot_10_roll_0_inner_0.1_pct_1_max_value_seed_8_time_2026-04-02_01-18-13,FruitBot,10,0.1,value,8,72.0,0.0,0.0
oc0xvddj,FruitBot_10_roll_0_inner_0.1_pct_1_max_value_seed_9_time_2026-04-02_01-18-34,FruitBot,10,0.1,value,9,65.0,-3.0,-0.046153846153846156
x20go6z3,FruitBot_10_roll_0_inner_0.2_pct_1_max_reward_seed_0_time_2026-03-31_08-00-46,FruitBot,10,0.2,reward,0,87.0,-4.0,-0.04597701149425287
hz2q1n6u,FruitBot_10_roll_0_inner_0.2_pct_1_max_reward_seed_1_time_2026-03-31_08-01-26,FruitBot,10,0.2,reward,1,80.0,1.0,0.0125
xe4nh06w,FruitBot_10_roll_0_inner_0.2_pct_1_max_reward_seed_2_time_2026-03-31_08-02-00,FruitBot,10,0.2,reward,2,44.0,-4.0,-0.09090909090909091
54vf7801,FruitBot_10_roll_0_inner_0.2_pct_1_max_reward_seed_3_time_2026-04-02_01-25-36,FruitBot,10,0.2,reward,3,94.0,5.0,0.05319148936170213
x2dz6z2p,FruitBot_10_roll_0_inner_0.2_pct_1_max_reward_seed_4_time_2026-04-02_01-26-20,FruitBot,10,0.2,reward,4,166.0,5.0,0.030120481927710843
i4zkemlh,FruitBot_10_roll_0_inner_0.2_pct_1_max_reward_seed_5_time_2026-04-02_01-27-33,FruitBot,10,0.2,reward,5,58.0,-2.0,-0.034482758620689655
9izn10hq,FruitBot_10_roll_0_inner_0.2_pct_1_max_reward_seed_6_time_2026-04-02_01-28-05,FruitBot,10,0.2,reward,6,80.0,1.0,0.0125
kt050gme,FruitBot_10_roll_0_inner_0.2_pct_1_max_reward_seed_7_time_2026-04-02_01-28-41,FruitBot,10,0.2,reward,7,72.0,0.0,0.0
97uo8og1,FruitBot_10_roll_0_inner_0.2_pct_1_max_reward_seed_8_time_2026-04-02_01-29-25,FruitBot,10,0.2,reward,8,79.0,-3.0,-0.0379746835443038
pls45gsf,FruitBot_10_roll_0_inner_0.2_pct_1_max_reward_seed_9_time_2026-04-02_01-29-55,FruitBot,10,0.2,reward,9,65.0,1.0,0.015384615384615385
9ef5frf4,FruitBot_10_roll_0_inner_0.2_pct_1_max_value_seed_0_time_2026-03-31_07-59-18,FruitBot,10,0.2,value,0,87.0,1.0,0.011494252873563218
ik5gmkjl,FruitBot_10_roll_0_inner_0.2_pct_1_max_value_seed_1_time_2026-03-31_07-59-57,FruitBot,10,0.2,value,1,80.0,1.0,0.0125
5a0dj4nt,FruitBot_10_roll_0_inner_0.2_pct_1_max_value_seed_2_time_2026-03-31_08-00-29,FruitBot,10,0.2,value,2,44.0,-3.0,-0.06818181818181818
n8y4x472,FruitBot_10_roll_0_inner_0.2_pct_1_max_value_seed_3_time_2026-04-02_01-22-02,FruitBot,10,0.2,value,3,94.0,2.0,0.02127659574468085
phn9697d,FruitBot_10_roll_0_inner_0.2_pct_1_max_value_seed_4_time_2026-04-02_01-22-38,FruitBot,10,0.2,value,4,95.0,2.0,0.021052631578947368
ln7853qg,FruitBot_10_roll_0_inner_0.2_pct_1_max_value_seed_5_time_2026-04-02_01-23-08,FruitBot,10,0.2,value,5,58.0,-2.0,-0.034482758620689655
av4bi4aj,FruitBot_10_roll_0_inner_0.2_pct_1_max_value_seed_6_time_2026-04-02_01-23-44,FruitBot,10,0.2,value,6,81.0,-3.0,-0.037037037037037035
290oa7uj,FruitBot_10_roll_0_inner_0.2_pct_1_max_value_seed_7_time_2026-04-02_01-24-15,FruitBot,10,0.2,value,7,72.0,-4.0,-0.05555555555555555
en7hjrjj,FruitBot_10_roll_0_inner_0.2_pct_1_max_value_seed_8_time_2026-04-02_01-24-40,FruitBot,10,0.2,value,8,73.0,0.0,0.0
ensq9pj2,FruitBot_10_roll_0_inner_0.2_pct_1_max_value_seed_9_time_2026-04-02_01-25-17,FruitBot,10,0.2,value,9,65.0,2.0,0.03076923076923077
eehxglbd,FruitBot_10_roll_0_inner_0.5_pct_1_max_reward_seed_0_time_2026-03-31_08-04-41,FruitBot,10,0.5,reward,0,87.0,-7.0,-0.08045977011494253
gjmmkx5l,FruitBot_10_roll_0_inner_0.5_pct_1_max_reward_seed_1_time_2026-03-31_08-05-39,FruitBot,10,0.5,reward,1,80.0,-2.0,-0.025
kum74zfg,FruitBot_10_roll_0_inner_0.5_pct_1_max_reward_seed_2_time_2026-03-31_08-06-34,FruitBot,10,0.5,reward,2,44.0,-3.0,-0.06818181818181818
suyjqo7k,FruitBot_10_roll_0_inner_0.5_pct_1_max_reward_seed_3_time_2026-04-02_01-39-13,FruitBot,10,0.5,reward,3,94.0,2.0,0.02127659574468085
nyupd640,FruitBot_10_roll_0_inner_0.5_pct_1_max_reward_seed_4_time_2026-04-02_01-40-15,FruitBot,10,0.5,reward,4,94.0,-6.0,-0.06382978723404255
54cx87qm,FruitBot_10_roll_0_inner_0.5_pct_1_max_reward_seed_5_time_2026-04-02_01-41-27,FruitBot,10,0.5,reward,5,173.0,-9.0,-0.05202312138728324
h1fu01ki,FruitBot_10_roll_0_inner_0.5_pct_1_max_reward_seed_6_time_2026-04-02_01-43-21,FruitBot,10,0.5,reward,6,80.0,-7.0,-0.0875
t18er4va,FruitBot_10_roll_0_inner_0.5_pct_1_max_reward_seed_7_time_2026-04-02_01-44-26,FruitBot,10,0.5,reward,7,75.0,-3.0,-0.04
3mldoarl,FruitBot_10_roll_0_inner_0.5_pct_1_max_reward_seed_8_time_2026-04-02_01-45-19,FruitBot,10,0.5,reward,8,72.0,-4.0,-0.05555555555555555
jr3xq0i1,FruitBot_10_roll_0_inner_0.5_pct_1_max_reward_seed_9_time_2026-04-02_01-46-15,FruitBot,10,0.5,reward,9,152.0,-1.0,-0.006578947368421052
1ufvwgmp,FruitBot_10_roll_0_inner_0.5_pct_1_max_value_seed_0_time_2026-03-31_08-02-18,FruitBot,10,0.5,value,0,87.0,-7.0,-0.08045977011494253
4qlw89ds,FruitBot_10_roll_0_inner_0.5_pct_1_max_value_seed_1_time_2026-03-31_08-03-16,FruitBot,10,0.5,value,1,80.0,-2.0,-0.025
5v226tan,FruitBot_10_roll_0_inner_0.5_pct_1_max_value_seed_2_time_2026-03-31_08-04-10,FruitBot,10,0.5,value,2,44.0,-3.0,-0.06818181818181818
5w5csl8t,FruitBot_10_roll_0_inner_0.5_pct_1_max_value_seed_3_time_2026-04-02_01-30-30,FruitBot,10,0.5,value,3,94.0,2.0,0.02127659574468085
v3osubui,FruitBot_10_roll_0_inner_0.5_pct_1_max_value_seed_4_time_2026-04-02_01-31-32,FruitBot,10,0.5,value,4,94.0,-6.0,-0.06382978723404255
ckafki2f,FruitBot_10_roll_0_inner_0.5_pct_1_max_value_seed_5_time_2026-04-02_01-32-44,FruitBot,10,0.5,value,5,173.0,-9.0,-0.05202312138728324
9dwnxq1l,FruitBot_10_roll_0_inner_0.5_pct_1_max_value_seed_6_time_2026-04-02_01-34-38,FruitBot,10,0.5,value,6,80.0,-7.0,-0.0875
4sixc45o,FruitBot_10_roll_0_inner_0.5_pct_1_max_value_seed_7_time_2026-04-02_01-35-42,FruitBot,10,0.5,value,7,75.0,-3.0,-0.04
y73lt806,FruitBot_10_roll_0_inner_0.5_pct_1_max_value_seed_8_time_2026-04-02_01-36-35,FruitBot,10,0.5,value,8,72.0,-4.0,-0.05555555555555555
vrbey3dv,FruitBot_10_roll_0_inner_0.5_pct_1_max_value_seed_9_time_2026-04-02_01-37-31,FruitBot,10,0.5,value,9,152.0,-1.0,-0.006578947368421052
jf8nb1nj,Heist_5_roll_0_inner_0.05_pct_1_max_reward_seed_0_time_2026-03-31_16-51-02,Heist,5,0.05,reward,0,1000.0,0.0,0.0
wchvdz9e,Heist_5_roll_0_inner_0.05_pct_1_max_reward_seed_1_time_2026-03-31_16-52-42,Heist,5,0.05,reward,1,1000.0,0.0,0.0
u1iml19b,Heist_5_roll_0_inner_0.05_pct_1_max_reward_seed_2_time_2026-03-31_16-54-26,Heist,5,0.05,reward,2,1000.0,0.0,0.0
dtypterb,Heist_5_roll_0_inner_0.05_pct_1_max_reward_seed_3_time_2026-04-02_21-14-09,Heist,5,0.05,reward,3,1000.0,0.0,0.0
j6rx47vk,Heist_5_roll_0_inner_0.05_pct_1_max_reward_seed_4_time_2026-04-02_21-15-41,Heist,5,0.05,reward,4,1000.0,0.0,0.0
yvkwnb21,Heist_5_roll_0_inner_0.05_pct_1_max_reward_seed_5_time_2026-04-02_21-17-53,Heist,5,0.05,reward,5,1000.0,0.0,0.0
c1wwnti0,Heist_5_roll_0_inner_0.05_pct_1_max_reward_seed_6_time_2026-04-02_21-19-43,Heist,5,0.05,reward,6,92.0,10.0,0.10869565217391304
y381t3mb,Heist_5_roll_0_inner_0.05_pct_1_max_reward_seed_7_time_2026-04-02_21-19-59,Heist,5,0.05,reward,7,1000.0,0.0,0.0
qt0ijc62,Heist_5_roll_0_inner_0.05_pct_1_max_reward_seed_8_time_2026-04-02_21-21-42,Heist,5,0.05,reward,8,1000.0,0.0,0.0
sc51s4h8,Heist_5_roll_0_inner_0.05_pct_1_max_reward_seed_9_time_2026-04-02_21-23-23,Heist,5,0.05,reward,9,1000.0,0.0,0.0
0s8aioxn,Heist_5_roll_0_inner_0.05_pct_1_max_value_seed_0_time_2026-03-31_16-45-46,Heist,5,0.05,value,0,1000.0,0.0,0.0
15seh59q,Heist_5_roll_0_inner_0.05_pct_1_max_value_seed_1_time_2026-03-31_16-47-24,Heist,5,0.05,value,1,1000.0,0.0,0.0
p4xlx5tp,Heist_5_roll_0_inner_0.05_pct_1_max_value_seed_2_time_2026-03-31_16-49-18,Heist,5,0.05,value,2,1000.0,0.0,0.0
7c3yv534,Heist_5_roll_0_inner_0.05_pct_1_max_value_seed_3_time_2026-04-02_21-03-01,Heist,5,0.05,value,3,1000.0,0.0,0.0
aou688ne,Heist_5_roll_0_inner_0.05_pct_1_max_value_seed_4_time_2026-04-02_21-04-44,Heist,5,0.05,value,4,1000.0,0.0,0.0
3jqk48xy,Heist_5_roll_0_inner_0.05_pct_1_max_value_seed_5_time_2026-04-02_21-06-32,Heist,5,0.05,value,5,1000.0,0.0,0.0
lhoc5jcl,Heist_5_roll_0_inner_0.05_pct_1_max_value_seed_6_time_2026-04-02_21-08-17,Heist,5,0.05,value,6,312.0,10.0,0.03205128205128205
g60q5pqn,Heist_5_roll_0_inner_0.05_pct_1_max_value_seed_7_time_2026-04-02_21-09-01,Heist,5,0.05,value,7,1000.0,0.0,0.0
piarfuqo,Heist_5_roll_0_inner_0.05_pct_1_max_value_seed_8_time_2026-04-02_21-10-50,Heist,5,0.05,value,8,1000.0,0.0,0.0
0d1qlf87,Heist_5_roll_0_inner_0.05_pct_1_max_value_seed_9_time_2026-04-02_21-12-26,Heist,5,0.05,value,9,1000.0,0.0,0.0
jlhuzkww,Heist_5_roll_0_inner_0.1_pct_1_max_reward_seed_0_time_2026-03-31_17-03-53,Heist,5,0.1,reward,0,1000.0,0.0,0.0
khx61qca,Heist_5_roll_0_inner_0.1_pct_1_max_reward_seed_1_time_2026-03-31_17-06-20,Heist,5,0.1,reward,1,1000.0,0.0,0.0
av3uk86l,Heist_5_roll_0_inner_0.1_pct_1_max_reward_seed_2_time_2026-03-31_17-08-49,Heist,5,0.1,reward,2,1000.0,0.0,0.0
23wi7bdc,Heist_5_roll_0_inner_0.1_pct_1_max_reward_seed_3_time_2026-04-02_21-41-54,Heist,5,0.1,reward,3,1000.0,0.0,0.0
by0fm0b1,Heist_5_roll_0_inner_0.1_pct_1_max_reward_seed_4_time_2026-04-02_21-44-22,Heist,5,0.1,reward,4,1000.0,0.0,0.0
b012hy34,Heist_5_roll_0_inner_0.1_pct_1_max_reward_seed_5_time_2026-04-02_21-47-19,Heist,5,0.1,reward,5,1000.0,0.0,0.0
0bh12u3y,Heist_5_roll_0_inner_0.1_pct_1_max_reward_seed_6_time_2026-04-02_21-50-17,Heist,5,0.1,reward,6,293.0,10.0,0.034129692832764506
oo80ubmr,Heist_5_roll_0_inner_0.1_pct_1_max_reward_seed_7_time_2026-04-02_21-51-12,Heist,5,0.1,reward,7,1000.0,0.0,0.0
d7ib38dm,Heist_5_roll_0_inner_0.1_pct_1_max_reward_seed_8_time_2026-04-02_21-53-42,Heist,5,0.1,reward,8,1000.0,0.0,0.0
zpuoysi1,Heist_5_roll_0_inner_0.1_pct_1_max_reward_seed_9_time_2026-04-02_21-56-06,Heist,5,0.1,reward,9,1000.0,0.0,0.0
6jumgzzd,Heist_5_roll_0_inner_0.1_pct_1_max_value_seed_0_time_2026-03-31_16-55-58,Heist,5,0.1,value,0,1000.0,0.0,0.0
cul1lt92,Heist_5_roll_0_inner_0.1_pct_1_max_value_seed_1_time_2026-03-31_16-58-27,Heist,5,0.1,value,1,1000.0,0.0,0.0
sg547oa3,Heist_5_roll_0_inner_0.1_pct_1_max_value_seed_2_time_2026-03-31_17-01-17,Heist,5,0.1,value,2,1000.0,0.0,0.0
bbsgpb9b,Heist_5_roll_0_inner_0.1_pct_1_max_value_seed_3_time_2026-04-02_21-25-03,Heist,5,0.1,value,3,1000.0,0.0,0.0
yc78jbdk,Heist_5_roll_0_inner_0.1_pct_1_max_value_seed_4_time_2026-04-02_21-27-57,Heist,5,0.1,value,4,1000.0,0.0,0.0
t1smd1t1,Heist_5_roll_0_inner_0.1_pct_1_max_value_seed_5_time_2026-04-02_21-30-18,Heist,5,0.1,value,5,1000.0,0.0,0.0
mb0gfpc0,Heist_5_roll_0_inner_0.1_pct_1_max_value_seed_6_time_2026-04-02_21-33-16,Heist,5,0.1,value,6,206.0,10.0,0.04854368932038835
vi05h6h0,Heist_5_roll_0_inner_0.1_pct_1_max_value_seed_7_time_2026-04-02_21-34-06,Heist,5,0.1,value,7,1000.0,0.0,0.0
terjaqtb,Heist_5_roll_0_inner_0.1_pct_1_max_value_seed_8_time_2026-04-02_21-36-47,Heist,5,0.1,value,8,1000.0,0.0,0.0
9kac212n,Heist_5_roll_0_inner_0.1_pct_1_max_value_seed_9_time_2026-04-02_21-39-23,Heist,5,0.1,value,9,1000.0,0.0,0.0
pdon4e9h,Heist_5_roll_0_inner_0.2_pct_1_max_reward_seed_0_time_2026-03-31_17-24-24,Heist,5,0.2,reward,0,1000.0,0.0,0.0
50p93qs8,Heist_5_roll_0_inner_0.2_pct_1_max_reward_seed_1_time_2026-03-31_17-28-47,Heist,5,0.2,reward,1,1000.0,0.0,0.0
kp0funnt,Heist_5_roll_0_inner_0.2_pct_1_max_reward_seed_2_time_2026-03-31_17-32-48,Heist,5,0.2,reward,2,1000.0,0.0,0.0
ahqlhfz6,Heist_5_roll_0_inner_0.2_pct_1_max_reward_seed_3_time_2026-04-02_22-23-45,Heist,5,0.2,reward,3,1000.0,0.0,0.0
x7yw6fmh,Heist_5_roll_0_inner_0.2_pct_1_max_reward_seed_4_time_2026-04-02_22-27-36,Heist,5,0.2,reward,4,1000.0,0.0,0.0
t7v8kn6u,Heist_5_roll_0_inner_0.2_pct_1_max_reward_seed_5_time_2026-04-02_22-31-34,Heist,5,0.2,reward,5,1000.0,0.0,0.0
t5n58f0z,Heist_5_roll_0_inner_0.2_pct_1_max_reward_seed_6_time_2026-04-02_22-35-53,Heist,5,0.2,reward,6,162.0,10.0,0.06172839506172839
rf9a3fkh,Heist_5_roll_0_inner_0.2_pct_1_max_reward_seed_7_time_2026-04-02_22-36-40,Heist,5,0.2,reward,7,1000.0,0.0,0.0
fbya76xu,Heist_5_roll_0_inner_0.2_pct_1_max_reward_seed_8_time_2026-04-02_22-40-39,Heist,5,0.2,reward,8,1000.0,0.0,0.0
pomf36aa,Heist_5_roll_0_inner_0.2_pct_1_max_reward_seed_9_time_2026-04-02_22-44-35,Heist,5,0.2,reward,9,1000.0,0.0,0.0
lyw3c08i,Heist_5_roll_0_inner_0.2_pct_1_max_value_seed_0_time_2026-03-31_17-11-36,Heist,5,0.2,value,0,1000.0,0.0,0.0
l0xce33n,Heist_5_roll_0_inner_0.2_pct_1_max_value_seed_1_time_2026-03-31_17-16-09,Heist,5,0.2,value,1,1000.0,0.0,0.0
rs82tzo4,Heist_5_roll_0_inner_0.2_pct_1_max_value_seed_2_time_2026-03-31_17-19-56,Heist,5,0.2,value,2,1000.0,0.0,0.0
a5goi8ne,Heist_5_roll_0_inner_0.2_pct_1_max_value_seed_3_time_2026-04-02_21-58-41,Heist,5,0.2,value,3,1000.0,0.0,0.0
xcib5yvl,Heist_5_roll_0_inner_0.2_pct_1_max_value_seed_4_time_2026-04-02_22-03-14,Heist,5,0.2,value,4,1000.0,0.0,0.0
9a12e2m1,Heist_5_roll_0_inner_0.2_pct_1_max_value_seed_5_time_2026-04-02_22-07-05,Heist,5,0.2,value,5,1000.0,0.0,0.0
zfr7klof,Heist_5_roll_0_inner_0.2_pct_1_max_value_seed_6_time_2026-04-02_22-11-23,Heist,5,0.2,value,6,24.0,10.0,0.4166666666666667
mvlt34q7,Heist_5_roll_0_inner_0.2_pct_1_max_value_seed_7_time_2026-04-02_22-11-40,Heist,5,0.2,value,7,1000.0,0.0,0.0
ek2zftmm,Heist_5_roll_0_inner_0.2_pct_1_max_value_seed_8_time_2026-04-02_22-15-39,Heist,5,0.2,value,8,1000.0,0.0,0.0
29czir47,Heist_5_roll_0_inner_0.2_pct_1_max_value_seed_9_time_2026-04-02_22-19-35,Heist,5,0.2,value,9,1000.0,0.0,0.0
memrevnv,Heist_5_roll_0_inner_0.5_pct_1_max_reward_seed_0_time_2026-03-31_18-02-49,Heist,5,0.5,reward,0,1000.0,0.0,0.0
w452e57u,Heist_5_roll_0_inner_0.5_pct_1_max_reward_seed_1_time_2026-03-31_18-11-37,Heist,5,0.5,reward,1,1000.0,0.0,0.0
sxvt2xz9,Heist_5_roll_0_inner_0.5_pct_1_max_reward_seed_2_time_2026-03-31_18-19-53,Heist,5,0.5,reward,2,1000.0,0.0,0.0
g65093al,Heist_5_roll_0_inner_0.5_pct_1_max_reward_seed_3_time_2026-04-02_23-43-18,Heist,5,0.5,reward,3,1000.0,0.0,0.0
1445631v,Heist_5_roll_0_inner_0.5_pct_1_max_reward_seed_4_time_2026-04-02_23-52-06,Heist,5,0.5,reward,4,1000.0,0.0,0.0
bn1u9skt,Heist_5_roll_0_inner_0.5_pct_1_max_reward_seed_5_time_2026-04-03_00-00-56,Heist,5,0.5,reward,5,1000.0,0.0,0.0
zhiyvl9i,Heist_5_roll_0_inner_0.5_pct_1_max_reward_seed_6_time_2026-04-03_00-09-20,Heist,5,0.5,reward,6,74.0,10.0,0.13513513513513514
c8rv5yzy,Heist_5_roll_0_inner_0.5_pct_1_max_reward_seed_7_time_2026-04-03_00-10-06,Heist,5,0.5,reward,7,1000.0,0.0,0.0
qg0s8p1h,Heist_5_roll_0_inner_0.5_pct_1_max_reward_seed_8_time_2026-04-03_00-19-07,Heist,5,0.5,reward,8,1000.0,0.0,0.0
uthcl4qu,Heist_5_roll_0_inner_0.5_pct_1_max_reward_seed_9_time_2026-04-03_00-27-58,Heist,5,0.5,reward,9,1000.0,0.0,0.0
n5vj71fb,Heist_5_roll_0_inner_0.5_pct_1_max_value_seed_0_time_2026-03-31_17-37-07,Heist,5,0.5,value,0,1000.0,0.0,0.0
sn8z0hdv,Heist_5_roll_0_inner_0.5_pct_1_max_value_seed_1_time_2026-03-31_17-45-33,Heist,5,0.5,value,1,1000.0,0.0,0.0
6aoxfeuu,Heist_5_roll_0_inner_0.5_pct_1_max_value_seed_2_time_2026-03-31_17-54-19,Heist,5,0.5,value,2,1000.0,0.0,0.0
rdr7f1fa,Heist_5_roll_0_inner_0.5_pct_1_max_value_seed_3_time_2026-04-02_22-48-45,Heist,5,0.5,value,3,1000.0,0.0,0.0
8txnkkhb,Heist_5_roll_0_inner_0.5_pct_1_max_value_seed_4_time_2026-04-02_22-57-52,Heist,5,0.5,value,4,1000.0,0.0,0.0
9vtx9nj1,Heist_5_roll_0_inner_0.5_pct_1_max_value_seed_5_time_2026-04-02_23-06-58,Heist,5,0.5,value,5,1000.0,0.0,0.0
976a43k6,Heist_5_roll_0_inner_0.5_pct_1_max_value_seed_6_time_2026-04-02_23-15-42,Heist,5,0.5,value,6,90.0,10.0,0.1111111111111111
fxtuuset,Heist_5_roll_0_inner_0.5_pct_1_max_value_seed_7_time_2026-04-02_23-16-35,Heist,5,0.5,value,7,1000.0,0.0,0.0
xmzr9943,Heist_5_roll_0_inner_0.5_pct_1_max_value_seed_8_time_2026-04-02_23-25-43,Heist,5,0.5,value,8,1000.0,0.0,0.0
a9f5ac70,Heist_5_roll_0_inner_0.5_pct_1_max_value_seed_9_time_2026-04-02_23-34-40,Heist,5,0.5,value,9,1000.0,0.0,0.0
ebvkzfh9,Heist_5_roll_0_inner_1_pct_1_max_reward_seed_0_time_2026-04-12_01-49-45,Heist,5,1.0,reward,0,353.0,10.0,0.028328611898016998
24oxbkfl,Heist_5_roll_0_inner_1_pct_1_max_reward_seed_1_time_2026-04-12_01-59-03,Heist,5,1.0,reward,1,1000.0,0.0,0.0
4hn5o1t8,Heist_5_roll_0_inner_1_pct_1_max_reward_seed_2_time_2026-04-12_02-25-22,Heist,5,1.0,reward,2,728.0,10.0,0.013736263736263736
tk7nylbk,Heist_5_roll_0_inner_1_pct_1_max_reward_seed_3_time_2026-04-12_02-44-21,Heist,5,1.0,reward,3,98.0,10.0,0.10204081632653061
n58x7f9l,Heist_5_roll_0_inner_1_pct_1_max_reward_seed_4_time_2026-04-12_02-46-59,Heist,5,1.0,reward,4,1000.0,0.0,0.0
36paao9e,Heist_5_roll_0_inner_1_pct_1_max_reward_seed_5_time_2026-04-12_03-12-51,Heist,5,1.0,reward,5,112.0,10.0,0.08928571428571429
l0n6xind,Heist_5_roll_0_inner_1_pct_1_max_reward_seed_6_time_2026-04-12_03-15-52,Heist,5,1.0,reward,6,698.0,0.0,0.0
kqbir837,Heist_5_roll_0_inner_1_pct_1_max_reward_seed_7_time_2026-04-12_03-34-06,Heist,5,1.0,reward,7,1000.0,0.0,0.0
oz5dc9yi,Heist_5_roll_0_inner_1_pct_1_max_reward_seed_8_time_2026-04-12_04-00-06,Heist,5,1.0,reward,8,1000.0,0.0,0.0
net768sw,Heist_5_roll_0_inner_1_pct_1_max_reward_seed_9_time_2026-04-12_04-26-27,Heist,5,1.0,reward,9,1000.0,0.0,0.0
8ounbs0w,Heist_5_roll_0_inner_1_pct_1_max_value_seed_0_time_2026-04-11_21-28-23,Heist,5,1.0,value,0,1000.0,0.0,0.0
224aduw5,Heist_5_roll_0_inner_1_pct_1_max_value_seed_1_time_2026-04-11_21-55-00,Heist,5,1.0,value,1,1000.0,0.0,0.0
o3z3jq7c,Heist_5_roll_0_inner_1_pct_1_max_value_seed_2_time_2026-04-11_22-21-13,Heist,5,1.0,value,2,1000.0,0.0,0.0
5dp3ti8g,Heist_5_roll_0_inner_1_pct_1_max_value_seed_3_time_2026-04-11_22-47-29,Heist,5,1.0,value,3,1000.0,0.0,0.0
117hgg0w,Heist_5_roll_0_inner_1_pct_1_max_value_seed_4_time_2026-04-11_23-13-26,Heist,5,1.0,value,4,1000.0,0.0,0.0
sjmrkxc9,Heist_5_roll_0_inner_1_pct_1_max_value_seed_5_time_2026-04-11_23-39-41,Heist,5,1.0,value,5,1000.0,0.0,0.0
6qtt4t91,Heist_5_roll_0_inner_1_pct_1_max_value_seed_6_time_2026-04-12_00-05-40,Heist,5,1.0,value,6,1000.0,0.0,0.0
nc39drqi,Heist_5_roll_0_inner_1_pct_1_max_value_seed_7_time_2026-04-12_00-31-36,Heist,5,1.0,value,7,1000.0,0.0,0.0
rnswljnb,Heist_5_roll_0_inner_1_pct_1_max_value_seed_8_time_2026-04-12_00-57-33,Heist,5,1.0,value,8,1000.0,0.0,0.0
mzuup1i3,Heist_5_roll_0_inner_1_pct_1_max_value_seed_9_time_2026-04-12_01-23-38,Heist,5,1.0,value,9,1000.0,0.0,0.0
77ljjsea,Heist_10_roll_0_inner_0.05_pct_1_max_reward_seed_0_time_2026-03-31_18-37-05,Heist,10,0.05,reward,0,1000.0,0.0,0.0
f0f83yvk,Heist_10_roll_0_inner_0.05_pct_1_max_reward_seed_1_time_2026-03-31_18-39-46,Heist,10,0.05,reward,1,1000.0,0.0,0.0
iwvnxh0x,Heist_10_roll_0_inner_0.05_pct_1_max_reward_seed_2_time_2026-03-31_18-42-11,Heist,10,0.05,reward,2,1000.0,0.0,0.0
78q46dai,Heist_10_roll_0_inner_0.05_pct_1_max_reward_seed_3_time_2026-04-03_00-55-07,Heist,10,0.05,reward,3,1000.0,0.0,0.0
225b8tan,Heist_10_roll_0_inner_0.05_pct_1_max_reward_seed_4_time_2026-04-03_00-57-41,Heist,10,0.05,reward,4,1000.0,0.0,0.0
cibf417g,Heist_10_roll_0_inner_0.05_pct_1_max_reward_seed_5_time_2026-04-03_01-00-43,Heist,10,0.05,reward,5,1000.0,0.0,0.0
ksu566qp,Heist_10_roll_0_inner_0.05_pct_1_max_reward_seed_6_time_2026-04-03_01-03-24,Heist,10,0.05,reward,6,1000.0,0.0,0.0
n4uo3q0g,Heist_10_roll_0_inner_0.05_pct_1_max_reward_seed_7_time_2026-04-03_01-05-53,Heist,10,0.05,reward,7,1000.0,0.0,0.0
hons4x75,Heist_10_roll_0_inner_0.05_pct_1_max_reward_seed_8_time_2026-04-03_01-08-29,Heist,10,0.05,reward,8,1000.0,0.0,0.0
sk2vgyka,Heist_10_roll_0_inner_0.05_pct_1_max_reward_seed_9_time_2026-04-03_01-11-05,Heist,10,0.05,reward,9,1000.0,0.0,0.0
wwv1talk,Heist_10_roll_0_inner_0.05_pct_1_max_value_seed_0_time_2026-03-31_18-28-15,Heist,10,0.05,value,0,1000.0,0.0,0.0
11949xju,Heist_10_roll_0_inner_0.05_pct_1_max_value_seed_1_time_2026-03-31_18-30-49,Heist,10,0.05,value,1,1000.0,0.0,0.0
yvuvp7rj,Heist_10_roll_0_inner_0.05_pct_1_max_value_seed_2_time_2026-03-31_18-33-44,Heist,10,0.05,value,2,1000.0,0.0,0.0
ct6zi9i2,Heist_10_roll_0_inner_0.05_pct_1_max_value_seed_3_time_2026-04-03_00-36-53,Heist,10,0.05,value,3,1000.0,0.0,0.0
pddgrm01,Heist_10_roll_0_inner_0.05_pct_1_max_value_seed_4_time_2026-04-03_00-39-28,Heist,10,0.05,value,4,1000.0,0.0,0.0
g2acjjv3,Heist_10_roll_0_inner_0.05_pct_1_max_value_seed_5_time_2026-04-03_00-41-58,Heist,10,0.05,value,5,1000.0,0.0,0.0
wzx5pvzs,Heist_10_roll_0_inner_0.05_pct_1_max_value_seed_6_time_2026-04-03_00-44-41,Heist,10,0.05,value,6,1000.0,0.0,0.0
8f4fey3o,Heist_10_roll_0_inner_0.05_pct_1_max_value_seed_7_time_2026-04-03_00-47-31,Heist,10,0.05,value,7,1000.0,0.0,0.0
1le35191,Heist_10_roll_0_inner_0.05_pct_1_max_value_seed_8_time_2026-04-03_00-50-21,Heist,10,0.05,value,8,1000.0,0.0,0.0
7qzg50ms,Heist_10_roll_0_inner_0.05_pct_1_max_value_seed_9_time_2026-04-03_00-52-59,Heist,10,0.05,value,9,1000.0,0.0,0.0
kaz6o45g,Heist_10_roll_0_inner_0.1_pct_1_max_reward_seed_0_time_2026-03-31_18-56-24,Heist,10,0.1,reward,0,1000.0,0.0,0.0
qhemfbfa,Heist_10_roll_0_inner_0.1_pct_1_max_reward_seed_1_time_2026-03-31_18-59-54,Heist,10,0.1,reward,1,1000.0,0.0,0.0
psdgdbzf,Heist_10_roll_0_inner_0.1_pct_1_max_reward_seed_2_time_2026-03-31_19-03-29,Heist,10,0.1,reward,2,1000.0,0.0,0.0
l83bmyqh,Heist_10_roll_0_inner_0.1_pct_1_max_reward_seed_3_time_2026-04-03_01-39-20,Heist,10,0.1,reward,3,1000.0,0.0,0.0
z4ly88c8,Heist_10_roll_0_inner_0.1_pct_1_max_reward_seed_4_time_2026-04-03_01-43-45,Heist,10,0.1,reward,4,1000.0,0.0,0.0
wh5uipua,Heist_10_roll_0_inner_0.1_pct_1_max_reward_seed_5_time_2026-04-03_01-47-25,Heist,10,0.1,reward,5,1000.0,0.0,0.0
bz2u1kho,Heist_10_roll_0_inner_0.1_pct_1_max_reward_seed_6_time_2026-04-03_01-50-58,Heist,10,0.1,reward,6,53.0,10.0,0.18867924528301888
t6qui6g1,Heist_10_roll_0_inner_0.1_pct_1_max_reward_seed_7_time_2026-04-03_01-51-23,Heist,10,0.1,reward,7,1000.0,0.0,0.0
ne6bpm1m,Heist_10_roll_0_inner_0.1_pct_1_max_reward_seed_8_time_2026-04-03_01-55-41,Heist,10,0.1,reward,8,1000.0,0.0,0.0
8y2we9ew,Heist_10_roll_0_inner_0.1_pct_1_max_reward_seed_9_time_2026-04-03_01-59-51,Heist,10,0.1,reward,9,1000.0,0.0,0.0
68ffd82r,Heist_10_roll_0_inner_0.1_pct_1_max_value_seed_0_time_2026-03-31_18-45-09,Heist,10,0.1,value,0,1000.0,0.0,0.0
luxbre5u,Heist_10_roll_0_inner_0.1_pct_1_max_value_seed_1_time_2026-03-31_18-48-32,Heist,10,0.1,value,1,1000.0,0.0,0.0
0vej1ker,Heist_10_roll_0_inner_0.1_pct_1_max_value_seed_2_time_2026-03-31_18-52-16,Heist,10,0.1,value,2,1000.0,0.0,0.0
g3qav773,Heist_10_roll_0_inner_0.1_pct_1_max_value_seed_3_time_2026-04-03_01-14-12,Heist,10,0.1,value,3,1000.0,0.0,0.0
x1nns503,Heist_10_roll_0_inner_0.1_pct_1_max_value_seed_4_time_2026-04-03_01-17-51,Heist,10,0.1,value,4,1000.0,0.0,0.0
micl15ju,Heist_10_roll_0_inner_0.1_pct_1_max_value_seed_5_time_2026-04-03_01-21-58,Heist,10,0.1,value,5,1000.0,0.0,0.0
35lu1e89,Heist_10_roll_0_inner_0.1_pct_1_max_value_seed_6_time_2026-04-03_01-26-21,Heist,10,0.1,value,6,158.0,10.0,0.06329113924050633
cbp81t8b,Heist_10_roll_0_inner_0.1_pct_1_max_value_seed_7_time_2026-04-03_01-27-09,Heist,10,0.1,value,7,1000.0,0.0,0.0
du4siqau,Heist_10_roll_0_inner_0.1_pct_1_max_value_seed_8_time_2026-04-03_01-31-31,Heist,10,0.1,value,8,1000.0,0.0,0.0
yjc6fpsv,Heist_10_roll_0_inner_0.1_pct_1_max_value_seed_9_time_2026-04-03_01-35-26,Heist,10,0.1,value,9,1000.0,0.0,0.0
o0ttbrej,Heist_10_roll_0_inner_0.2_pct_1_max_reward_seed_0_time_2026-03-31_19-26-01,Heist,10,0.2,reward,0,1000.0,0.0,0.0
zrbhb556,Heist_10_roll_0_inner_0.2_pct_1_max_reward_seed_1_time_2026-03-31_19-32-28,Heist,10,0.2,reward,1,1000.0,0.0,0.0
hxo5y1e3,Heist_10_roll_0_inner_0.2_pct_1_max_reward_seed_2_time_2026-03-31_19-37-51,Heist,10,0.2,reward,2,1000.0,0.0,0.0
twghy3wl,Heist_10_roll_0_inner_0.2_pct_1_max_reward_seed_3_time_2026-04-03_02-40-09,Heist,10,0.2,reward,3,1000.0,0.0,0.0
wtjfxxae,Heist_10_roll_0_inner_0.2_pct_1_max_reward_seed_4_time_2026-04-03_02-46-16,Heist,10,0.2,reward,4,1000.0,0.0,0.0
0zc0o01n,Heist_10_roll_0_inner_0.2_pct_1_max_reward_seed_5_time_2026-04-03_02-53-11,Heist,10,0.2,reward,5,1000.0,0.0,0.0
bk6fmx12,Heist_10_roll_0_inner_0.2_pct_1_max_reward_seed_6_time_2026-04-03_02-59-00,Heist,10,0.2,reward,6,48.0,10.0,0.20833333333333334
qwk8fgso,Heist_10_roll_0_inner_0.2_pct_1_max_reward_seed_7_time_2026-04-03_02-59-30,Heist,10,0.2,reward,7,1000.0,0.0,0.0
yq79pelr,Heist_10_roll_0_inner_0.2_pct_1_max_reward_seed_8_time_2026-04-03_03-05-17,Heist,10,0.2,reward,8,1000.0,0.0,0.0
oquwapdh,Heist_10_roll_0_inner_0.2_pct_1_max_reward_seed_9_time_2026-04-03_03-11-24,Heist,10,0.2,reward,9,1000.0,0.0,0.0
qpdegbfk,Heist_10_roll_0_inner_0.2_pct_1_max_value_seed_0_time_2026-03-31_19-07-24,Heist,10,0.2,value,0,1000.0,0.0,0.0
z0i08wga,Heist_10_roll_0_inner_0.2_pct_1_max_value_seed_1_time_2026-03-31_19-13-36,Heist,10,0.2,value,1,1000.0,0.0,0.0
k3j7stjh,Heist_10_roll_0_inner_0.2_pct_1_max_value_seed_2_time_2026-03-31_19-19-36,Heist,10,0.2,value,2,1000.0,0.0,0.0
7r0on5st,Heist_10_roll_0_inner_0.2_pct_1_max_value_seed_3_time_2026-04-03_02-03-01,Heist,10,0.2,value,3,1000.0,0.0,0.0
2ueoujgt,Heist_10_roll_0_inner_0.2_pct_1_max_value_seed_4_time_2026-04-03_02-09-13,Heist,10,0.2,value,4,1000.0,0.0,0.0
czsjp9at,Heist_10_roll_0_inner_0.2_pct_1_max_value_seed_5_time_2026-04-03_02-15-25,Heist,10,0.2,value,5,1000.0,0.0,0.0
z5ndwt8k,Heist_10_roll_0_inner_0.2_pct_1_max_value_seed_6_time_2026-04-03_02-20-54,Heist,10,0.2,value,6,167.0,10.0,0.059880239520958084
h27ktla6,Heist_10_roll_0_inner_0.2_pct_1_max_value_seed_7_time_2026-04-03_02-21-53,Heist,10,0.2,value,7,1000.0,0.0,0.0
3vgnfapj,Heist_10_roll_0_inner_0.2_pct_1_max_value_seed_8_time_2026-04-03_02-27-59,Heist,10,0.2,value,8,1000.0,0.0,0.0
pmq81dz1,Heist_10_roll_0_inner_0.2_pct_1_max_value_seed_9_time_2026-04-03_02-34-03,Heist,10,0.2,value,9,1000.0,0.0,0.0
edhynjsw,Heist_10_roll_0_inner_0.5_pct_1_max_reward_seed_0_time_2026-03-31_20-10-10,Heist,10,0.5,reward,0,275.0,10.0,0.03636363636363636
wd44b1yh,Heist_10_roll_0_inner_0.5_pct_1_max_reward_seed_1_time_2026-03-31_20-13-25,Heist,10,0.5,reward,1,1000.0,0.0,0.0
2x23oauk,Heist_10_roll_0_inner_0.5_pct_1_max_reward_seed_2_time_2026-03-31_20-24-58,Heist,10,0.5,reward,2,1000.0,0.0,0.0
odgozdwd,Heist_10_roll_0_inner_0.5_pct_1_max_reward_seed_3_time_2026-04-03_04-23-28,Heist,10,0.5,reward,3,1000.0,0.0,0.0
xdipfyvy,Heist_10_roll_0_inner_0.5_pct_1_max_reward_seed_4_time_2026-04-03_04-34-23,Heist,10,0.5,reward,4,1000.0,0.0,0.0
5vyat3kv,Heist_10_roll_0_inner_0.5_pct_1_max_reward_seed_5_time_2026-04-03_04-45-22,Heist,10,0.5,reward,5,1000.0,0.0,0.0
sdmdzc51,Heist_10_roll_0_inner_0.5_pct_1_max_reward_seed_6_time_2026-04-03_04-55-58,Heist,10,0.5,reward,6,86.0,10.0,0.11627906976744186
7bnmy42d,Heist_10_roll_0_inner_0.5_pct_1_max_reward_seed_7_time_2026-04-03_04-57-07,Heist,10,0.5,reward,7,1000.0,0.0,0.0
7xd1mgyy,Heist_10_roll_0_inner_0.5_pct_1_max_reward_seed_8_time_2026-04-03_05-07-51,Heist,10,0.5,reward,8,1000.0,0.0,0.0
aj5nkbrr,Heist_10_roll_0_inner_0.5_pct_1_max_reward_seed_9_time_2026-04-03_05-18-40,Heist,10,0.5,reward,9,1000.0,0.0,0.0
yxhcksaj,Heist_10_roll_0_inner_0.5_pct_1_max_value_seed_0_time_2026-03-31_19-44-14,Heist,10,0.5,value,0,275.0,10.0,0.03636363636363636
pl7n1cyt,Heist_10_roll_0_inner_0.5_pct_1_max_value_seed_1_time_2026-03-31_19-47-26,Heist,10,0.5,value,1,1000.0,0.0,0.0
d7bik93q,Heist_10_roll_0_inner_0.5_pct_1_max_value_seed_2_time_2026-03-31_19-58-55,Heist,10,0.5,value,2,1000.0,0.0,0.0
rshxudck,Heist_10_roll_0_inner_0.5_pct_1_max_value_seed_3_time_2026-04-03_03-17-56,Heist,10,0.5,value,3,1000.0,0.0,0.0
o17kf11j,Heist_10_roll_0_inner_0.5_pct_1_max_value_seed_4_time_2026-04-03_03-28-44,Heist,10,0.5,value,4,1000.0,0.0,0.0
vjx7yl1z,Heist_10_roll_0_inner_0.5_pct_1_max_value_seed_5_time_2026-04-03_03-39-38,Heist,10,0.5,value,5,1000.0,0.0,0.0
niv4l5ed,Heist_10_roll_0_inner_0.5_pct_1_max_value_seed_6_time_2026-04-03_03-50-17,Heist,10,0.5,value,6,86.0,10.0,0.11627906976744186
ra2echh4,Heist_10_roll_0_inner_0.5_pct_1_max_value_seed_7_time_2026-04-03_03-51-27,Heist,10,0.5,value,7,1000.0,0.0,0.0
a9pceyrs,Heist_10_roll_0_inner_0.5_pct_1_max_value_seed_8_time_2026-04-03_04-02-05,Heist,10,0.5,value,8,1000.0,0.0,0.0
cvx9yxl0,Heist_10_roll_0_inner_0.5_pct_1_max_value_seed_9_time_2026-04-03_04-12-51,Heist,10,0.5,value,9,1000.0,0.0,0.0
lgrfgfbt,Jumper_5_roll_0_inner_0.05_pct_1_max_reward_seed_0_time_2026-03-31_12-27-10,Jumper,5,0.05,reward,0,11.0,10.0,0.9090909090909091
79fdfgs0,Jumper_5_roll_0_inner_0.05_pct_1_max_reward_seed_1_time_2026-03-31_12-27-21,Jumper,5,0.05,reward,1,6.0,0.0,0.0
176txqgw,Jumper_5_roll_0_inner_0.05_pct_1_max_reward_seed_2_time_2026-03-31_12-27-31,Jumper,5,0.05,reward,2,153.0,10.0,0.06535947712418301
2b72ndfo,Jumper_5_roll_0_inner_0.05_pct_1_max_reward_seed_3_time_2026-04-02_09-15-43,Jumper,5,0.05,reward,3,49.0,10.0,0.20408163265306123
0682ie0g,Jumper_5_roll_0_inner_0.05_pct_1_max_reward_seed_4_time_2026-04-02_09-15-56,Jumper,5,0.05,reward,4,490.0,0.0,0.0
7v5ogtlk,Jumper_5_roll_0_inner_0.05_pct_1_max_reward_seed_5_time_2026-04-02_09-17-05,Jumper,5,0.05,reward,5,1000.0,0.0,0.0
o0wwshg8,Jumper_5_roll_0_inner_0.05_pct_1_max_reward_seed_6_time_2026-04-02_09-18-55,Jumper,5,0.05,reward,6,1000.0,0.0,0.0
5x5vl8l7,Jumper_5_roll_0_inner_0.05_pct_1_max_reward_seed_7_time_2026-04-02_09-20-46,Jumper,5,0.05,reward,7,1000.0,0.0,0.0
6qa39mo3,Jumper_5_roll_0_inner_0.05_pct_1_max_reward_seed_8_time_2026-04-02_09-22-26,Jumper,5,0.05,reward,8,151.0,10.0,0.06622516556291391
akkbujzb,Jumper_5_roll_0_inner_0.05_pct_1_max_reward_seed_9_time_2026-04-02_09-22-47,Jumper,5,0.05,reward,9,853.0,0.0,0.0
vaa4elm4,Jumper_5_roll_0_inner_0.05_pct_1_max_value_seed_0_time_2026-03-31_12-25-39,Jumper,5,0.05,value,0,11.0,10.0,0.9090909090909091
bxjtxf2j,Jumper_5_roll_0_inner_0.05_pct_1_max_value_seed_1_time_2026-03-31_12-25-51,Jumper,5,0.05,value,1,6.0,0.0,0.0
2dlbxxe8,Jumper_5_roll_0_inner_0.05_pct_1_max_value_seed_2_time_2026-03-31_12-26-01,Jumper,5,0.05,value,2,725.0,0.0,0.0
52jr6bat,Jumper_5_roll_0_inner_0.05_pct_1_max_value_seed_3_time_2026-04-02_09-06-53,Jumper,5,0.05,value,3,49.0,10.0,0.20408163265306123
oqjfvjn6,Jumper_5_roll_0_inner_0.05_pct_1_max_value_seed_4_time_2026-04-02_09-07-06,Jumper,5,0.05,value,4,919.0,0.0,0.0
72vn0048,Jumper_5_roll_0_inner_0.05_pct_1_max_value_seed_5_time_2026-04-02_09-08-48,Jumper,5,0.05,value,5,1000.0,0.0,0.0
53k9lmj4,Jumper_5_roll_0_inner_0.05_pct_1_max_value_seed_6_time_2026-04-02_09-10-30,Jumper,5,0.05,value,6,1000.0,0.0,0.0
06xaorxx,Jumper_5_roll_0_inner_0.05_pct_1_max_value_seed_7_time_2026-04-02_09-12-13,Jumper,5,0.05,value,7,1000.0,0.0,0.0
gtrow3dv,Jumper_5_roll_0_inner_0.05_pct_1_max_value_seed_8_time_2026-04-02_09-13-57,Jumper,5,0.05,value,8,39.0,0.0,0.0
jq7ja2n9,Jumper_5_roll_0_inner_0.05_pct_1_max_value_seed_9_time_2026-04-02_09-14-14,Jumper,5,0.05,value,9,853.0,0.0,0.0
fy2na9yo,Jumper_5_roll_0_inner_0.1_pct_1_max_reward_seed_0_time_2026-03-31_12-28-56,Jumper,5,0.1,reward,0,9.0,10.0,1.1111111111111112
d9w7zqrn,Jumper_5_roll_0_inner_0.1_pct_1_max_reward_seed_1_time_2026-03-31_12-29-08,Jumper,5,0.1,reward,1,6.0,0.0,0.0
wkk4ipyu,Jumper_5_roll_0_inner_0.1_pct_1_max_reward_seed_2_time_2026-03-31_12-29-18,Jumper,5,0.1,reward,2,59.0,0.0,0.0
doawb8sm,Jumper_5_roll_0_inner_0.1_pct_1_max_reward_seed_3_time_2026-04-02_09-34-06,Jumper,5,0.1,reward,3,69.0,10.0,0.14492753623188406
4vo2hep9,Jumper_5_roll_0_inner_0.1_pct_1_max_reward_seed_4_time_2026-04-02_09-34-24,Jumper,5,0.1,reward,4,476.0,0.0,0.0
sabsnbx3,Jumper_5_roll_0_inner_0.1_pct_1_max_reward_seed_5_time_2026-04-02_09-35-41,Jumper,5,0.1,reward,5,1000.0,0.0,0.0
1vcfg598,Jumper_5_roll_0_inner_0.1_pct_1_max_reward_seed_6_time_2026-04-02_09-38-45,Jumper,5,0.1,reward,6,1000.0,0.0,0.0
qk1f3jk3,Jumper_5_roll_0_inner_0.1_pct_1_max_reward_seed_7_time_2026-04-02_09-41-28,Jumper,5,0.1,reward,7,1000.0,0.0,0.0
6djo62ej,Jumper_5_roll_0_inner_0.1_pct_1_max_reward_seed_8_time_2026-04-02_09-43-56,Jumper,5,0.1,reward,8,93.0,10.0,0.10752688172043011
tui6cwpk,Jumper_5_roll_0_inner_0.1_pct_1_max_reward_seed_9_time_2026-04-02_09-44-17,Jumper,5,0.1,reward,9,52.0,0.0,0.0
bzejjcue,Jumper_5_roll_0_inner_0.1_pct_1_max_value_seed_0_time_2026-03-31_12-27-48,Jumper,5,0.1,value,0,9.0,10.0,1.1111111111111112
1z6od1t9,Jumper_5_roll_0_inner_0.1_pct_1_max_value_seed_1_time_2026-03-31_12-28-00,Jumper,5,0.1,value,1,6.0,0.0,0.0
l7rsdmrq,Jumper_5_roll_0_inner_0.1_pct_1_max_value_seed_2_time_2026-03-31_12-28-10,Jumper,5,0.1,value,2,237.0,0.0,0.0
gdkcp0zb,Jumper_5_roll_0_inner_0.1_pct_1_max_value_seed_3_time_2026-04-02_09-24-16,Jumper,5,0.1,value,3,69.0,10.0,0.14492753623188406
tznu5s6p,Jumper_5_roll_0_inner_0.1_pct_1_max_value_seed_4_time_2026-04-02_09-24-33,Jumper,5,0.1,value,4,221.0,0.0,0.0
csw2k9sn,Jumper_5_roll_0_inner_0.1_pct_1_max_value_seed_5_time_2026-04-02_09-25-24,Jumper,5,0.1,value,5,1000.0,0.0,0.0
aflagmj8,Jumper_5_roll_0_inner_0.1_pct_1_max_value_seed_6_time_2026-04-02_09-28-09,Jumper,5,0.1,value,6,1000.0,0.0,0.0
a8pm6ns0,Jumper_5_roll_0_inner_0.1_pct_1_max_value_seed_7_time_2026-04-02_09-30-48,Jumper,5,0.1,value,7,1000.0,0.0,0.0
nlnxk6u6,Jumper_5_roll_0_inner_0.1_pct_1_max_value_seed_8_time_2026-04-02_09-33-30,Jumper,5,0.1,value,8,104.0,10.0,0.09615384615384616
e3wh460d,Jumper_5_roll_0_inner_0.1_pct_1_max_value_seed_9_time_2026-04-02_09-33-51,Jumper,5,0.1,value,9,52.0,0.0,0.0
d5z21t64,Jumper_5_roll_0_inner_0.2_pct_1_max_reward_seed_0_time_2026-03-31_12-30-23,Jumper,5,0.2,reward,0,19.0,10.0,0.5263157894736842
oypwft8m,Jumper_5_roll_0_inner_0.2_pct_1_max_reward_seed_1_time_2026-03-31_12-30-36,Jumper,5,0.2,reward,1,6.0,0.0,0.0
dugdfph8,Jumper_5_roll_0_inner_0.2_pct_1_max_reward_seed_2_time_2026-03-31_12-30-46,Jumper,5,0.2,reward,2,212.0,0.0,0.0
idkootac,Jumper_5_roll_0_inner_0.2_pct_1_max_reward_seed_3_time_2026-04-02_10-01-59,Jumper,5,0.2,reward,3,15.0,10.0,0.6666666666666666
m3coe6yw,Jumper_5_roll_0_inner_0.2_pct_1_max_reward_seed_4_time_2026-04-02_10-02-11,Jumper,5,0.2,reward,4,262.0,0.0,0.0
q5bg3t52,Jumper_5_roll_0_inner_0.2_pct_1_max_reward_seed_5_time_2026-04-02_10-03-27,Jumper,5,0.2,reward,5,600.0,0.0,0.0
nn9s0spf,Jumper_5_roll_0_inner_0.2_pct_1_max_reward_seed_6_time_2026-04-02_10-06-18,Jumper,5,0.2,reward,6,1000.0,0.0,0.0
cji1l3p3,Jumper_5_roll_0_inner_0.2_pct_1_max_reward_seed_7_time_2026-04-02_10-10-10,Jumper,5,0.2,reward,7,1000.0,0.0,0.0
0gjypydg,Jumper_5_roll_0_inner_0.2_pct_1_max_reward_seed_8_time_2026-04-02_10-14-09,Jumper,5,0.2,reward,8,58.0,10.0,0.1724137931034483
ja9ghtsh,Jumper_5_roll_0_inner_0.2_pct_1_max_reward_seed_9_time_2026-04-02_10-14-36,Jumper,5,0.2,reward,9,1000.0,0.0,0.0
dmgxk5ac,Jumper_5_roll_0_inner_0.2_pct_1_max_value_seed_0_time_2026-03-31_12-29-35,Jumper,5,0.2,value,0,19.0,10.0,0.5263157894736842
g6vqt3mr,Jumper_5_roll_0_inner_0.2_pct_1_max_value_seed_1_time_2026-03-31_12-29-47,Jumper,5,0.2,value,1,6.0,0.0,0.0
1n6hd3g1,Jumper_5_roll_0_inner_0.2_pct_1_max_value_seed_2_time_2026-03-31_12-29-58,Jumper,5,0.2,value,2,78.0,0.0,0.0
n7tp59tr,Jumper_5_roll_0_inner_0.2_pct_1_max_value_seed_3_time_2026-04-02_09-44-32,Jumper,5,0.2,value,3,15.0,10.0,0.6666666666666666
nzptpv6o,Jumper_5_roll_0_inner_0.2_pct_1_max_value_seed_4_time_2026-04-02_09-44-44,Jumper,5,0.2,value,4,242.0,0.0,0.0
1g5tymgt,Jumper_5_roll_0_inner_0.2_pct_1_max_value_seed_5_time_2026-04-02_09-45-52,Jumper,5,0.2,value,5,1000.0,0.0,0.0
yj0n5q03,Jumper_5_roll_0_inner_0.2_pct_1_max_value_seed_6_time_2026-04-02_09-50-15,Jumper,5,0.2,value,6,1000.0,0.0,0.0
zioxzmma,Jumper_5_roll_0_inner_0.2_pct_1_max_value_seed_7_time_2026-04-02_09-54-13,Jumper,5,0.2,value,7,1000.0,0.0,0.0
sp7ahuc2,Jumper_5_roll_0_inner_0.2_pct_1_max_value_seed_8_time_2026-04-02_09-58-13,Jumper,5,0.2,value,8,256.0,10.0,0.0390625
qwbkp56d,Jumper_5_roll_0_inner_0.2_pct_1_max_value_seed_9_time_2026-04-02_09-59-26,Jumper,5,0.2,value,9,566.0,0.0,0.0
4bz2a2xn,Jumper_5_roll_0_inner_0.5_pct_1_max_reward_seed_0_time_2026-03-31_12-42-27,Jumper,5,0.5,reward,0,1000.0,0.0,0.0
bvo3xrvu,Jumper_5_roll_0_inner_0.5_pct_1_max_reward_seed_1_time_2026-03-31_12-51-16,Jumper,5,0.5,reward,1,111.0,0.0,0.0
yan3b93d,Jumper_5_roll_0_inner_0.5_pct_1_max_reward_seed_2_time_2026-03-31_12-52-23,Jumper,5,0.5,reward,2,45.0,0.0,0.0
0yuumf50,Jumper_5_roll_0_inner_0.5_pct_1_max_reward_seed_3_time_2026-04-02_10-41-30,Jumper,5,0.5,reward,3,32.0,10.0,0.3125
80vc9gxo,Jumper_5_roll_0_inner_0.5_pct_1_max_reward_seed_4_time_2026-04-02_10-41-53,Jumper,5,0.5,reward,4,22.0,0.0,0.0
hnzs4kq3,Jumper_5_roll_0_inner_0.5_pct_1_max_reward_seed_5_time_2026-04-02_10-42-13,Jumper,5,0.5,reward,5,450.0,0.0,0.0
6hhsrjw5,Jumper_5_roll_0_inner_0.5_pct_1_max_reward_seed_6_time_2026-04-02_10-46-12,Jumper,5,0.5,reward,6,1000.0,0.0,0.0
5g8pgfg9,Jumper_5_roll_0_inner_0.5_pct_1_max_reward_seed_7_time_2026-04-02_10-54-45,Jumper,5,0.5,reward,7,1000.0,0.0,0.0
tgibpyei,Jumper_5_roll_0_inner_0.5_pct_1_max_reward_seed_8_time_2026-04-02_11-03-35,Jumper,5,0.5,reward,8,175.0,10.0,0.05714285714285714
0kkbw2j1,Jumper_5_roll_0_inner_0.5_pct_1_max_reward_seed_9_time_2026-04-02_11-05-22,Jumper,5,0.5,reward,9,102.0,0.0,0.0
gczx51r0,Jumper_5_roll_0_inner_0.5_pct_1_max_value_seed_0_time_2026-03-31_12-31-42,Jumper,5,0.5,value,0,1000.0,0.0,0.0
7ywgxho1,Jumper_5_roll_0_inner_0.5_pct_1_max_value_seed_1_time_2026-03-31_12-40-30,Jumper,5,0.5,value,1,118.0,0.0,0.0
xxil6szw,Jumper_5_roll_0_inner_0.5_pct_1_max_value_seed_2_time_2026-03-31_12-41-36,Jumper,5,0.5,value,2,77.0,0.0,0.0
dyjaxhmb,Jumper_5_roll_0_inner_0.5_pct_1_max_value_seed_3_time_2026-04-02_10-18-50,Jumper,5,0.5,value,3,32.0,10.0,0.3125
k7srow8r,Jumper_5_roll_0_inner_0.5_pct_1_max_value_seed_4_time_2026-04-02_10-19-14,Jumper,5,0.5,value,4,202.0,0.0,0.0
yes9socw,Jumper_5_roll_0_inner_0.5_pct_1_max_value_seed_5_time_2026-04-02_10-21-01,Jumper,5,0.5,value,5,140.0,0.0,0.0
r2satfce,Jumper_5_roll_0_inner_0.5_pct_1_max_value_seed_6_time_2026-04-02_10-22-36,Jumper,5,0.5,value,6,1000.0,0.0,0.0
5f2ysy1q,Jumper_5_roll_0_inner_0.5_pct_1_max_value_seed_7_time_2026-04-02_10-31-07,Jumper,5,0.5,value,7,1000.0,0.0,0.0
heaz40in,Jumper_5_roll_0_inner_0.5_pct_1_max_value_seed_8_time_2026-04-02_10-39-57,Jumper,5,0.5,value,8,40.0,0.0,0.0
dln0bjx7,Jumper_5_roll_0_inner_0.5_pct_1_max_value_seed_9_time_2026-04-02_10-40-31,Jumper,5,0.5,value,9,102.0,0.0,0.0
e3egs3n3,Jumper_5_roll_0_inner_1_pct_1_max_reward_seed_0_time_2026-04-11_14-58-17,Jumper,5,1.0,reward,0,680.0,0.0,0.0
sfpf1bkm,Jumper_5_roll_0_inner_1_pct_1_max_reward_seed_1_time_2026-04-11_15-16-36,Jumper,5,1.0,reward,1,16.0,0.0,0.0
dhfwixjp,Jumper_5_roll_0_inner_1_pct_1_max_reward_seed_2_time_2026-04-11_15-17-05,Jumper,5,1.0,reward,2,40.0,0.0,0.0
axd7727h,Jumper_5_roll_0_inner_1_pct_1_max_reward_seed_3_time_2026-04-11_15-18-13,Jumper,5,1.0,reward,3,110.0,10.0,0.09090909090909091
v7kdufut,Jumper_5_roll_0_inner_1_pct_1_max_reward_seed_4_time_2026-04-11_15-21-11,Jumper,5,1.0,reward,4,44.0,0.0,0.0
pd153tzs,Jumper_5_roll_0_inner_1_pct_1_max_reward_seed_5_time_2026-04-11_15-22-25,Jumper,5,1.0,reward,5,583.0,0.0,0.0
hf3ftwlt,Jumper_5_roll_0_inner_1_pct_1_max_reward_seed_6_time_2026-04-11_15-37-59,Jumper,5,1.0,reward,6,1000.0,0.0,0.0
jn57gen4,Jumper_5_roll_0_inner_1_pct_1_max_reward_seed_7_time_2026-04-11_16-04-33,Jumper,5,1.0,reward,7,1000.0,0.0,0.0
fwi4js2a,Jumper_5_roll_0_inner_1_pct_1_max_reward_seed_8_time_2026-04-11_16-31-32,Jumper,5,1.0,reward,8,177.0,10.0,0.05649717514124294
lx0405fa,Jumper_5_roll_0_inner_1_pct_1_max_reward_seed_9_time_2026-04-11_16-36-16,Jumper,5,1.0,reward,9,74.0,0.0,0.0
6g15sf0j,Jumper_5_roll_0_inner_1_pct_1_max_value_seed_0_time_2026-04-11_12-16-22,Jumper,5,1.0,value,0,680.0,0.0,0.0
puxjnibz,Jumper_5_roll_0_inner_1_pct_1_max_value_seed_1_time_2026-04-11_12-34-31,Jumper,5,1.0,value,1,1000.0,0.0,0.0
7oftt1pw,Jumper_5_roll_0_inner_1_pct_1_max_value_seed_2_time_2026-04-11_13-01-09,Jumper,5,1.0,value,2,132.0,0.0,0.0
nf1ypg70,Jumper_5_roll_0_inner_1_pct_1_max_value_seed_3_time_2026-04-11_13-04-43,Jumper,5,1.0,value,3,110.0,10.0,0.09090909090909091
zjeozmon,Jumper_5_roll_0_inner_1_pct_1_max_value_seed_4_time_2026-04-11_13-07-41,Jumper,5,1.0,value,4,62.0,0.0,0.0
9dnh1wkf,Jumper_5_roll_0_inner_1_pct_1_max_value_seed_5_time_2026-04-11_13-09-25,Jumper,5,1.0,value,5,1000.0,0.0,0.0
cwb94l05,Jumper_5_roll_0_inner_1_pct_1_max_value_seed_6_time_2026-04-11_13-35-48,Jumper,5,1.0,value,6,1000.0,0.0,0.0
4t7wk713,Jumper_5_roll_0_inner_1_pct_1_max_value_seed_7_time_2026-04-11_14-02-26,Jumper,5,1.0,value,7,1000.0,0.0,0.0
bbk7fgi4,Jumper_5_roll_0_inner_1_pct_1_max_value_seed_8_time_2026-04-11_14-29-22,Jumper,5,1.0,value,8,1000.0,0.0,0.0
au1qcmvq,Jumper_5_roll_0_inner_1_pct_1_max_value_seed_9_time_2026-04-11_14-56-17,Jumper,5,1.0,value,9,74.0,0.0,0.0
be3jd04s,Jumper_10_roll_0_inner_0.05_pct_1_max_reward_seed_0_time_2026-03-31_12-54-43,Jumper,10,0.05,reward,0,24.0,10.0,0.4166666666666667
uiy57f5m,Jumper_10_roll_0_inner_0.05_pct_1_max_reward_seed_1_time_2026-03-31_12-54-56,Jumper,10,0.05,reward,1,6.0,0.0,0.0
kyxl32x6,Jumper_10_roll_0_inner_0.05_pct_1_max_reward_seed_2_time_2026-03-31_12-55-06,Jumper,10,0.05,reward,2,36.0,0.0,0.0
0gpdl2c6,Jumper_10_roll_0_inner_0.05_pct_1_max_reward_seed_3_time_2026-04-02_11-18-36,Jumper,10,0.05,reward,3,94.0,10.0,0.10638297872340426
w3pg6m1b,Jumper_10_roll_0_inner_0.05_pct_1_max_reward_seed_4_time_2026-04-02_11-19-01,Jumper,10,0.05,reward,4,73.0,0.0,0.0
mlifgkos,Jumper_10_roll_0_inner_0.05_pct_1_max_reward_seed_5_time_2026-04-02_11-19-21,Jumper,10,0.05,reward,5,252.0,10.0,0.03968253968253968
sks19314,Jumper_10_roll_0_inner_0.05_pct_1_max_reward_seed_6_time_2026-04-02_11-20-16,Jumper,10,0.05,reward,6,1000.0,0.0,0.0
zostzbd0,Jumper_10_roll_0_inner_0.05_pct_1_max_reward_seed_7_time_2026-04-02_11-22-50,Jumper,10,0.05,reward,7,1000.0,0.0,0.0
93ok3ckj,Jumper_10_roll_0_inner_0.05_pct_1_max_reward_seed_8_time_2026-04-02_11-25-59,Jumper,10,0.05,reward,8,55.0,10.0,0.18181818181818182
9p9qohpr,Jumper_10_roll_0_inner_0.05_pct_1_max_reward_seed_9_time_2026-04-02_11-26-18,Jumper,10,0.05,reward,9,384.0,0.0,0.0
a4ndg5gl,Jumper_10_roll_0_inner_0.05_pct_1_max_value_seed_0_time_2026-03-31_12-53-00,Jumper,10,0.05,value,0,24.0,10.0,0.4166666666666667
l5hc3ghf,Jumper_10_roll_0_inner_0.05_pct_1_max_value_seed_1_time_2026-03-31_12-53-13,Jumper,10,0.05,value,1,6.0,0.0,0.0
0hz4msoz,Jumper_10_roll_0_inner_0.05_pct_1_max_value_seed_2_time_2026-03-31_12-53-23,Jumper,10,0.05,value,2,407.0,10.0,0.02457002457002457
ofagdc68,Jumper_10_roll_0_inner_0.05_pct_1_max_value_seed_3_time_2026-04-02_11-06-20,Jumper,10,0.05,value,3,94.0,10.0,0.10638297872340426
ldeikb4g,Jumper_10_roll_0_inner_0.05_pct_1_max_value_seed_4_time_2026-04-02_11-06-45,Jumper,10,0.05,value,4,452.0,0.0,0.0
qptap0iq,Jumper_10_roll_0_inner_0.05_pct_1_max_value_seed_5_time_2026-04-02_11-07-57,Jumper,10,0.05,value,5,1000.0,0.0,0.0
g48a5tzk,Jumper_10_roll_0_inner_0.05_pct_1_max_value_seed_6_time_2026-04-02_11-11-08,Jumper,10,0.05,value,6,1000.0,0.0,0.0
yxpgmvci,Jumper_10_roll_0_inner_0.05_pct_1_max_value_seed_7_time_2026-04-02_11-13-49,Jumper,10,0.05,value,7,1000.0,0.0,0.0
6hbj1wbj,Jumper_10_roll_0_inner_0.05_pct_1_max_value_seed_8_time_2026-04-02_11-16-39,Jumper,10,0.05,value,8,206.0,10.0,0.04854368932038835
mn3eh78b,Jumper_10_roll_0_inner_0.05_pct_1_max_value_seed_9_time_2026-04-02_11-17-28,Jumper,10,0.05,value,9,384.0,0.0,0.0
naaurvwy,Jumper_10_roll_0_inner_0.1_pct_1_max_reward_seed_0_time_2026-03-31_12-55-59,Jumper,10,0.1,reward,0,11.0,10.0,0.9090909090909091
tmyv9u1q,Jumper_10_roll_0_inner_0.1_pct_1_max_reward_seed_1_time_2026-03-31_12-56-11,Jumper,10,0.1,reward,1,6.0,0.0,0.0
5xhqsbg5,Jumper_10_roll_0_inner_0.1_pct_1_max_reward_seed_2_time_2026-03-31_12-56-21,Jumper,10,0.1,reward,2,86.0,10.0,0.11627906976744186
dt6mykt2,Jumper_10_roll_0_inner_0.1_pct_1_max_reward_seed_3_time_2026-04-02_11-42-09,Jumper,10,0.1,reward,3,105.0,10.0,0.09523809523809523
z744yi8r,Jumper_10_roll_0_inner_0.1_pct_1_max_reward_seed_4_time_2026-04-02_11-42-31,Jumper,10,0.1,reward,4,48.0,0.0,0.0
l94c9at3,Jumper_10_roll_0_inner_0.1_pct_1_max_reward_seed_5_time_2026-04-02_11-42-47,Jumper,10,0.1,reward,5,1000.0,0.0,0.0
rkxdqlgx,Jumper_10_roll_0_inner_0.1_pct_1_max_reward_seed_6_time_2026-04-02_11-47-23,Jumper,10,0.1,reward,6,1000.0,0.0,0.0
m1fenvhz,Jumper_10_roll_0_inner_0.1_pct_1_max_reward_seed_7_time_2026-04-02_11-51-22,Jumper,10,0.1,reward,7,1000.0,0.0,0.0
kmdf0efz,Jumper_10_roll_0_inner_0.1_pct_1_max_reward_seed_8_time_2026-04-02_11-55-45,Jumper,10,0.1,reward,8,234.0,10.0,0.042735042735042736
9x39easa,Jumper_10_roll_0_inner_0.1_pct_1_max_reward_seed_9_time_2026-04-02_11-56-56,Jumper,10,0.1,reward,9,61.0,0.0,0.0
p6btmqin,Jumper_10_roll_0_inner_0.1_pct_1_max_value_seed_0_time_2026-03-31_12-55-22,Jumper,10,0.1,value,0,11.0,10.0,0.9090909090909091
48kxj6zu,Jumper_10_roll_0_inner_0.1_pct_1_max_value_seed_1_time_2026-03-31_12-55-35,Jumper,10,0.1,value,1,6.0,0.0,0.0
12lkb2lq,Jumper_10_roll_0_inner_0.1_pct_1_max_value_seed_2_time_2026-03-31_12-55-45,Jumper,10,0.1,value,2,50.0,10.0,0.2
bya3hwa6,Jumper_10_roll_0_inner_0.1_pct_1_max_value_seed_3_time_2026-04-02_11-27-27,Jumper,10,0.1,value,3,105.0,10.0,0.09523809523809523
xfqlus9a,Jumper_10_roll_0_inner_0.1_pct_1_max_value_seed_4_time_2026-04-02_11-27-49,Jumper,10,0.1,value,4,124.0,0.0,0.0
qik9qkgd,Jumper_10_roll_0_inner_0.1_pct_1_max_value_seed_5_time_2026-04-02_11-28-24,Jumper,10,0.1,value,5,1000.0,0.0,0.0
3wbkleti,Jumper_10_roll_0_inner_0.1_pct_1_max_value_seed_6_time_2026-04-02_11-32-02,Jumper,10,0.1,value,6,1000.0,0.0,0.0
p1xvcz0i,Jumper_10_roll_0_inner_0.1_pct_1_max_value_seed_7_time_2026-04-02_11-36-09,Jumper,10,0.1,value,7,1000.0,0.0,0.0
aztym5nj,Jumper_10_roll_0_inner_0.1_pct_1_max_value_seed_8_time_2026-04-02_11-40-23,Jumper,10,0.1,value,8,333.0,10.0,0.03003003003003003
eza9za0w,Jumper_10_roll_0_inner_0.1_pct_1_max_value_seed_9_time_2026-04-02_11-41-43,Jumper,10,0.1,value,9,61.0,0.0,0.0
60wqdown,Jumper_10_roll_0_inner_0.2_pct_1_max_reward_seed_0_time_2026-03-31_12-57-46,Jumper,10,0.2,reward,0,24.0,10.0,0.4166666666666667
7ljtoigt,Jumper_10_roll_0_inner_0.2_pct_1_max_reward_seed_1_time_2026-03-31_12-58-02,Jumper,10,0.2,reward,1,6.0,0.0,0.0
1im241xf,Jumper_10_roll_0_inner_0.2_pct_1_max_reward_seed_2_time_2026-03-31_12-58-13,Jumper,10,0.2,reward,2,186.0,10.0,0.053763440860215055
u4oigqmi,Jumper_10_roll_0_inner_0.2_pct_1_max_reward_seed_3_time_2026-04-02_12-19-04,Jumper,10,0.2,reward,3,49.0,10.0,0.20408163265306123
9tmz2gde,Jumper_10_roll_0_inner_0.2_pct_1_max_reward_seed_4_time_2026-04-02_12-19-33,Jumper,10,0.2,reward,4,167.0,0.0,0.0
y936c4kx,Jumper_10_roll_0_inner_0.2_pct_1_max_reward_seed_5_time_2026-04-02_12-20-53,Jumper,10,0.2,reward,5,1000.0,0.0,0.0
ez4z1ppo,Jumper_10_roll_0_inner_0.2_pct_1_max_reward_seed_6_time_2026-04-02_12-26-44,Jumper,10,0.2,reward,6,1000.0,0.0,0.0
u4zvap3y,Jumper_10_roll_0_inner_0.2_pct_1_max_reward_seed_7_time_2026-04-02_12-32-38,Jumper,10,0.2,reward,7,1000.0,0.0,0.0
fjhpqrxr,Jumper_10_roll_0_inner_0.2_pct_1_max_reward_seed_8_time_2026-04-02_12-38-31,Jumper,10,0.2,reward,8,75.0,10.0,0.13333333333333333
55ngo1gi,Jumper_10_roll_0_inner_0.2_pct_1_max_reward_seed_9_time_2026-04-02_12-39-03,Jumper,10,0.2,reward,9,41.0,0.0,0.0
yafn4i0r,Jumper_10_roll_0_inner_0.2_pct_1_max_value_seed_0_time_2026-03-31_12-56-42,Jumper,10,0.2,value,0,24.0,10.0,0.4166666666666667
tjw8bcpk,Jumper_10_roll_0_inner_0.2_pct_1_max_value_seed_1_time_2026-03-31_12-56-57,Jumper,10,0.2,value,1,6.0,0.0,0.0
hd0nkl0e,Jumper_10_roll_0_inner_0.2_pct_1_max_value_seed_2_time_2026-03-31_12-57-08,Jumper,10,0.2,value,2,90.0,0.0,0.0
tazcmnro,Jumper_10_roll_0_inner_0.2_pct_1_max_value_seed_3_time_2026-04-02_11-57-21,Jumper,10,0.2,value,3,49.0,10.0,0.20408163265306123
3h4ft7wp,Jumper_10_roll_0_inner_0.2_pct_1_max_value_seed_4_time_2026-04-02_11-57-52,Jumper,10,0.2,value,4,148.0,0.0,0.0
4v8sabb5,Jumper_10_roll_0_inner_0.2_pct_1_max_value_seed_5_time_2026-04-02_11-59-01,Jumper,10,0.2,value,5,1000.0,0.0,0.0
sm78pelv,Jumper_10_roll_0_inner_0.2_pct_1_max_value_seed_6_time_2026-04-02_12-05-47,Jumper,10,0.2,value,6,1000.0,0.0,0.0
40mr2tv9,Jumper_10_roll_0_inner_0.2_pct_1_max_value_seed_7_time_2026-04-02_12-11-50,Jumper,10,0.2,value,7,1000.0,0.0,0.0
iy9l3vbl,Jumper_10_roll_0_inner_0.2_pct_1_max_value_seed_8_time_2026-04-02_12-18-00,Jumper,10,0.2,value,8,100.0,10.0,0.1
soif9emh,Jumper_10_roll_0_inner_0.2_pct_1_max_value_seed_9_time_2026-04-02_12-18-47,Jumper,10,0.2,value,9,41.0,0.0,0.0
2lmfc199,Jumper_10_roll_0_inner_0.5_pct_1_max_reward_seed_0_time_2026-03-31_13-31-42,Jumper,10,0.5,reward,0,1000.0,0.0,0.0
0k1mkehi,Jumper_10_roll_0_inner_0.5_pct_1_max_reward_seed_1_time_2026-03-31_13-42-06,Jumper,10,0.5,reward,1,1000.0,0.0,0.0
niq28yje,Jumper_10_roll_0_inner_0.5_pct_1_max_reward_seed_2_time_2026-03-31_13-52-50,Jumper,10,0.5,reward,2,1000.0,0.0,0.0
2lqvancg,Jumper_10_roll_0_inner_0.5_pct_1_max_reward_seed_3_time_2026-04-02_13-07-01,Jumper,10,0.5,reward,3,12.0,10.0,0.8333333333333334
uaratl2w,Jumper_10_roll_0_inner_0.5_pct_1_max_reward_seed_4_time_2026-04-02_13-07-14,Jumper,10,0.5,reward,4,23.0,0.0,0.0
09pi8r0z,Jumper_10_roll_0_inner_0.5_pct_1_max_reward_seed_5_time_2026-04-02_13-07-37,Jumper,10,0.5,reward,5,168.0,0.0,0.0
6bbt8jea,Jumper_10_roll_0_inner_0.5_pct_1_max_reward_seed_6_time_2026-04-02_13-09-31,Jumper,10,0.5,reward,6,1000.0,0.0,0.0
hnkbs9ws,Jumper_10_roll_0_inner_0.5_pct_1_max_reward_seed_7_time_2026-04-02_13-20-13,Jumper,10,0.5,reward,7,1000.0,0.0,0.0
yiseac1r,Jumper_10_roll_0_inner_0.5_pct_1_max_reward_seed_8_time_2026-04-02_13-31-21,Jumper,10,0.5,reward,8,51.0,0.0,0.0
lu2d3qb4,Jumper_10_roll_0_inner_0.5_pct_1_max_reward_seed_9_time_2026-04-02_13-32-04,Jumper,10,0.5,reward,9,250.0,0.0,0.0
60az9yj4,Jumper_10_roll_0_inner_0.5_pct_1_max_value_seed_0_time_2026-03-31_12-59-28,Jumper,10,0.5,value,0,1000.0,0.0,0.0
6j186zx6,Jumper_10_roll_0_inner_0.5_pct_1_max_value_seed_1_time_2026-03-31_13-09-51,Jumper,10,0.5,value,1,1000.0,0.0,0.0
nc004pwk,Jumper_10_roll_0_inner_0.5_pct_1_max_value_seed_2_time_2026-03-31_13-20-31,Jumper,10,0.5,value,2,1000.0,0.0,0.0
9uzllex1,Jumper_10_roll_0_inner_0.5_pct_1_max_value_seed_3_time_2026-04-02_12-39-21,Jumper,10,0.5,value,3,12.0,10.0,0.8333333333333334
05ijod33,Jumper_10_roll_0_inner_0.5_pct_1_max_value_seed_4_time_2026-04-02_12-39-33,Jumper,10,0.5,value,4,23.0,0.0,0.0
uy189lbc,Jumper_10_roll_0_inner_0.5_pct_1_max_value_seed_5_time_2026-04-02_12-39-56,Jumper,10,0.5,value,5,168.0,0.0,0.0
4bs7mbf5,Jumper_10_roll_0_inner_0.5_pct_1_max_value_seed_6_time_2026-04-02_12-41-50,Jumper,10,0.5,value,6,1000.0,0.0,0.0
rr8vkqt1,Jumper_10_roll_0_inner_0.5_pct_1_max_value_seed_7_time_2026-04-02_12-52-28,Jumper,10,0.5,value,7,1000.0,0.0,0.0
8t9nyvdj,Jumper_10_roll_0_inner_0.5_pct_1_max_value_seed_8_time_2026-04-02_13-03-41,Jumper,10,0.5,value,8,51.0,0.0,0.0
lb3em4re,Jumper_10_roll_0_inner_0.5_pct_1_max_value_seed_9_time_2026-04-02_13-04-23,Jumper,10,0.5,value,9,250.0,0.0,0.0
qwv8p8c4,Leaper_5_roll_0_inner_0.05_pct_1_max_reward_seed_0_time_2026-03-31_14-05-49,Leaper,5,0.05,reward,0,197.0,10.0,0.050761421319796954
hbsfl1g9,Leaper_5_roll_0_inner_0.05_pct_1_max_reward_seed_1_time_2026-03-31_14-06-19,Leaper,5,0.05,reward,1,180.0,0.0,0.0
ovaxc26k,Leaper_5_roll_0_inner_0.05_pct_1_max_reward_seed_2_time_2026-03-31_14-06-47,Leaper,5,0.05,reward,2,33.0,0.0,0.0
hbmq3ngg,Leaper_5_roll_0_inner_0.05_pct_1_max_reward_seed_3_time_2026-04-02_13-37-24,Leaper,5,0.05,reward,3,175.0,10.0,0.05714285714285714
bozgjfvf,Leaper_5_roll_0_inner_0.05_pct_1_max_reward_seed_4_time_2026-04-02_13-37-42,Leaper,5,0.05,reward,4,194.0,0.0,0.0
9ru40snz,Leaper_5_roll_0_inner_0.05_pct_1_max_reward_seed_5_time_2026-04-02_13-38-05,Leaper,5,0.05,reward,5,287.0,0.0,0.0
5cfnebvi,Leaper_5_roll_0_inner_0.05_pct_1_max_reward_seed_6_time_2026-04-02_13-38-40,Leaper,5,0.05,reward,6,146.0,0.0,0.0
jqdwhxx4,Leaper_5_roll_0_inner_0.05_pct_1_max_reward_seed_7_time_2026-04-02_13-38-58,Leaper,5,0.05,reward,7,220.0,0.0,0.0
svgk5te7,Leaper_5_roll_0_inner_0.05_pct_1_max_reward_seed_8_time_2026-04-02_13-39-31,Leaper,5,0.05,reward,8,53.0,0.0,0.0
isltj5ko,Leaper_5_roll_0_inner_0.05_pct_1_max_reward_seed_9_time_2026-04-02_13-39-45,Leaper,5,0.05,reward,9,303.0,10.0,0.033003300330033
syy8en0u,Leaper_5_roll_0_inner_0.05_pct_1_max_value_seed_0_time_2026-03-31_14-04-03,Leaper,5,0.05,value,0,85.0,10.0,0.11764705882352941
523hfff4,Leaper_5_roll_0_inner_0.05_pct_1_max_value_seed_1_time_2026-03-31_14-04-20,Leaper,5,0.05,value,1,254.0,0.0,0.0
4tgmdhge,Leaper_5_roll_0_inner_0.05_pct_1_max_value_seed_2_time_2026-03-31_14-04-54,Leaper,5,0.05,value,2,490.0,0.0,0.0
6vbgkif5,Leaper_5_roll_0_inner_0.05_pct_1_max_value_seed_3_time_2026-04-02_13-34-41,Leaper,5,0.05,value,3,405.0,10.0,0.024691358024691357
uvhg57jg,Leaper_5_roll_0_inner_0.05_pct_1_max_value_seed_4_time_2026-04-02_13-35-24,Leaper,5,0.05,value,4,177.0,0.0,0.0
bxjbotl7,Leaper_5_roll_0_inner_0.05_pct_1_max_value_seed_5_time_2026-04-02_13-35-45,Leaper,5,0.05,value,5,52.0,0.0,0.0
yatrye0t,Leaper_5_roll_0_inner_0.05_pct_1_max_value_seed_6_time_2026-04-02_13-36-01,Leaper,5,0.05,value,6,146.0,0.0,0.0
k6xno29x,Leaper_5_roll_0_inner_0.05_pct_1_max_value_seed_7_time_2026-04-02_13-36-21,Leaper,5,0.05,value,7,229.0,0.0,0.0
lscb4zyu,Leaper_5_roll_0_inner_0.05_pct_1_max_value_seed_8_time_2026-04-02_13-36-51,Leaper,5,0.05,value,8,59.0,0.0,0.0
a23g3gcb,Leaper_5_roll_0_inner_0.05_pct_1_max_value_seed_9_time_2026-04-02_13-37-03,Leaper,5,0.05,value,9,158.0,10.0,0.06329113924050633
o4rdtmc9,Leaper_5_roll_0_inner_0.1_pct_1_max_reward_seed_0_time_2026-03-31_14-08-22,Leaper,5,0.1,reward,0,130.0,10.0,0.07692307692307693
qn2x6jle,Leaper_5_roll_0_inner_0.1_pct_1_max_reward_seed_1_time_2026-03-31_14-08-50,Leaper,5,0.1,reward,1,108.0,0.0,0.0
tbzya1b7,Leaper_5_roll_0_inner_0.1_pct_1_max_reward_seed_2_time_2026-03-31_14-09-10,Leaper,5,0.1,reward,2,112.0,0.0,0.0
ba77cco8,Leaper_5_roll_0_inner_0.1_pct_1_max_reward_seed_3_time_2026-04-02_13-44-26,Leaper,5,0.1,reward,3,239.0,10.0,0.04184100418410042
3ephv650,Leaper_5_roll_0_inner_0.1_pct_1_max_reward_seed_4_time_2026-04-02_13-45-07,Leaper,5,0.1,reward,4,140.0,0.0,0.0
g6w9xe4z,Leaper_5_roll_0_inner_0.1_pct_1_max_reward_seed_5_time_2026-04-02_13-45-30,Leaper,5,0.1,reward,5,39.0,0.0,0.0
av61haev,Leaper_5_roll_0_inner_0.1_pct_1_max_reward_seed_6_time_2026-04-02_13-45-46,Leaper,5,0.1,reward,6,153.0,0.0,0.0
lrvvjybh,Leaper_5_roll_0_inner_0.1_pct_1_max_reward_seed_7_time_2026-04-02_13-46-15,Leaper,5,0.1,reward,7,149.0,0.0,0.0
ejzl4l8p,Leaper_5_roll_0_inner_0.1_pct_1_max_reward_seed_8_time_2026-04-02_13-46-45,Leaper,5,0.1,reward,8,142.0,0.0,0.0
std5tna8,Leaper_5_roll_0_inner_0.1_pct_1_max_reward_seed_9_time_2026-04-02_13-47-13,Leaper,5,0.1,reward,9,95.0,10.0,0.10526315789473684
r38u62j2,Leaper_5_roll_0_inner_0.1_pct_1_max_value_seed_0_time_2026-03-31_14-07-01,Leaper,5,0.1,value,0,70.0,10.0,0.14285714285714285
icedbmr4,Leaper_5_roll_0_inner_0.1_pct_1_max_value_seed_1_time_2026-03-31_14-07-23,Leaper,5,0.1,value,1,157.0,0.0,0.0
81p453nx,Leaper_5_roll_0_inner_0.1_pct_1_max_value_seed_2_time_2026-03-31_14-07-54,Leaper,5,0.1,value,2,126.0,0.0,0.0
cb0rd404,Leaper_5_roll_0_inner_0.1_pct_1_max_value_seed_3_time_2026-04-02_13-40-24,Leaper,5,0.1,value,3,308.0,10.0,0.032467532467532464
bgwuxajs,Leaper_5_roll_0_inner_0.1_pct_1_max_value_seed_4_time_2026-04-02_13-41-03,Leaper,5,0.1,value,4,167.0,0.0,0.0
00v5td6k,Leaper_5_roll_0_inner_0.1_pct_1_max_value_seed_5_time_2026-04-02_13-41-37,Leaper,5,0.1,value,5,117.0,0.0,0.0
fn7jbz6f,Leaper_5_roll_0_inner_0.1_pct_1_max_value_seed_6_time_2026-04-02_13-41-59,Leaper,5,0.1,value,6,186.0,0.0,0.0
650s1n20,Leaper_5_roll_0_inner_0.1_pct_1_max_value_seed_7_time_2026-04-02_13-42-32,Leaper,5,0.1,value,7,134.0,0.0,0.0
hhom4y4w,Leaper_5_roll_0_inner_0.1_pct_1_max_value_seed_8_time_2026-04-02_13-42-56,Leaper,5,0.1,value,8,38.0,0.0,0.0
jbnbq7b5,Leaper_5_roll_0_inner_0.1_pct_1_max_value_seed_9_time_2026-04-02_13-43-12,Leaper,5,0.1,value,9,407.0,10.0,0.02457002457002457
yhzv3jzi,Leaper_5_roll_0_inner_0.2_pct_1_max_reward_seed_0_time_2026-03-31_14-11-27,Leaper,5,0.2,reward,0,353.0,10.0,0.028328611898016998
qxqj8v9d,Leaper_5_roll_0_inner_0.2_pct_1_max_reward_seed_1_time_2026-03-31_14-13-04,Leaper,5,0.2,reward,1,170.0,0.0,0.0
obe3ajdp,Leaper_5_roll_0_inner_0.2_pct_1_max_reward_seed_2_time_2026-03-31_14-13-49,Leaper,5,0.2,reward,2,82.0,0.0,0.0
th44bzzx,Leaper_5_roll_0_inner_0.2_pct_1_max_reward_seed_3_time_2026-04-02_13-54-41,Leaper,5,0.2,reward,3,129.0,10.0,0.07751937984496124
cio8kbqg,Leaper_5_roll_0_inner_0.2_pct_1_max_reward_seed_4_time_2026-04-02_13-55-19,Leaper,5,0.2,reward,4,385.0,0.0,0.0
8ej757yz,Leaper_5_roll_0_inner_0.2_pct_1_max_reward_seed_5_time_2026-04-02_13-57-07,Leaper,5,0.2,reward,5,46.0,0.0,0.0
pvi4ebaa,Leaper_5_roll_0_inner_0.2_pct_1_max_reward_seed_6_time_2026-04-02_13-57-32,Leaper,5,0.2,reward,6,323.0,0.0,0.0
7hcajhd9,Leaper_5_roll_0_inner_0.2_pct_1_max_reward_seed_7_time_2026-04-02_13-58-56,Leaper,5,0.2,reward,7,455.0,0.0,0.0
zckkg58u,Leaper_5_roll_0_inner_0.2_pct_1_max_reward_seed_8_time_2026-04-02_14-00-41,Leaper,5,0.2,reward,8,263.0,0.0,0.0
0z2z6xcv,Leaper_5_roll_0_inner_0.2_pct_1_max_reward_seed_9_time_2026-04-02_14-01-45,Leaper,5,0.2,reward,9,65.0,10.0,0.15384615384615385
fefw2a7c,Leaper_5_roll_0_inner_0.2_pct_1_max_value_seed_0_time_2026-03-31_14-09-38,Leaper,5,0.2,value,0,103.0,10.0,0.0970873786407767
z2k7udo4,Leaper_5_roll_0_inner_0.2_pct_1_max_value_seed_1_time_2026-03-31_14-10-16,Leaper,5,0.2,value,1,187.0,0.0,0.0
2x8a7pd7,Leaper_5_roll_0_inner_0.2_pct_1_max_value_seed_2_time_2026-03-31_14-10-57,Leaper,5,0.2,value,2,79.0,0.0,0.0
w7nelok3,Leaper_5_roll_0_inner_0.2_pct_1_max_value_seed_3_time_2026-04-02_13-47-37,Leaper,5,0.2,value,3,500.0,0.0,0.0
hgrag198,Leaper_5_roll_0_inner_0.2_pct_1_max_value_seed_4_time_2026-04-02_13-49-36,Leaper,5,0.2,value,4,250.0,0.0,0.0
m3vqc2x2,Leaper_5_roll_0_inner_0.2_pct_1_max_value_seed_5_time_2026-04-02_13-50-48,Leaper,5,0.2,value,5,104.0,0.0,0.0
4h8r6ity,Leaper_5_roll_0_inner_0.2_pct_1_max_value_seed_6_time_2026-04-02_13-51-15,Leaper,5,0.2,value,6,158.0,0.0,0.0
79kz37rq,Leaper_5_roll_0_inner_0.2_pct_1_max_value_seed_7_time_2026-04-02_13-51-52,Leaper,5,0.2,value,7,500.0,0.0,0.0
dbob6xbe,Leaper_5_roll_0_inner_0.2_pct_1_max_value_seed_8_time_2026-04-02_13-53-50,Leaper,5,0.2,value,8,41.0,0.0,0.0
xo6jhtum,Leaper_5_roll_0_inner_0.2_pct_1_max_value_seed_9_time_2026-04-02_13-54-10,Leaper,5,0.2,value,9,92.0,10.0,0.10869565217391304
vsg2ree1,Leaper_5_roll_0_inner_0.5_pct_1_max_reward_seed_0_time_2026-03-31_14-16-33,Leaper,5,0.5,reward,0,104.0,10.0,0.09615384615384616
811oi3ec,Leaper_5_roll_0_inner_0.5_pct_1_max_reward_seed_1_time_2026-03-31_14-17-30,Leaper,5,0.5,reward,1,109.0,0.0,0.0
m0f0ahqv,Leaper_5_roll_0_inner_0.5_pct_1_max_reward_seed_2_time_2026-03-31_14-18-30,Leaper,5,0.5,reward,2,76.0,0.0,0.0
tefm1f09,Leaper_5_roll_0_inner_0.5_pct_1_max_reward_seed_3_time_2026-04-02_14-10-42,Leaper,5,0.5,reward,3,126.0,10.0,0.07936507936507936
1g6nsyhj,Leaper_5_roll_0_inner_0.5_pct_1_max_reward_seed_4_time_2026-04-02_14-11-50,Leaper,5,0.5,reward,4,75.0,0.0,0.0
5313bsff,Leaper_5_roll_0_inner_0.5_pct_1_max_reward_seed_5_time_2026-04-02_14-12-37,Leaper,5,0.5,reward,5,18.0,0.0,0.0
pfs7seto,Leaper_5_roll_0_inner_0.5_pct_1_max_reward_seed_6_time_2026-04-02_14-12-56,Leaper,5,0.5,reward,6,165.0,0.0,0.0
ptns3cy9,Leaper_5_roll_0_inner_0.5_pct_1_max_reward_seed_7_time_2026-04-02_14-14-21,Leaper,5,0.5,reward,7,234.0,0.0,0.0
h9thx3y8,Leaper_5_roll_0_inner_0.5_pct_1_max_reward_seed_8_time_2026-04-02_14-16-30,Leaper,5,0.5,reward,8,39.0,0.0,0.0
524jik4g,Leaper_5_roll_0_inner_0.5_pct_1_max_reward_seed_9_time_2026-04-02_14-16-57,Leaper,5,0.5,reward,9,94.0,10.0,0.10638297872340426
ky7pv3ln,Leaper_5_roll_0_inner_0.5_pct_1_max_value_seed_0_time_2026-03-31_14-14-19,Leaper,5,0.5,value,0,59.0,10.0,0.1694915254237288
9rwt3rtx,Leaper_5_roll_0_inner_0.5_pct_1_max_value_seed_1_time_2026-03-31_14-14-53,Leaper,5,0.5,value,1,75.0,0.0,0.0
hudnqd4s,Leaper_5_roll_0_inner_0.5_pct_1_max_value_seed_2_time_2026-03-31_14-15-38,Leaper,5,0.5,value,2,92.0,0.0,0.0
al4o7zdn,Leaper_5_roll_0_inner_0.5_pct_1_max_value_seed_3_time_2026-04-02_14-02-09,Leaper,5,0.5,value,3,70.0,10.0,0.14285714285714285
jzgkw6j4,Leaper_5_roll_0_inner_0.5_pct_1_max_value_seed_4_time_2026-04-02_14-02-49,Leaper,5,0.5,value,4,20.0,0.0,0.0
rdxlvms3,Leaper_5_roll_0_inner_0.5_pct_1_max_value_seed_5_time_2026-04-02_14-03-06,Leaper,5,0.5,value,5,19.0,0.0,0.0
k6q6l5zx,Leaper_5_roll_0_inner_0.5_pct_1_max_value_seed_6_time_2026-04-02_14-03-27,Leaper,5,0.5,value,6,138.0,0.0,0.0
8wasy4fq,Leaper_5_roll_0_inner_0.5_pct_1_max_value_seed_7_time_2026-04-02_14-04-30,Leaper,5,0.5,value,7,270.0,0.0,0.0
ippur4bg,Leaper_5_roll_0_inner_0.5_pct_1_max_value_seed_8_time_2026-04-02_14-06-53,Leaper,5,0.5,value,8,39.0,0.0,0.0
8fw563z5,Leaper_5_roll_0_inner_0.5_pct_1_max_value_seed_9_time_2026-04-02_14-07-20,Leaper,5,0.5,value,9,399.0,10.0,0.02506265664160401
dqidxa1v,Leaper_5_roll_0_inner_1_pct_1_max_reward_seed_0_time_2026-04-11_17-31-52,Leaper,5,1.0,reward,0,277.0,10.0,0.036101083032490974
zo6pmrmy,Leaper_5_roll_0_inner_1_pct_1_max_reward_seed_1_time_2026-04-11_17-39-06,Leaper,5,1.0,reward,1,112.0,0.0,0.0
q74rs6uv,Leaper_5_roll_0_inner_1_pct_1_max_reward_seed_2_time_2026-04-11_17-42-03,Leaper,5,1.0,reward,2,65.0,0.0,0.0
sr6gds4n,Leaper_5_roll_0_inner_1_pct_1_max_reward_seed_3_time_2026-04-11_17-43-46,Leaper,5,1.0,reward,3,40.0,10.0,0.25
r37rndgq,Leaper_5_roll_0_inner_1_pct_1_max_reward_seed_4_time_2026-04-11_17-44-51,Leaper,5,1.0,reward,4,130.0,0.0,0.0
edtpqpj1,Leaper_5_roll_0_inner_1_pct_1_max_reward_seed_5_time_2026-04-11_17-48-18,Leaper,5,1.0,reward,5,26.0,0.0,0.0
amvt8kc4,Leaper_5_roll_0_inner_1_pct_1_max_reward_seed_6_time_2026-04-11_17-49-01,Leaper,5,1.0,reward,6,103.0,0.0,0.0
1532kinp,Leaper_5_roll_0_inner_1_pct_1_max_reward_seed_7_time_2026-04-11_17-51-46,Leaper,5,1.0,reward,7,210.0,0.0,0.0
r6rh6nxa,Leaper_5_roll_0_inner_1_pct_1_max_reward_seed_8_time_2026-04-11_17-57-20,Leaper,5,1.0,reward,8,25.0,0.0,0.0
hienwlg1,Leaper_5_roll_0_inner_1_pct_1_max_reward_seed_9_time_2026-04-11_17-58-01,Leaper,5,1.0,reward,9,21.0,10.0,0.47619047619047616
elfyd8h5,Leaper_5_roll_0_inner_1_pct_1_max_value_seed_0_time_2026-04-11_16-38-20,Leaper,5,1.0,value,0,144.0,10.0,0.06944444444444445
6u927rgl,Leaper_5_roll_0_inner_1_pct_1_max_value_seed_1_time_2026-04-11_16-42-10,Leaper,5,1.0,value,1,232.0,0.0,0.0
z4rw20t0,Leaper_5_roll_0_inner_1_pct_1_max_value_seed_2_time_2026-04-11_16-48-16,Leaper,5,1.0,value,2,123.0,0.0,0.0
gxu8nc74,Leaper_5_roll_0_inner_1_pct_1_max_value_seed_3_time_2026-04-11_16-51-33,Leaper,5,1.0,value,3,500.0,0.0,0.0
hrv3xmp6,Leaper_5_roll_0_inner_1_pct_1_max_value_seed_4_time_2026-04-11_17-04-34,Leaper,5,1.0,value,4,240.0,0.0,0.0
w5qjz7zk,Leaper_5_roll_0_inner_1_pct_1_max_value_seed_5_time_2026-04-11_17-10-56,Leaper,5,1.0,value,5,108.0,0.0,0.0
yhqgtaqw,Leaper_5_roll_0_inner_1_pct_1_max_value_seed_6_time_2026-04-11_17-13-50,Leaper,5,1.0,value,6,134.0,0.0,0.0
b5f5s6ez,Leaper_5_roll_0_inner_1_pct_1_max_value_seed_7_time_2026-04-11_17-17-25,Leaper,5,1.0,value,7,27.0,0.0,0.0
6yfqkntn,Leaper_5_roll_0_inner_1_pct_1_max_value_seed_8_time_2026-04-11_17-18-11,Leaper,5,1.0,value,8,25.0,0.0,0.0
3lauls3u,Leaper_5_roll_0_inner_1_pct_1_max_value_seed_9_time_2026-04-11_17-18-52,Leaper,5,1.0,value,9,500.0,0.0,0.0
89r8mmtg,Leaper_10_roll_0_inner_0.05_pct_1_max_reward_seed_0_time_2026-03-31_14-21-08,Leaper,10,0.05,reward,0,61.0,10.0,0.16393442622950818
4ddvzzdv,Leaper_10_roll_0_inner_0.05_pct_1_max_reward_seed_1_time_2026-03-31_14-21-21,Leaper,10,0.05,reward,1,157.0,0.0,0.0
66cywuiv,Leaper_10_roll_0_inner_0.05_pct_1_max_reward_seed_2_time_2026-03-31_14-21-46,Leaper,10,0.05,reward,2,124.0,0.0,0.0
6gb8mz9t,Leaper_10_roll_0_inner_0.05_pct_1_max_reward_seed_3_time_2026-04-02_14-22-43,Leaper,10,0.05,reward,3,274.0,10.0,0.0364963503649635
5684nyvq,Leaper_10_roll_0_inner_0.05_pct_1_max_reward_seed_4_time_2026-04-02_14-23-29,Leaper,10,0.05,reward,4,195.0,0.0,0.0
3hn6neon,Leaper_10_roll_0_inner_0.05_pct_1_max_reward_seed_5_time_2026-04-02_14-24-07,Leaper,10,0.05,reward,5,345.0,0.0,0.0
gaq4lpub,Leaper_10_roll_0_inner_0.05_pct_1_max_reward_seed_6_time_2026-04-02_14-24-59,Leaper,10,0.05,reward,6,82.0,0.0,0.0
dt4pu10o,Leaper_10_roll_0_inner_0.05_pct_1_max_reward_seed_7_time_2026-04-02_14-25-20,Leaper,10,0.05,reward,7,254.0,0.0,0.0
elwzovc7,Leaper_10_roll_0_inner_0.05_pct_1_max_reward_seed_8_time_2026-04-02_14-26-04,Leaper,10,0.05,reward,8,40.0,0.0,0.0
xoi8o11r,Leaper_10_roll_0_inner_0.05_pct_1_max_reward_seed_9_time_2026-04-02_14-26-16,Leaper,10,0.05,reward,9,245.0,10.0,0.04081632653061224
um1yfg8w,Leaper_10_roll_0_inner_0.05_pct_1_max_value_seed_0_time_2026-03-31_14-19-13,Leaper,10,0.05,value,0,167.0,10.0,0.059880239520958084
1h5eztmc,Leaper_10_roll_0_inner_0.05_pct_1_max_value_seed_1_time_2026-03-31_14-19-42,Leaper,10,0.05,value,1,184.0,0.0,0.0
ku7s5ydp,Leaper_10_roll_0_inner_0.05_pct_1_max_value_seed_2_time_2026-03-31_14-20-15,Leaper,10,0.05,value,2,265.0,0.0,0.0
0hzz6on4,Leaper_10_roll_0_inner_0.05_pct_1_max_value_seed_3_time_2026-04-02_14-17-45,Leaper,10,0.05,value,3,500.0,0.0,0.0
9w0n9iui,Leaper_10_roll_0_inner_0.05_pct_1_max_value_seed_4_time_2026-04-02_14-19-06,Leaper,10,0.05,value,4,236.0,0.0,0.0
koreaunq,Leaper_10_roll_0_inner_0.05_pct_1_max_value_seed_5_time_2026-04-02_14-19-49,Leaper,10,0.05,value,5,290.0,0.0,0.0
nvfxjyca,Leaper_10_roll_0_inner_0.05_pct_1_max_value_seed_6_time_2026-04-02_14-20-38,Leaper,10,0.05,value,6,81.0,0.0,0.0
57oyb16x,Leaper_10_roll_0_inner_0.05_pct_1_max_value_seed_7_time_2026-04-02_14-20-58,Leaper,10,0.05,value,7,39.0,0.0,0.0
m3vest3r,Leaper_10_roll_0_inner_0.05_pct_1_max_value_seed_8_time_2026-04-02_14-21-13,Leaper,10,0.05,value,8,135.0,0.0,0.0
y5175bd2,Leaper_10_roll_0_inner_0.05_pct_1_max_value_seed_9_time_2026-04-02_14-21-33,Leaper,10,0.05,value,9,498.0,10.0,0.020080321285140562
cparweep,Leaper_10_roll_0_inner_0.1_pct_1_max_reward_seed_0_time_2026-03-31_14-24-34,Leaper,10,0.1,reward,0,90.0,10.0,0.1111111111111111
4g1hjjc7,Leaper_10_roll_0_inner_0.1_pct_1_max_reward_seed_1_time_2026-03-31_14-24-58,Leaper,10,0.1,reward,1,186.0,0.0,0.0
7p7gfx5a,Leaper_10_roll_0_inner_0.1_pct_1_max_reward_seed_2_time_2026-03-31_14-25-35,Leaper,10,0.1,reward,2,113.0,0.0,0.0
gwzip8s9,Leaper_10_roll_0_inner_0.1_pct_1_max_reward_seed_3_time_2026-04-02_14-32-22,Leaper,10,0.1,reward,3,411.0,10.0,0.024330900243309004
8pqa3xg1,Leaper_10_roll_0_inner_0.1_pct_1_max_reward_seed_4_time_2026-04-02_14-34-00,Leaper,10,0.1,reward,4,32.0,0.0,0.0
53kskf0o,Leaper_10_roll_0_inner_0.1_pct_1_max_reward_seed_5_time_2026-04-02_14-34-17,Leaper,10,0.1,reward,5,97.0,0.0,0.0
ehkupvho,Leaper_10_roll_0_inner_0.1_pct_1_max_reward_seed_6_time_2026-04-02_14-34-51,Leaper,10,0.1,reward,6,260.0,0.0,0.0
02m3acv2,Leaper_10_roll_0_inner_0.1_pct_1_max_reward_seed_7_time_2026-04-02_14-36-02,Leaper,10,0.1,reward,7,270.0,0.0,0.0
cr975p1v,Leaper_10_roll_0_inner_0.1_pct_1_max_reward_seed_8_time_2026-04-02_14-37-06,Leaper,10,0.1,reward,8,125.0,0.0,0.0
vyf8xa7d,Leaper_10_roll_0_inner_0.1_pct_1_max_reward_seed_9_time_2026-04-02_14-37-49,Leaper,10,0.1,reward,9,189.0,10.0,0.05291005291005291
mczol4sy,Leaper_10_roll_0_inner_0.1_pct_1_max_value_seed_0_time_2026-03-31_14-22-13,Leaper,10,0.1,value,0,86.0,10.0,0.11627906976744186
d5vskhpj,Leaper_10_roll_0_inner_0.1_pct_1_max_value_seed_1_time_2026-03-31_14-22-42,Leaper,10,0.1,value,1,107.0,0.0,0.0
2y9bicok,Leaper_10_roll_0_inner_0.1_pct_1_max_value_seed_2_time_2026-03-31_14-23-12,Leaper,10,0.1,value,2,397.0,0.0,0.0
j9ev7ly3,Leaper_10_roll_0_inner_0.1_pct_1_max_value_seed_3_time_2026-04-02_14-26-59,Leaper,10,0.1,value,3,101.0,10.0,0.09900990099009901
c05j35c0,Leaper_10_roll_0_inner_0.1_pct_1_max_value_seed_4_time_2026-04-02_14-27-33,Leaper,10,0.1,value,4,46.0,0.0,0.0
e2vqndvf,Leaper_10_roll_0_inner_0.1_pct_1_max_value_seed_5_time_2026-04-02_14-27-49,Leaper,10,0.1,value,5,500.0,0.0,0.0
1njikii3,Leaper_10_roll_0_inner_0.1_pct_1_max_value_seed_6_time_2026-04-02_14-29-18,Leaper,10,0.1,value,6,174.0,0.0,0.0
hmcxat85,Leaper_10_roll_0_inner_0.1_pct_1_max_value_seed_7_time_2026-04-02_14-29-55,Leaper,10,0.1,value,7,172.0,0.0,0.0
c0xkxz45,Leaper_10_roll_0_inner_0.1_pct_1_max_value_seed_8_time_2026-04-02_14-30-42,Leaper,10,0.1,value,8,139.0,0.0,0.0
ne007ucw,Leaper_10_roll_0_inner_0.1_pct_1_max_value_seed_9_time_2026-04-02_14-31-27,Leaper,10,0.1,value,9,179.0,10.0,0.055865921787709494
0t9i0l7w,Leaper_10_roll_0_inner_0.2_pct_1_max_reward_seed_0_time_2026-03-31_14-28-06,Leaper,10,0.2,reward,0,500.0,0.0,0.0
b5slgoz8,Leaper_10_roll_0_inner_0.2_pct_1_max_reward_seed_1_time_2026-03-31_14-31-13,Leaper,10,0.2,reward,1,157.0,0.0,0.0
rj881mvy,Leaper_10_roll_0_inner_0.2_pct_1_max_reward_seed_2_time_2026-03-31_14-32-17,Leaper,10,0.2,reward,2,79.0,0.0,0.0
nnvu9ep8,Leaper_10_roll_0_inner_0.2_pct_1_max_reward_seed_3_time_2026-04-02_14-46-15,Leaper,10,0.2,reward,3,456.0,10.0,0.021929824561403508
emrkg93m,Leaper_10_roll_0_inner_0.2_pct_1_max_reward_seed_4_time_2026-04-02_14-49-11,Leaper,10,0.2,reward,4,19.0,0.0,0.0
intfp80l,Leaper_10_roll_0_inner_0.2_pct_1_max_reward_seed_5_time_2026-04-02_14-49-27,Leaper,10,0.2,reward,5,31.0,0.0,0.0
7ga3wtu8,Leaper_10_roll_0_inner_0.2_pct_1_max_reward_seed_6_time_2026-04-02_14-49-45,Leaper,10,0.2,reward,6,183.0,0.0,0.0
6ltlehpr,Leaper_10_roll_0_inner_0.2_pct_1_max_reward_seed_7_time_2026-04-02_14-50-50,Leaper,10,0.2,reward,7,219.0,0.0,0.0
917elxs3,Leaper_10_roll_0_inner_0.2_pct_1_max_reward_seed_8_time_2026-04-02_14-51-56,Leaper,10,0.2,reward,8,27.0,0.0,0.0
b4zhallc,Leaper_10_roll_0_inner_0.2_pct_1_max_reward_seed_9_time_2026-04-02_14-52-14,Leaper,10,0.2,reward,9,85.0,10.0,0.11764705882352941
dbghww54,Leaper_10_roll_0_inner_0.2_pct_1_max_value_seed_0_time_2026-03-31_14-25-59,Leaper,10,0.2,value,0,101.0,10.0,0.09900990099009901
q459smgy,Leaper_10_roll_0_inner_0.2_pct_1_max_value_seed_1_time_2026-03-31_14-26-39,Leaper,10,0.2,value,1,183.0,0.0,0.0
5ihtlb4s,Leaper_10_roll_0_inner_0.2_pct_1_max_value_seed_2_time_2026-03-31_14-27-33,Leaper,10,0.2,value,2,84.0,0.0,0.0
zdhl6ws3,Leaper_10_roll_0_inner_0.2_pct_1_max_value_seed_3_time_2026-04-02_14-38-40,Leaper,10,0.2,value,3,407.0,10.0,0.02457002457002457
73ioetnh,Leaper_10_roll_0_inner_0.2_pct_1_max_value_seed_4_time_2026-04-02_14-41-08,Leaper,10,0.2,value,4,270.0,0.0,0.0
7eve6o0s,Leaper_10_roll_0_inner_0.2_pct_1_max_value_seed_5_time_2026-04-02_14-42-59,Leaper,10,0.2,value,5,20.0,0.0,0.0
1ci68k52,Leaper_10_roll_0_inner_0.2_pct_1_max_value_seed_6_time_2026-04-02_14-43-19,Leaper,10,0.2,value,6,130.0,0.0,0.0
6oabgt9z,Leaper_10_roll_0_inner_0.2_pct_1_max_value_seed_7_time_2026-04-02_14-44-31,Leaper,10,0.2,value,7,38.0,0.0,0.0
6g3gij08,Leaper_10_roll_0_inner_0.2_pct_1_max_value_seed_8_time_2026-04-02_14-44-50,Leaper,10,0.2,value,8,119.0,0.0,0.0
bx38ukcg,Leaper_10_roll_0_inner_0.2_pct_1_max_value_seed_9_time_2026-04-02_14-45-43,Leaper,10,0.2,value,9,95.0,10.0,0.10526315789473684
peq6scup,Leaper_10_roll_0_inner_0.5_pct_1_max_reward_seed_0_time_2026-03-31_14-36-43,Leaper,10,0.5,reward,0,97.0,10.0,0.10309278350515463
p5e63u93,Leaper_10_roll_0_inner_0.5_pct_1_max_reward_seed_1_time_2026-03-31_14-37-57,Leaper,10,0.5,reward,1,182.0,0.0,0.0
bu8oafbi,Leaper_10_roll_0_inner_0.5_pct_1_max_reward_seed_2_time_2026-03-31_14-40-06,Leaper,10,0.5,reward,2,36.0,0.0,0.0
vdv3n39r,Leaper_10_roll_0_inner_0.5_pct_1_max_reward_seed_3_time_2026-04-02_15-05-08,Leaper,10,0.5,reward,3,131.0,10.0,0.07633587786259542
4a7zldnp,Leaper_10_roll_0_inner_0.5_pct_1_max_reward_seed_4_time_2026-04-02_15-06-43,Leaper,10,0.5,reward,4,28.0,0.0,0.0
huqpa2dj,Leaper_10_roll_0_inner_0.5_pct_1_max_reward_seed_5_time_2026-04-02_15-07-09,Leaper,10,0.5,reward,5,299.0,0.0,0.0
j6s3qq5r,Leaper_10_roll_0_inner_0.5_pct_1_max_reward_seed_6_time_2026-04-02_15-10-16,Leaper,10,0.5,reward,6,153.0,0.0,0.0
o7bmz6ev,Leaper_10_roll_0_inner_0.5_pct_1_max_reward_seed_7_time_2026-04-02_15-11-48,Leaper,10,0.5,reward,7,244.0,0.0,0.0
kc5fhgyl,Leaper_10_roll_0_inner_0.5_pct_1_max_reward_seed_8_time_2026-04-02_15-14-28,Leaper,10,0.5,reward,8,49.0,0.0,0.0
jaotn49c,Leaper_10_roll_0_inner_0.5_pct_1_max_reward_seed_9_time_2026-04-02_15-15-10,Leaper,10,0.5,reward,9,171.0,10.0,0.05847953216374269
rhdq8tq1,Leaper_10_roll_0_inner_0.5_pct_1_max_value_seed_0_time_2026-03-31_14-32-50,Leaper,10,0.5,value,0,97.0,10.0,0.10309278350515463
w35kwub5,Leaper_10_roll_0_inner_0.5_pct_1_max_value_seed_1_time_2026-03-31_14-34-05,Leaper,10,0.5,value,1,182.0,0.0,0.0
ta43czrd,Leaper_10_roll_0_inner_0.5_pct_1_max_value_seed_2_time_2026-03-31_14-36-12,Leaper,10,0.5,value,2,36.0,0.0,0.0
onqnqkqu,Leaper_10_roll_0_inner_0.5_pct_1_max_value_seed_3_time_2026-04-02_14-53-07,Leaper,10,0.5,value,3,131.0,10.0,0.07633587786259542
quzhm2ke,Leaper_10_roll_0_inner_0.5_pct_1_max_value_seed_4_time_2026-04-02_14-54-42,Leaper,10,0.5,value,4,28.0,0.0,0.0
kr7m8ch4,Leaper_10_roll_0_inner_0.5_pct_1_max_value_seed_5_time_2026-04-02_14-55-08,Leaper,10,0.5,value,5,299.0,0.0,0.0
4s192wwy,Leaper_10_roll_0_inner_0.5_pct_1_max_value_seed_6_time_2026-04-02_14-58-15,Leaper,10,0.5,value,6,153.0,0.0,0.0
78v7r3je,Leaper_10_roll_0_inner_0.5_pct_1_max_value_seed_7_time_2026-04-02_14-59-48,Leaper,10,0.5,value,7,244.0,0.0,0.0
cvul33rt,Leaper_10_roll_0_inner_0.5_pct_1_max_value_seed_8_time_2026-04-02_15-02-29,Leaper,10,0.5,value,8,49.0,0.0,0.0
c2bfzp6t,Leaper_10_roll_0_inner_0.5_pct_1_max_value_seed_9_time_2026-04-02_15-03-09,Leaper,10,0.5,value,9,171.0,10.0,0.05847953216374269
zuplrtmv,Maze_5_roll_0_inner_0.05_pct_1_max_reward_seed_0_time_2026-03-31_14-42-49,Maze,5,0.05,reward,0,500.0,0.0,0.0
5xosmpki,Maze_5_roll_0_inner_0.05_pct_1_max_reward_seed_1_time_2026-03-31_14-43-46,Maze,5,0.05,reward,1,500.0,0.0,0.0
z42zfe31,Maze_5_roll_0_inner_0.05_pct_1_max_reward_seed_2_time_2026-03-31_14-44-46,Maze,5,0.05,reward,2,59.0,10.0,0.1694915254237288
igyecg7i,Maze_5_roll_0_inner_0.05_pct_1_max_reward_seed_3_time_2026-04-02_15-23-40,Maze,5,0.05,reward,3,109.0,10.0,0.09174311926605505
q3rcndp9,Maze_5_roll_0_inner_0.05_pct_1_max_reward_seed_4_time_2026-04-02_15-24-04,Maze,5,0.05,reward,4,500.0,0.0,0.0
qp61mx35,Maze_5_roll_0_inner_0.05_pct_1_max_reward_seed_5_time_2026-04-02_15-25-18,Maze,5,0.05,reward,5,500.0,0.0,0.0
v1rr834u,Maze_5_roll_0_inner_0.05_pct_1_max_reward_seed_6_time_2026-04-02_15-26-11,Maze,5,0.05,reward,6,500.0,0.0,0.0
y3lqnqwu,Maze_5_roll_0_inner_0.05_pct_1_max_reward_seed_7_time_2026-04-02_15-27-12,Maze,5,0.05,reward,7,500.0,0.0,0.0
7c7qhhh5,Maze_5_roll_0_inner_0.05_pct_1_max_reward_seed_8_time_2026-04-02_15-28-20,Maze,5,0.05,reward,8,500.0,0.0,0.0
joypquc0,Maze_5_roll_0_inner_0.05_pct_1_max_reward_seed_9_time_2026-04-02_15-29-17,Maze,5,0.05,reward,9,500.0,0.0,0.0
o2zpei9f,Maze_5_roll_0_inner_0.05_pct_1_max_value_seed_0_time_2026-03-31_14-40-37,Maze,5,0.05,value,0,500.0,0.0,0.0
n2bdjyxn,Maze_5_roll_0_inner_0.05_pct_1_max_value_seed_1_time_2026-03-31_14-41-34,Maze,5,0.05,value,1,500.0,0.0,0.0
7yiy0t1w,Maze_5_roll_0_inner_0.05_pct_1_max_value_seed_2_time_2026-03-31_14-42-34,Maze,5,0.05,value,2,59.0,10.0,0.1694915254237288
2yy5tzu8,Maze_5_roll_0_inner_0.05_pct_1_max_value_seed_3_time_2026-04-02_15-17-07,Maze,5,0.05,value,3,109.0,10.0,0.09174311926605505
c4c6szx1,Maze_5_roll_0_inner_0.05_pct_1_max_value_seed_4_time_2026-04-02_15-17-30,Maze,5,0.05,value,4,500.0,0.0,0.0
ub5w0d0j,Maze_5_roll_0_inner_0.05_pct_1_max_value_seed_5_time_2026-04-02_15-18-45,Maze,5,0.05,value,5,500.0,0.0,0.0
t1rrqqww,Maze_5_roll_0_inner_0.05_pct_1_max_value_seed_6_time_2026-04-02_15-19-38,Maze,5,0.05,value,6,500.0,0.0,0.0
kmskfps6,Maze_5_roll_0_inner_0.05_pct_1_max_value_seed_7_time_2026-04-02_15-20-40,Maze,5,0.05,value,7,500.0,0.0,0.0
6mlww7ra,Maze_5_roll_0_inner_0.05_pct_1_max_value_seed_8_time_2026-04-02_15-21-47,Maze,5,0.05,value,8,500.0,0.0,0.0
io8xi4i4,Maze_5_roll_0_inner_0.05_pct_1_max_value_seed_9_time_2026-04-02_15-22-45,Maze,5,0.05,value,9,500.0,0.0,0.0
18nkp81w,Maze_5_roll_0_inner_0.1_pct_1_max_reward_seed_0_time_2026-03-31_14-47-51,Maze,5,0.1,reward,0,500.0,0.0,0.0
p6ods801,Maze_5_roll_0_inner_0.1_pct_1_max_reward_seed_1_time_2026-03-31_14-49-11,Maze,5,0.1,reward,1,500.0,0.0,0.0
kerd8992,Maze_5_roll_0_inner_0.1_pct_1_max_reward_seed_2_time_2026-03-31_14-50-28,Maze,5,0.1,reward,2,15.0,10.0,0.6666666666666666
ki34b0t2,Maze_5_roll_0_inner_0.1_pct_1_max_reward_seed_3_time_2026-04-02_15-38-55,Maze,5,0.1,reward,3,7.0,10.0,1.4285714285714286
4532ndkf,Maze_5_roll_0_inner_0.1_pct_1_max_reward_seed_4_time_2026-04-02_15-39-07,Maze,5,0.1,reward,4,500.0,0.0,0.0
z24prvu5,Maze_5_roll_0_inner_0.1_pct_1_max_reward_seed_5_time_2026-04-02_15-40-31,Maze,5,0.1,reward,5,500.0,0.0,0.0
ap07xjkg,Maze_5_roll_0_inner_0.1_pct_1_max_reward_seed_6_time_2026-04-02_15-42-03,Maze,5,0.1,reward,6,500.0,0.0,0.0
9iaeu4f6,Maze_5_roll_0_inner_0.1_pct_1_max_reward_seed_7_time_2026-04-02_15-43-31,Maze,5,0.1,reward,7,500.0,0.0,0.0
33bvpele,Maze_5_roll_0_inner_0.1_pct_1_max_reward_seed_8_time_2026-04-02_15-44-51,Maze,5,0.1,reward,8,500.0,0.0,0.0
yrx00ejo,Maze_5_roll_0_inner_0.1_pct_1_max_reward_seed_9_time_2026-04-02_15-46-12,Maze,5,0.1,reward,9,500.0,0.0,0.0
3zp8imvf,Maze_5_roll_0_inner_0.1_pct_1_max_value_seed_0_time_2026-03-31_14-45-01,Maze,5,0.1,value,0,500.0,0.0,0.0
34sw28br,Maze_5_roll_0_inner_0.1_pct_1_max_value_seed_1_time_2026-03-31_14-46-22,Maze,5,0.1,value,1,500.0,0.0,0.0
det5y39z,Maze_5_roll_0_inner_0.1_pct_1_max_value_seed_2_time_2026-03-31_14-47-39,Maze,5,0.1,value,2,15.0,10.0,0.6666666666666666
un8hw21n,Maze_5_roll_0_inner_0.1_pct_1_max_value_seed_3_time_2026-04-02_15-30-12,Maze,5,0.1,value,3,7.0,10.0,1.4285714285714286
6y2mbnm7,Maze_5_roll_0_inner_0.1_pct_1_max_value_seed_4_time_2026-04-02_15-30-24,Maze,5,0.1,value,4,500.0,0.0,0.0
9eno1ssq,Maze_5_roll_0_inner_0.1_pct_1_max_value_seed_5_time_2026-04-02_15-31-48,Maze,5,0.1,value,5,500.0,0.0,0.0
hvlf7h0r,Maze_5_roll_0_inner_0.1_pct_1_max_value_seed_6_time_2026-04-02_15-33-21,Maze,5,0.1,value,6,500.0,0.0,0.0
43n902db,Maze_5_roll_0_inner_0.1_pct_1_max_value_seed_7_time_2026-04-02_15-34-50,Maze,5,0.1,value,7,500.0,0.0,0.0
v04rz9bl,Maze_5_roll_0_inner_0.1_pct_1_max_value_seed_8_time_2026-04-02_15-36-09,Maze,5,0.1,value,8,500.0,0.0,0.0
fg62ljr7,Maze_5_roll_0_inner_0.1_pct_1_max_value_seed_9_time_2026-04-02_15-37-31,Maze,5,0.1,value,9,500.0,0.0,0.0
l1r8tx6k,Maze_5_roll_0_inner_0.2_pct_1_max_reward_seed_0_time_2026-03-31_14-55-24,Maze,5,0.2,reward,0,500.0,0.0,0.0
04odf6ql,Maze_5_roll_0_inner_0.2_pct_1_max_reward_seed_1_time_2026-03-31_14-57-38,Maze,5,0.2,reward,1,500.0,0.0,0.0
x9u1ywsx,Maze_5_roll_0_inner_0.2_pct_1_max_reward_seed_2_time_2026-03-31_14-59-58,Maze,5,0.2,reward,2,7.0,10.0,1.4285714285714286
8jgygjc4,Maze_5_roll_0_inner_0.2_pct_1_max_reward_seed_3_time_2026-04-02_16-00-53,Maze,5,0.2,reward,3,33.0,10.0,0.30303030303030304
siq5acd3,Maze_5_roll_0_inner_0.2_pct_1_max_reward_seed_4_time_2026-04-02_16-01-13,Maze,5,0.2,reward,4,500.0,0.0,0.0
p5nux3vj,Maze_5_roll_0_inner_0.2_pct_1_max_reward_seed_5_time_2026-04-02_16-03-17,Maze,5,0.2,reward,5,500.0,0.0,0.0
1m8cigav,Maze_5_roll_0_inner_0.2_pct_1_max_reward_seed_6_time_2026-04-02_16-05-37,Maze,5,0.2,reward,6,500.0,0.0,0.0
vfaut6ui,Maze_5_roll_0_inner_0.2_pct_1_max_reward_seed_7_time_2026-04-02_16-07-48,Maze,5,0.2,reward,7,500.0,0.0,0.0
jvr69dbi,Maze_5_roll_0_inner_0.2_pct_1_max_reward_seed_8_time_2026-04-02_16-09-50,Maze,5,0.2,reward,8,500.0,0.0,0.0
r245wwfb,Maze_5_roll_0_inner_0.2_pct_1_max_reward_seed_9_time_2026-04-02_16-11-54,Maze,5,0.2,reward,9,500.0,0.0,0.0
tojy91t7,Maze_5_roll_0_inner_0.2_pct_1_max_value_seed_0_time_2026-03-31_14-50-40,Maze,5,0.2,value,0,500.0,0.0,0.0
qc3o3vl0,Maze_5_roll_0_inner_0.2_pct_1_max_value_seed_1_time_2026-03-31_14-52-54,Maze,5,0.2,value,1,500.0,0.0,0.0
6pfvow36,Maze_5_roll_0_inner_0.2_pct_1_max_value_seed_2_time_2026-03-31_14-55-13,Maze,5,0.2,value,2,7.0,10.0,1.4285714285714286
cf0aorx6,Maze_5_roll_0_inner_0.2_pct_1_max_value_seed_3_time_2026-04-02_15-47-37,Maze,5,0.2,value,3,33.0,10.0,0.30303030303030304
w8l1cv75,Maze_5_roll_0_inner_0.2_pct_1_max_value_seed_4_time_2026-04-02_15-47-57,Maze,5,0.2,value,4,500.0,0.0,0.0
a9mk01nt,Maze_5_roll_0_inner_0.2_pct_1_max_value_seed_5_time_2026-04-02_15-49-59,Maze,5,0.2,value,5,500.0,0.0,0.0
7opicigc,Maze_5_roll_0_inner_0.2_pct_1_max_value_seed_6_time_2026-04-02_15-52-18,Maze,5,0.2,value,6,500.0,0.0,0.0
ujrxbdzf,Maze_5_roll_0_inner_0.2_pct_1_max_value_seed_7_time_2026-04-02_15-54-28,Maze,5,0.2,value,7,500.0,0.0,0.0
v0y0qucv,Maze_5_roll_0_inner_0.2_pct_1_max_value_seed_8_time_2026-04-02_15-56-29,Maze,5,0.2,value,8,500.0,0.0,0.0
uzxdld42,Maze_5_roll_0_inner_0.2_pct_1_max_value_seed_9_time_2026-04-02_15-58-35,Maze,5,0.2,value,9,500.0,0.0,0.0
krw9t308,Maze_5_roll_0_inner_0.5_pct_1_max_reward_seed_0_time_2026-03-31_15-09-15,Maze,5,0.5,reward,0,500.0,0.0,0.0
s00zio02,Maze_5_roll_0_inner_0.5_pct_1_max_reward_seed_1_time_2026-03-31_15-13-51,Maze,5,0.5,reward,1,500.0,0.0,0.0
trqc88f7,Maze_5_roll_0_inner_0.5_pct_1_max_reward_seed_2_time_2026-03-31_15-18-02,Maze,5,0.5,reward,2,15.0,10.0,0.6666666666666666
9d23paxs,Maze_5_roll_0_inner_0.5_pct_1_max_reward_seed_3_time_2026-04-02_16-40-36,Maze,5,0.5,reward,3,5.0,10.0,2.0
dw5o33uq,Maze_5_roll_0_inner_0.5_pct_1_max_reward_seed_4_time_2026-04-02_16-40-47,Maze,5,0.5,reward,4,500.0,0.0,0.0
2ij8fksf,Maze_5_roll_0_inner_0.5_pct_1_max_reward_seed_5_time_2026-04-02_16-45-21,Maze,5,0.5,reward,5,500.0,0.0,0.0
hwkk9v26,Maze_5_roll_0_inner_0.5_pct_1_max_reward_seed_6_time_2026-04-02_16-49-33,Maze,5,0.5,reward,6,500.0,0.0,0.0
4rklfaad,Maze_5_roll_0_inner_0.5_pct_1_max_reward_seed_7_time_2026-04-02_16-53-33,Maze,5,0.5,reward,7,500.0,0.0,0.0
g3i0t7eh,Maze_5_roll_0_inner_0.5_pct_1_max_reward_seed_8_time_2026-04-02_16-58-00,Maze,5,0.5,reward,8,500.0,0.0,0.0
yyj0lr9w,Maze_5_roll_0_inner_0.5_pct_1_max_reward_seed_9_time_2026-04-02_17-02-25,Maze,5,0.5,reward,9,500.0,0.0,0.0
2zzrun7u,Maze_5_roll_0_inner_0.5_pct_1_max_value_seed_0_time_2026-03-31_15-00-10,Maze,5,0.5,value,0,500.0,0.0,0.0
codu7bik,Maze_5_roll_0_inner_0.5_pct_1_max_value_seed_1_time_2026-03-31_15-04-46,Maze,5,0.5,value,1,500.0,0.0,0.0
vh18xf9i,Maze_5_roll_0_inner_0.5_pct_1_max_value_seed_2_time_2026-03-31_15-08-58,Maze,5,0.5,value,2,15.0,10.0,0.6666666666666666
j6i0bg51,Maze_5_roll_0_inner_0.5_pct_1_max_value_seed_3_time_2026-04-02_16-14-14,Maze,5,0.5,value,3,5.0,10.0,2.0
z5j36nkt,Maze_5_roll_0_inner_0.5_pct_1_max_value_seed_4_time_2026-04-02_16-14-24,Maze,5,0.5,value,4,500.0,0.0,0.0
ofjifma4,Maze_5_roll_0_inner_0.5_pct_1_max_value_seed_5_time_2026-04-02_16-18-53,Maze,5,0.5,value,5,500.0,0.0,0.0
47f4i6np,Maze_5_roll_0_inner_0.5_pct_1_max_value_seed_6_time_2026-04-02_16-23-06,Maze,5,0.5,value,6,500.0,0.0,0.0
ldgb8im4,Maze_5_roll_0_inner_0.5_pct_1_max_value_seed_7_time_2026-04-02_16-27-08,Maze,5,0.5,value,7,500.0,0.0,0.0
cizhvlr8,Maze_5_roll_0_inner_0.5_pct_1_max_value_seed_8_time_2026-04-02_16-31-37,Maze,5,0.5,value,8,500.0,0.0,0.0
7ba8dh92,Maze_5_roll_0_inner_0.5_pct_1_max_value_seed_9_time_2026-04-02_16-36-03,Maze,5,0.5,value,9,500.0,0.0,0.0
9jtyvw00,Maze_5_roll_0_inner_1_pct_1_max_reward_seed_0_time_2026-04-11_19-16-46,Maze,5,1.0,reward,0,500.0,0.0,0.0
wi6n0mom,Maze_5_roll_0_inner_1_pct_1_max_reward_seed_1_time_2026-04-11_19-29-57,Maze,5,1.0,reward,1,82.0,10.0,0.12195121951219512
dbfg7bzl,Maze_5_roll_0_inner_1_pct_1_max_reward_seed_2_time_2026-04-11_19-32-09,Maze,5,1.0,reward,2,5.0,10.0,2.0
h4m5jt9a,Maze_5_roll_0_inner_1_pct_1_max_reward_seed_3_time_2026-04-11_19-32-21,Maze,5,1.0,reward,3,30.0,10.0,0.3333333333333333
ns839wy0,Maze_5_roll_0_inner_1_pct_1_max_reward_seed_4_time_2026-04-11_19-33-12,Maze,5,1.0,reward,4,75.0,10.0,0.13333333333333333
tjb8alrq,Maze_5_roll_0_inner_1_pct_1_max_reward_seed_5_time_2026-04-11_19-35-13,Maze,5,1.0,reward,5,270.0,10.0,0.037037037037037035
69lnyjh2,Maze_5_roll_0_inner_1_pct_1_max_reward_seed_6_time_2026-04-11_19-42-24,Maze,5,1.0,reward,6,500.0,0.0,0.0
exfzhsuw,Maze_5_roll_0_inner_1_pct_1_max_reward_seed_7_time_2026-04-11_19-55-28,Maze,5,1.0,reward,7,500.0,0.0,0.0
1gebgrbs,Maze_5_roll_0_inner_1_pct_1_max_reward_seed_8_time_2026-04-11_20-08-33,Maze,5,1.0,reward,8,500.0,0.0,0.0
s4hzs5sg,Maze_5_roll_0_inner_1_pct_1_max_reward_seed_9_time_2026-04-11_20-21-38,Maze,5,1.0,reward,9,500.0,0.0,0.0
nnxu0bfc,Maze_5_roll_0_inner_1_pct_1_max_value_seed_0_time_2026-04-11_17-58-36,Maze,5,1.0,value,0,500.0,0.0,0.0
ettwm3xk,Maze_5_roll_0_inner_1_pct_1_max_value_seed_1_time_2026-04-11_18-11-48,Maze,5,1.0,value,1,82.0,10.0,0.12195121951219512
v6kgxc7x,Maze_5_roll_0_inner_1_pct_1_max_value_seed_2_time_2026-04-11_18-14-00,Maze,5,1.0,value,2,5.0,10.0,2.0
80cmcj65,Maze_5_roll_0_inner_1_pct_1_max_value_seed_3_time_2026-04-11_18-14-12,Maze,5,1.0,value,3,30.0,10.0,0.3333333333333333
aq1uu9su,Maze_5_roll_0_inner_1_pct_1_max_value_seed_4_time_2026-04-11_18-15-03,Maze,5,1.0,value,4,75.0,10.0,0.13333333333333333
jbmer0tj,Maze_5_roll_0_inner_1_pct_1_max_value_seed_5_time_2026-04-11_18-17-06,Maze,5,1.0,value,5,270.0,10.0,0.037037037037037035
5p69178f,Maze_5_roll_0_inner_1_pct_1_max_value_seed_6_time_2026-04-11_18-24-22,Maze,5,1.0,value,6,500.0,0.0,0.0
hzcbug9d,Maze_5_roll_0_inner_1_pct_1_max_value_seed_7_time_2026-04-11_18-37-34,Maze,5,1.0,value,7,500.0,0.0,0.0
inuk4uw2,Maze_5_roll_0_inner_1_pct_1_max_value_seed_8_time_2026-04-11_18-50-39,Maze,5,1.0,value,8,500.0,0.0,0.0
dbcrki8b,Maze_5_roll_0_inner_1_pct_1_max_value_seed_9_time_2026-04-11_19-03-38,Maze,5,1.0,value,9,500.0,0.0,0.0
0ew9wovy,Maze_10_roll_0_inner_0.05_pct_1_max_reward_seed_0_time_2026-03-31_15-21-18,Maze,10,0.05,reward,0,500.0,0.0,0.0
kw9rqarv,Maze_10_roll_0_inner_0.05_pct_1_max_reward_seed_1_time_2026-03-31_15-22-46,Maze,10,0.05,reward,1,500.0,0.0,0.0
b4xfh683,Maze_10_roll_0_inner_0.05_pct_1_max_reward_seed_2_time_2026-03-31_15-24-03,Maze,10,0.05,reward,2,19.0,10.0,0.5263157894736842
1cg1tpqu,Maze_10_roll_0_inner_0.05_pct_1_max_reward_seed_3_time_2026-04-02_17-15-38,Maze,10,0.05,reward,3,52.0,10.0,0.19230769230769232
e1xd9xi4,Maze_10_roll_0_inner_0.05_pct_1_max_reward_seed_4_time_2026-04-02_17-16-04,Maze,10,0.05,reward,4,500.0,0.0,0.0
2pn00jtl,Maze_10_roll_0_inner_0.05_pct_1_max_reward_seed_5_time_2026-04-02_17-17-43,Maze,10,0.05,reward,5,500.0,0.0,0.0
qj3xwmxk,Maze_10_roll_0_inner_0.05_pct_1_max_reward_seed_6_time_2026-04-02_17-18-59,Maze,10,0.05,reward,6,500.0,0.0,0.0
a58w6uik,Maze_10_roll_0_inner_0.05_pct_1_max_reward_seed_7_time_2026-04-02_17-20-15,Maze,10,0.05,reward,7,500.0,0.0,0.0
no6xlwro,Maze_10_roll_0_inner_0.05_pct_1_max_reward_seed_8_time_2026-04-02_17-21-27,Maze,10,0.05,reward,8,500.0,0.0,0.0
mgq602c0,Maze_10_roll_0_inner_0.05_pct_1_max_reward_seed_9_time_2026-04-02_17-22-56,Maze,10,0.05,reward,9,500.0,0.0,0.0
o7ddvc0c,Maze_10_roll_0_inner_0.05_pct_1_max_value_seed_0_time_2026-03-31_15-18-19,Maze,10,0.05,value,0,500.0,0.0,0.0
wfly7mhy,Maze_10_roll_0_inner_0.05_pct_1_max_value_seed_1_time_2026-03-31_15-19-47,Maze,10,0.05,value,1,500.0,0.0,0.0
p0e1hjaa,Maze_10_roll_0_inner_0.05_pct_1_max_value_seed_2_time_2026-03-31_15-21-05,Maze,10,0.05,value,2,19.0,10.0,0.5263157894736842
46trh7ma,Maze_10_roll_0_inner_0.05_pct_1_max_value_seed_3_time_2026-04-02_17-06-57,Maze,10,0.05,value,3,52.0,10.0,0.19230769230769232
jhf9hc1g,Maze_10_roll_0_inner_0.05_pct_1_max_value_seed_4_time_2026-04-02_17-07-23,Maze,10,0.05,value,4,500.0,0.0,0.0
ci913s07,Maze_10_roll_0_inner_0.05_pct_1_max_value_seed_5_time_2026-04-02_17-09-02,Maze,10,0.05,value,5,500.0,0.0,0.0
u7tpgofz,Maze_10_roll_0_inner_0.05_pct_1_max_value_seed_6_time_2026-04-02_17-10-18,Maze,10,0.05,value,6,500.0,0.0,0.0
3kirqmbm,Maze_10_roll_0_inner_0.05_pct_1_max_value_seed_7_time_2026-04-02_17-11-32,Maze,10,0.05,value,7,500.0,0.0,0.0
5e2h50gi,Maze_10_roll_0_inner_0.05_pct_1_max_value_seed_8_time_2026-04-02_17-12-44,Maze,10,0.05,value,8,500.0,0.0,0.0
aj3jkgak,Maze_10_roll_0_inner_0.05_pct_1_max_value_seed_9_time_2026-04-02_17-14-13,Maze,10,0.05,value,9,500.0,0.0,0.0
ws3ggfgf,Maze_10_roll_0_inner_0.1_pct_1_max_reward_seed_0_time_2026-03-31_15-27-55,Maze,10,0.1,reward,0,500.0,0.0,0.0
gs7215oc,Maze_10_roll_0_inner_0.1_pct_1_max_reward_seed_1_time_2026-03-31_15-29-37,Maze,10,0.1,reward,1,500.0,0.0,0.0
2zmsw0g9,Maze_10_roll_0_inner_0.1_pct_1_max_reward_seed_2_time_2026-03-31_15-31-23,Maze,10,0.1,reward,2,16.0,10.0,0.625
hpr6nn5c,Maze_10_roll_0_inner_0.1_pct_1_max_reward_seed_3_time_2026-04-02_17-36-36,Maze,10,0.1,reward,3,71.0,10.0,0.14084507042253522
l4epabmq,Maze_10_roll_0_inner_0.1_pct_1_max_reward_seed_4_time_2026-04-02_17-37-07,Maze,10,0.1,reward,4,500.0,0.0,0.0
qzg80fp2,Maze_10_roll_0_inner_0.1_pct_1_max_reward_seed_5_time_2026-04-02_17-38-45,Maze,10,0.1,reward,5,500.0,0.0,0.0
qax5gtas,Maze_10_roll_0_inner_0.1_pct_1_max_reward_seed_6_time_2026-04-02_17-41-11,Maze,10,0.1,reward,6,500.0,0.0,0.0
ifv1yv79,Maze_10_roll_0_inner_0.1_pct_1_max_reward_seed_7_time_2026-04-02_17-43-11,Maze,10,0.1,reward,7,500.0,0.0,0.0
mnpen0gr,Maze_10_roll_0_inner_0.1_pct_1_max_reward_seed_8_time_2026-04-02_17-45-14,Maze,10,0.1,reward,8,500.0,0.0,0.0
59lwopa7,Maze_10_roll_0_inner_0.1_pct_1_max_reward_seed_9_time_2026-04-02_17-47-23,Maze,10,0.1,reward,9,500.0,0.0,0.0
p44d3ihz,Maze_10_roll_0_inner_0.1_pct_1_max_value_seed_0_time_2026-03-31_15-24-17,Maze,10,0.1,value,0,500.0,0.0,0.0
yazife65,Maze_10_roll_0_inner_0.1_pct_1_max_value_seed_1_time_2026-03-31_15-25-57,Maze,10,0.1,value,1,500.0,0.0,0.0
1econ660,Maze_10_roll_0_inner_0.1_pct_1_max_value_seed_2_time_2026-03-31_15-27-43,Maze,10,0.1,value,2,16.0,10.0,0.625
31t27p9m,Maze_10_roll_0_inner_0.1_pct_1_max_value_seed_3_time_2026-04-02_17-24-20,Maze,10,0.1,value,3,71.0,10.0,0.14084507042253522
sgb0y1hy,Maze_10_roll_0_inner_0.1_pct_1_max_value_seed_4_time_2026-04-02_17-24-49,Maze,10,0.1,value,4,500.0,0.0,0.0
zi31rgzc,Maze_10_roll_0_inner_0.1_pct_1_max_value_seed_5_time_2026-04-02_17-26-28,Maze,10,0.1,value,5,500.0,0.0,0.0
bgnb2de7,Maze_10_roll_0_inner_0.1_pct_1_max_value_seed_6_time_2026-04-02_17-28-55,Maze,10,0.1,value,6,500.0,0.0,0.0
lyuqe56t,Maze_10_roll_0_inner_0.1_pct_1_max_value_seed_7_time_2026-04-02_17-30-55,Maze,10,0.1,value,7,500.0,0.0,0.0
1xncoe9t,Maze_10_roll_0_inner_0.1_pct_1_max_value_seed_8_time_2026-04-02_17-32-58,Maze,10,0.1,value,8,500.0,0.0,0.0
8nrjsg42,Maze_10_roll_0_inner_0.1_pct_1_max_value_seed_9_time_2026-04-02_17-35-08,Maze,10,0.1,value,9,500.0,0.0,0.0
zbpqn0jr,Maze_10_roll_0_inner_0.2_pct_1_max_reward_seed_0_time_2026-03-31_15-37-39,Maze,10,0.2,reward,0,500.0,0.0,0.0
y5qxjun6,Maze_10_roll_0_inner_0.2_pct_1_max_reward_seed_1_time_2026-03-31_15-40-46,Maze,10,0.2,reward,1,500.0,0.0,0.0
9y5pn2pl,Maze_10_roll_0_inner_0.2_pct_1_max_reward_seed_2_time_2026-03-31_15-43-26,Maze,10,0.2,reward,2,17.0,10.0,0.5882352941176471
0erg1pgg,Maze_10_roll_0_inner_0.2_pct_1_max_reward_seed_3_time_2026-04-02_18-08-10,Maze,10,0.2,reward,3,5.0,10.0,2.0
8btvjpo4,Maze_10_roll_0_inner_0.2_pct_1_max_reward_seed_4_time_2026-04-02_18-08-21,Maze,10,0.2,reward,4,500.0,0.0,0.0
duhjxdvu,Maze_10_roll_0_inner_0.2_pct_1_max_reward_seed_5_time_2026-04-02_18-11-52,Maze,10,0.2,reward,5,500.0,0.0,0.0
6usgcmqq,Maze_10_roll_0_inner_0.2_pct_1_max_reward_seed_6_time_2026-04-02_18-14-36,Maze,10,0.2,reward,6,500.0,0.0,0.0
2j1m600b,Maze_10_roll_0_inner_0.2_pct_1_max_reward_seed_7_time_2026-04-02_18-18-06,Maze,10,0.2,reward,7,500.0,0.0,0.0
un61bgzj,Maze_10_roll_0_inner_0.2_pct_1_max_reward_seed_8_time_2026-04-02_18-20-52,Maze,10,0.2,reward,8,500.0,0.0,0.0
7bd8k7xm,Maze_10_roll_0_inner_0.2_pct_1_max_reward_seed_9_time_2026-04-02_18-23-59,Maze,10,0.2,reward,9,500.0,0.0,0.0
3bdfoidk,Maze_10_roll_0_inner_0.2_pct_1_max_value_seed_0_time_2026-03-31_15-31-35,Maze,10,0.2,value,0,500.0,0.0,0.0
jwu19of5,Maze_10_roll_0_inner_0.2_pct_1_max_value_seed_1_time_2026-03-31_15-34-42,Maze,10,0.2,value,1,500.0,0.0,0.0
tyabocjk,Maze_10_roll_0_inner_0.2_pct_1_max_value_seed_2_time_2026-03-31_15-37-19,Maze,10,0.2,value,2,17.0,10.0,0.5882352941176471
8qz6h99u,Maze_10_roll_0_inner_0.2_pct_1_max_value_seed_3_time_2026-04-02_17-48-51,Maze,10,0.2,value,3,5.0,10.0,2.0
ojbu7wf1,Maze_10_roll_0_inner_0.2_pct_1_max_value_seed_4_time_2026-04-02_17-49-02,Maze,10,0.2,value,4,500.0,0.0,0.0
rarixx8b,Maze_10_roll_0_inner_0.2_pct_1_max_value_seed_5_time_2026-04-02_17-52-37,Maze,10,0.2,value,5,500.0,0.0,0.0
1f0mls3p,Maze_10_roll_0_inner_0.2_pct_1_max_value_seed_6_time_2026-04-02_17-55-19,Maze,10,0.2,value,6,500.0,0.0,0.0
o7i3du2c,Maze_10_roll_0_inner_0.2_pct_1_max_value_seed_7_time_2026-04-02_17-58-50,Maze,10,0.2,value,7,500.0,0.0,0.0
hfzcta07,Maze_10_roll_0_inner_0.2_pct_1_max_value_seed_8_time_2026-04-02_18-01-35,Maze,10,0.2,value,8,500.0,0.0,0.0
lk7p24ut,Maze_10_roll_0_inner_0.2_pct_1_max_value_seed_9_time_2026-04-02_18-04-43,Maze,10,0.2,value,9,500.0,0.0,0.0
2798tikq,Maze_10_roll_0_inner_0.5_pct_1_max_reward_seed_0_time_2026-03-31_15-59-13,Maze,10,0.5,reward,0,500.0,0.0,0.0
o6yxmpm8,Maze_10_roll_0_inner_0.5_pct_1_max_reward_seed_1_time_2026-03-31_16-04-40,Maze,10,0.5,reward,1,500.0,0.0,0.0
t2ith9hc,Maze_10_roll_0_inner_0.5_pct_1_max_reward_seed_2_time_2026-03-31_16-10-03,Maze,10,0.5,reward,2,433.0,10.0,0.023094688221709007
9fu7c6zp,Maze_10_roll_0_inner_0.5_pct_1_max_reward_seed_3_time_2026-04-02_18-59-41,Maze,10,0.5,reward,3,6.0,10.0,1.6666666666666667
1pgnk0tb,Maze_10_roll_0_inner_0.5_pct_1_max_reward_seed_4_time_2026-04-02_18-59-53,Maze,10,0.5,reward,4,500.0,0.0,0.0
20pbqkvv,Maze_10_roll_0_inner_0.5_pct_1_max_reward_seed_5_time_2026-04-02_19-05-11,Maze,10,0.5,reward,5,500.0,0.0,0.0
ns762tqr,Maze_10_roll_0_inner_0.5_pct_1_max_reward_seed_6_time_2026-04-02_19-10-40,Maze,10,0.5,reward,6,500.0,0.0,0.0
wyuaejms,Maze_10_roll_0_inner_0.5_pct_1_max_reward_seed_7_time_2026-04-02_19-16-09,Maze,10,0.5,reward,7,500.0,0.0,0.0
drk68swy,Maze_10_roll_0_inner_0.5_pct_1_max_reward_seed_8_time_2026-04-02_19-21-37,Maze,10,0.5,reward,8,500.0,0.0,0.0
ee9bxyji,Maze_10_roll_0_inner_0.5_pct_1_max_reward_seed_9_time_2026-04-02_19-27-07,Maze,10,0.5,reward,9,500.0,0.0,0.0
anrf7o3s,Maze_10_roll_0_inner_0.5_pct_1_max_value_seed_0_time_2026-03-31_15-43-46,Maze,10,0.5,value,0,500.0,0.0,0.0
spz2sqez,Maze_10_roll_0_inner_0.5_pct_1_max_value_seed_1_time_2026-03-31_15-49-13,Maze,10,0.5,value,1,500.0,0.0,0.0
emykjm3j,Maze_10_roll_0_inner_0.5_pct_1_max_value_seed_2_time_2026-03-31_15-54-32,Maze,10,0.5,value,2,433.0,10.0,0.023094688221709007
vit3m1pi,Maze_10_roll_0_inner_0.5_pct_1_max_value_seed_3_time_2026-04-02_18-27-25,Maze,10,0.5,value,3,6.0,10.0,1.6666666666666667
vxsm4c1k,Maze_10_roll_0_inner_0.5_pct_1_max_value_seed_4_time_2026-04-02_18-27-38,Maze,10,0.5,value,4,500.0,0.0,0.0
2b1m8a02,Maze_10_roll_0_inner_0.5_pct_1_max_value_seed_5_time_2026-04-02_18-32-56,Maze,10,0.5,value,5,500.0,0.0,0.0
p3usb3on,Maze_10_roll_0_inner_0.5_pct_1_max_value_seed_6_time_2026-04-02_18-38-26,Maze,10,0.5,value,6,500.0,0.0,0.0
hr02ge4l,Maze_10_roll_0_inner_0.5_pct_1_max_value_seed_7_time_2026-04-02_18-43-39,Maze,10,0.5,value,7,500.0,0.0,0.0
apradpx8,Maze_10_roll_0_inner_0.5_pct_1_max_value_seed_8_time_2026-04-02_18-49-01,Maze,10,0.5,value,8,500.0,0.0,0.0
isvii0mf,Maze_10_roll_0_inner_0.5_pct_1_max_value_seed_9_time_2026-04-02_18-54-33,Maze,10,0.5,value,9,500.0,0.0,0.0
km5pl61e,Miner_5_roll_0_inner_0.05_pct_1_max_reward_seed_0_time_2026-03-31_08-55-48,Miner,5,0.05,reward,0,1000.0,2.0,0.002
c6w90ar3,Miner_5_roll_0_inner_0.05_pct_1_max_reward_seed_1_time_2026-03-31_08-57-32,Miner,5,0.05,reward,1,1000.0,0.0,0.0
y9f4l7gr,Miner_5_roll_0_inner_0.05_pct_1_max_reward_seed_2_time_2026-03-31_08-59-16,Miner,5,0.05,reward,2,1000.0,1.0,0.001
mfm0e3so,Miner_5_roll_0_inner_0.05_pct_1_max_reward_seed_3_time_2026-04-02_02-55-46,Miner,5,0.05,reward,3,5.0,0.0,0.0
6gyxv4w5,Miner_5_roll_0_inner_0.05_pct_1_max_reward_seed_4_time_2026-04-02_02-55-57,Miner,5,0.05,reward,4,22.0,0.0,0.0
v42x0dd1,Miner_5_roll_0_inner_0.05_pct_1_max_reward_seed_5_time_2026-04-02_02-56-08,Miner,5,0.05,reward,5,1000.0,0.0,0.0
2ugdsw7l,Miner_5_roll_0_inner_0.05_pct_1_max_reward_seed_6_time_2026-04-02_02-57-56,Miner,5,0.05,reward,6,10.0,0.0,0.0
lax2b8n3,Miner_5_roll_0_inner_0.05_pct_1_max_reward_seed_7_time_2026-04-02_02-58-07,Miner,5,0.05,reward,7,37.0,0.0,0.0
jludxwow,Miner_5_roll_0_inner_0.05_pct_1_max_reward_seed_8_time_2026-04-02_02-58-23,Miner,5,0.05,reward,8,1000.0,0.0,0.0
c8f1ad3n,Miner_5_roll_0_inner_0.05_pct_1_max_reward_seed_9_time_2026-04-02_03-00-04,Miner,5,0.05,reward,9,12.0,0.0,0.0
7nhwhnv8,Miner_5_roll_0_inner_0.05_pct_1_max_value_seed_0_time_2026-03-31_08-50-51,Miner,5,0.05,value,0,1000.0,2.0,0.002
q9kfebpd,Miner_5_roll_0_inner_0.05_pct_1_max_value_seed_1_time_2026-03-31_08-52-32,Miner,5,0.05,value,1,1000.0,0.0,0.0
iw3bqerx,Miner_5_roll_0_inner_0.05_pct_1_max_value_seed_2_time_2026-03-31_08-54-16,Miner,5,0.05,value,2,1000.0,1.0,0.001
bbctl4bv,Miner_5_roll_0_inner_0.05_pct_1_max_value_seed_3_time_2026-04-02_02-51-14,Miner,5,0.05,value,3,5.0,0.0,0.0
137l9xtw,Miner_5_roll_0_inner_0.05_pct_1_max_value_seed_4_time_2026-04-02_02-51-24,Miner,5,0.05,value,4,22.0,0.0,0.0
dw8mp80g,Miner_5_roll_0_inner_0.05_pct_1_max_value_seed_5_time_2026-04-02_02-51-35,Miner,5,0.05,value,5,1000.0,0.0,0.0
9p4xgq82,Miner_5_roll_0_inner_0.05_pct_1_max_value_seed_6_time_2026-04-02_02-53-23,Miner,5,0.05,value,6,10.0,0.0,0.0
57jcpso0,Miner_5_roll_0_inner_0.05_pct_1_max_value_seed_7_time_2026-04-02_02-53-34,Miner,5,0.05,value,7,37.0,0.0,0.0
jr9erhow,Miner_5_roll_0_inner_0.05_pct_1_max_value_seed_8_time_2026-04-02_02-53-50,Miner,5,0.05,value,8,1000.0,0.0,0.0
mf9ygksd,Miner_5_roll_0_inner_0.05_pct_1_max_value_seed_9_time_2026-04-02_02-55-33,Miner,5,0.05,value,9,12.0,0.0,0.0
c45jnmx2,Miner_5_roll_0_inner_0.1_pct_1_max_reward_seed_0_time_2026-03-31_09-03-53,Miner,5,0.1,reward,0,1000.0,2.0,0.002
4jben5jf,Miner_5_roll_0_inner_0.1_pct_1_max_reward_seed_1_time_2026-03-31_09-06-19,Miner,5,0.1,reward,1,1000.0,0.0,0.0
co7b9jck,Miner_5_roll_0_inner_0.1_pct_1_max_reward_seed_2_time_2026-03-31_09-08-48,Miner,5,0.1,reward,2,14.0,0.0,0.0
ym3nnk9t,Miner_5_roll_0_inner_0.1_pct_1_max_reward_seed_3_time_2026-04-02_03-09-48,Miner,5,0.1,reward,3,5.0,0.0,0.0
lwux947z,Miner_5_roll_0_inner_0.1_pct_1_max_reward_seed_4_time_2026-04-02_03-09-59,Miner,5,0.1,reward,4,31.0,0.0,0.0
fcomc46b,Miner_5_roll_0_inner_0.1_pct_1_max_reward_seed_5_time_2026-04-02_03-10-15,Miner,5,0.1,reward,5,1000.0,0.0,0.0
vzatpg1m,Miner_5_roll_0_inner_0.1_pct_1_max_reward_seed_6_time_2026-04-02_03-13-16,Miner,5,0.1,reward,6,1000.0,1.0,0.001
xg7fccqg,Miner_5_roll_0_inner_0.1_pct_1_max_reward_seed_7_time_2026-04-02_03-15-55,Miner,5,0.1,reward,7,1000.0,1.0,0.001
9cgizh16,Miner_5_roll_0_inner_0.1_pct_1_max_reward_seed_8_time_2026-04-02_03-18-27,Miner,5,0.1,reward,8,1000.0,0.0,0.0
rehewf8n,Miner_5_roll_0_inner_0.1_pct_1_max_reward_seed_9_time_2026-04-02_03-20-59,Miner,5,0.1,reward,9,44.0,0.0,0.0
4jmfrblv,Miner_5_roll_0_inner_0.1_pct_1_max_value_seed_0_time_2026-03-31_09-00-47,Miner,5,0.1,value,0,44.0,1.0,0.022727272727272728
iuao1z8p,Miner_5_roll_0_inner_0.1_pct_1_max_value_seed_1_time_2026-03-31_09-01-09,Miner,5,0.1,value,1,1000.0,0.0,0.0
0usdgm6e,Miner_5_roll_0_inner_0.1_pct_1_max_value_seed_2_time_2026-03-31_09-03-41,Miner,5,0.1,value,2,14.0,0.0,0.0
8whi24jq,Miner_5_roll_0_inner_0.1_pct_1_max_value_seed_3_time_2026-04-02_03-00-17,Miner,5,0.1,value,3,5.0,0.0,0.0
ccj6sj0m,Miner_5_roll_0_inner_0.1_pct_1_max_value_seed_4_time_2026-04-02_03-00-28,Miner,5,0.1,value,4,31.0,0.0,0.0
zx61y7xd,Miner_5_roll_0_inner_0.1_pct_1_max_value_seed_5_time_2026-04-02_03-00-44,Miner,5,0.1,value,5,1000.0,0.0,0.0
lku4exw3,Miner_5_roll_0_inner_0.1_pct_1_max_value_seed_6_time_2026-04-02_03-03-44,Miner,5,0.1,value,6,1000.0,1.0,0.001
km17vzb1,Miner_5_roll_0_inner_0.1_pct_1_max_value_seed_7_time_2026-04-02_03-06-25,Miner,5,0.1,value,7,133.0,1.0,0.007518796992481203
j6ir76xz,Miner_5_roll_0_inner_0.1_pct_1_max_value_seed_8_time_2026-04-02_03-06-58,Miner,5,0.1,value,8,1000.0,0.0,0.0
xpe5gtod,Miner_5_roll_0_inner_0.1_pct_1_max_value_seed_9_time_2026-04-02_03-09-26,Miner,5,0.1,value,9,44.0,0.0,0.0
0278fih7,Miner_5_roll_0_inner_0.2_pct_1_max_reward_seed_0_time_2026-03-31_09-19-07,Miner,5,0.2,reward,0,1000.0,2.0,0.002
am58fqcf,Miner_5_roll_0_inner_0.2_pct_1_max_reward_seed_1_time_2026-03-31_09-23-26,Miner,5,0.2,reward,1,1000.0,0.0,0.0
lgrhbs06,Miner_5_roll_0_inner_0.2_pct_1_max_reward_seed_2_time_2026-03-31_09-27-32,Miner,5,0.2,reward,2,326.0,1.0,0.003067484662576687
nrq6z8uz,Miner_5_roll_0_inner_0.2_pct_1_max_reward_seed_3_time_2026-04-02_03-34-55,Miner,5,0.2,reward,3,5.0,0.0,0.0
fz6mdoi8,Miner_5_roll_0_inner_0.2_pct_1_max_reward_seed_4_time_2026-04-02_03-35-05,Miner,5,0.2,reward,4,36.0,0.0,0.0
jy8t8d7d,Miner_5_roll_0_inner_0.2_pct_1_max_reward_seed_5_time_2026-04-02_03-35-21,Miner,5,0.2,reward,5,1000.0,0.0,0.0
3j6i4opu,Miner_5_roll_0_inner_0.2_pct_1_max_reward_seed_6_time_2026-04-02_03-39-39,Miner,5,0.2,reward,6,54.0,1.0,0.018518518518518517
xyp0ihx3,Miner_5_roll_0_inner_0.2_pct_1_max_reward_seed_7_time_2026-04-02_03-39-59,Miner,5,0.2,reward,7,40.0,0.0,0.0
oi98kqy9,Miner_5_roll_0_inner_0.2_pct_1_max_reward_seed_8_time_2026-04-02_03-40-20,Miner,5,0.2,reward,8,1000.0,0.0,0.0
ha54y0h7,Miner_5_roll_0_inner_0.2_pct_1_max_reward_seed_9_time_2026-04-02_03-44-14,Miner,5,0.2,reward,9,1000.0,0.0,0.0
m6oy4owh,Miner_5_roll_0_inner_0.2_pct_1_max_value_seed_0_time_2026-03-31_09-09-01,Miner,5,0.2,value,0,1000.0,2.0,0.002
xruc5le3,Miner_5_roll_0_inner_0.2_pct_1_max_value_seed_1_time_2026-03-31_09-13-22,Miner,5,0.2,value,1,1000.0,0.0,0.0
1qjc4q6x,Miner_5_roll_0_inner_0.2_pct_1_max_value_seed_2_time_2026-03-31_09-17-31,Miner,5,0.2,value,2,326.0,1.0,0.003067484662576687
rimpog8h,Miner_5_roll_0_inner_0.2_pct_1_max_value_seed_3_time_2026-04-02_03-21-21,Miner,5,0.2,value,3,5.0,0.0,0.0
f71q3p1t,Miner_5_roll_0_inner_0.2_pct_1_max_value_seed_4_time_2026-04-02_03-21-31,Miner,5,0.2,value,4,36.0,0.0,0.0
xv34hv8g,Miner_5_roll_0_inner_0.2_pct_1_max_value_seed_5_time_2026-04-02_03-21-48,Miner,5,0.2,value,5,1000.0,0.0,0.0
dm43p3sd,Miner_5_roll_0_inner_0.2_pct_1_max_value_seed_6_time_2026-04-02_03-26-04,Miner,5,0.2,value,6,54.0,1.0,0.018518518518518517
ub5b2qvg,Miner_5_roll_0_inner_0.2_pct_1_max_value_seed_7_time_2026-04-02_03-26-24,Miner,5,0.2,value,7,40.0,0.0,0.0
d6kdqw5k,Miner_5_roll_0_inner_0.2_pct_1_max_value_seed_8_time_2026-04-02_03-26-46,Miner,5,0.2,value,8,1000.0,0.0,0.0
pr1ou65t,Miner_5_roll_0_inner_0.2_pct_1_max_value_seed_9_time_2026-04-02_03-30-41,Miner,5,0.2,value,9,1000.0,0.0,0.0
7idrb8xq,Miner_5_roll_0_inner_0.5_pct_1_max_reward_seed_0_time_2026-03-31_09-46-34,Miner,5,0.5,reward,0,1000.0,2.0,0.002
q29ok3ll,Miner_5_roll_0_inner_0.5_pct_1_max_reward_seed_1_time_2026-03-31_09-55-19,Miner,5,0.5,reward,1,1000.0,0.0,0.0
awzjvzod,Miner_5_roll_0_inner_0.5_pct_1_max_reward_seed_2_time_2026-03-31_10-03-42,Miner,5,0.5,reward,2,1000.0,3.0,0.003
c2dtey4z,Miner_5_roll_0_inner_0.5_pct_1_max_reward_seed_3_time_2026-04-02_04-29-57,Miner,5,0.5,reward,3,1000.0,1.0,0.001
059kpoah,Miner_5_roll_0_inner_0.5_pct_1_max_reward_seed_4_time_2026-04-02_04-38-44,Miner,5,0.5,reward,4,123.0,1.0,0.008130081300813009
2e35ijn9,Miner_5_roll_0_inner_0.5_pct_1_max_reward_seed_5_time_2026-04-02_04-39-50,Miner,5,0.5,reward,5,1000.0,0.0,0.0
4bzgw3ce,Miner_5_roll_0_inner_0.5_pct_1_max_reward_seed_6_time_2026-04-02_04-48-15,Miner,5,0.5,reward,6,150.0,2.0,0.013333333333333334
5t8fd5m2,Miner_5_roll_0_inner_0.5_pct_1_max_reward_seed_7_time_2026-04-02_04-49-38,Miner,5,0.5,reward,7,468.0,1.0,0.002136752136752137
z129pohw,Miner_5_roll_0_inner_0.5_pct_1_max_reward_seed_8_time_2026-04-02_04-53-55,Miner,5,0.5,reward,8,1000.0,2.0,0.002
dqyv0am4,Miner_5_roll_0_inner_0.5_pct_1_max_reward_seed_9_time_2026-04-02_05-02-46,Miner,5,0.5,reward,9,1000.0,0.0,0.0
s2vk37yf,Miner_5_roll_0_inner_0.5_pct_1_max_value_seed_0_time_2026-03-31_09-29-10,Miner,5,0.5,value,0,71.0,1.0,0.014084507042253521
hmvfukdg,Miner_5_roll_0_inner_0.5_pct_1_max_value_seed_1_time_2026-03-31_09-29-57,Miner,5,0.5,value,1,1000.0,0.0,0.0
i27oumci,Miner_5_roll_0_inner_0.5_pct_1_max_value_seed_2_time_2026-03-31_09-38-16,Miner,5,0.5,value,2,1000.0,3.0,0.003
lylii6ya,Miner_5_roll_0_inner_0.5_pct_1_max_value_seed_3_time_2026-04-02_03-48-25,Miner,5,0.5,value,3,1000.0,1.0,0.001
5suy7ifb,Miner_5_roll_0_inner_0.5_pct_1_max_value_seed_4_time_2026-04-02_03-57-25,Miner,5,0.5,value,4,123.0,1.0,0.008130081300813009
su3vahz6,Miner_5_roll_0_inner_0.5_pct_1_max_value_seed_5_time_2026-04-02_03-58-30,Miner,5,0.5,value,5,1000.0,0.0,0.0
8grbrmeu,Miner_5_roll_0_inner_0.5_pct_1_max_value_seed_6_time_2026-04-02_04-06-54,Miner,5,0.5,value,6,150.0,2.0,0.013333333333333334
x1ii5t7u,Miner_5_roll_0_inner_0.5_pct_1_max_value_seed_7_time_2026-04-02_04-08-16,Miner,5,0.5,value,7,468.0,1.0,0.002136752136752137
6nf8sv50,Miner_5_roll_0_inner_0.5_pct_1_max_value_seed_8_time_2026-04-02_04-12-31,Miner,5,0.5,value,8,1000.0,2.0,0.002
qhsybf0a,Miner_5_roll_0_inner_0.5_pct_1_max_value_seed_9_time_2026-04-02_04-21-09,Miner,5,0.5,value,9,1000.0,0.0,0.0
u1dmbwtf,Miner_5_roll_0_inner_1_pct_1_max_reward_seed_0_time_2026-04-11_10-06-25,Miner,5,1.0,reward,0,1000.0,3.0,0.003
qqjbgnhp,Miner_5_roll_0_inner_1_pct_1_max_reward_seed_1_time_2026-04-11_10-32-48,Miner,5,1.0,reward,1,95.0,1.0,0.010526315789473684
b6acjllx,Miner_5_roll_0_inner_1_pct_1_max_reward_seed_2_time_2026-04-11_10-35-22,Miner,5,1.0,reward,2,707.0,0.0,0.0
tgem2sqc,Miner_5_roll_0_inner_1_pct_1_max_reward_seed_3_time_2026-04-11_10-53-53,Miner,5,1.0,reward,3,5.0,0.0,0.0
03qgas1l,Miner_5_roll_0_inner_1_pct_1_max_reward_seed_4_time_2026-04-11_10-54-05,Miner,5,1.0,reward,4,183.0,0.0,0.0
lagi2ry0,Miner_5_roll_0_inner_1_pct_1_max_reward_seed_5_time_2026-04-11_10-58-56,Miner,5,1.0,reward,5,472.0,2.0,0.00423728813559322
wh2odej2,Miner_5_roll_0_inner_1_pct_1_max_reward_seed_6_time_2026-04-11_11-11-24,Miner,5,1.0,reward,6,1000.0,3.0,0.003
5rbaocl7,Miner_5_roll_0_inner_1_pct_1_max_reward_seed_7_time_2026-04-11_11-37-41,Miner,5,1.0,reward,7,1000.0,3.0,0.003
gaocqjd7,Miner_5_roll_0_inner_1_pct_1_max_reward_seed_8_time_2026-04-11_12-04-04,Miner,5,1.0,reward,8,370.0,1.0,0.002702702702702703
ffixhrm9,Miner_5_roll_0_inner_1_pct_1_max_reward_seed_9_time_2026-04-11_12-13-45,Miner,5,1.0,reward,9,98.0,0.0,0.0
irmqtrn9,Miner_5_roll_0_inner_1_pct_1_max_value_seed_0_time_2026-04-11_07-53-46,Miner,5,1.0,value,0,611.0,1.0,0.0016366612111292963
uq0ky39k,Miner_5_roll_0_inner_1_pct_1_max_value_seed_1_time_2026-04-11_08-09-44,Miner,5,1.0,value,1,94.0,1.0,0.010638297872340425
bfbl133q,Miner_5_roll_0_inner_1_pct_1_max_value_seed_2_time_2026-04-11_08-12-17,Miner,5,1.0,value,2,37.0,0.0,0.0
3dytftpk,Miner_5_roll_0_inner_1_pct_1_max_value_seed_3_time_2026-04-11_08-13-19,Miner,5,1.0,value,3,5.0,0.0,0.0
xj8jr155,Miner_5_roll_0_inner_1_pct_1_max_value_seed_4_time_2026-04-11_08-13-31,Miner,5,1.0,value,4,1000.0,0.0,0.0
2ycwtt9l,Miner_5_roll_0_inner_1_pct_1_max_value_seed_5_time_2026-04-11_08-39-52,Miner,5,1.0,value,5,64.0,0.0,0.0
5752m1o6,Miner_5_roll_0_inner_1_pct_1_max_value_seed_6_time_2026-04-11_08-41-38,Miner,5,1.0,value,6,486.0,2.0,0.00411522633744856
a46xyd7r,Miner_5_roll_0_inner_1_pct_1_max_value_seed_7_time_2026-04-11_08-54-36,Miner,5,1.0,value,7,1000.0,2.0,0.002
xhqh3jxd,Miner_5_roll_0_inner_1_pct_1_max_value_seed_8_time_2026-04-11_09-21-05,Miner,5,1.0,value,8,719.0,1.0,0.0013908205841446453
oixj9a0r,Miner_5_roll_0_inner_1_pct_1_max_value_seed_9_time_2026-04-11_09-40-15,Miner,5,1.0,value,9,1000.0,1.0,0.001
40kj0ivm,Miner_10_roll_0_inner_0.05_pct_1_max_reward_seed_0_time_2026-03-31_10-20-09,Miner,10,0.05,reward,0,1000.0,2.0,0.002
0r29muzk,Miner_10_roll_0_inner_0.05_pct_1_max_reward_seed_1_time_2026-03-31_10-22-45,Miner,10,0.05,reward,1,1000.0,0.0,0.0
wznqbyp6,Miner_10_roll_0_inner_0.05_pct_1_max_reward_seed_2_time_2026-03-31_10-25-09,Miner,10,0.05,reward,2,1000.0,1.0,0.001
0vw6mr44,Miner_10_roll_0_inner_0.05_pct_1_max_reward_seed_3_time_2026-04-02_05-20-47,Miner,10,0.05,reward,3,5.0,0.0,0.0
t5t3lvzc,Miner_10_roll_0_inner_0.05_pct_1_max_reward_seed_4_time_2026-04-02_05-20-57,Miner,10,0.05,reward,4,22.0,0.0,0.0
th32vtok,Miner_10_roll_0_inner_0.05_pct_1_max_reward_seed_5_time_2026-04-02_05-21-08,Miner,10,0.05,reward,5,1000.0,0.0,0.0
skxqgy3d,Miner_10_roll_0_inner_0.05_pct_1_max_reward_seed_6_time_2026-04-02_05-23-49,Miner,10,0.05,reward,6,10.0,0.0,0.0
2oe031hn,Miner_10_roll_0_inner_0.05_pct_1_max_reward_seed_7_time_2026-04-02_05-24-00,Miner,10,0.05,reward,7,1000.0,1.0,0.001
5k5ln5vn,Miner_10_roll_0_inner_0.05_pct_1_max_reward_seed_8_time_2026-04-02_05-26-35,Miner,10,0.05,reward,8,1000.0,0.0,0.0
j0v12n3l,Miner_10_roll_0_inner_0.05_pct_1_max_reward_seed_9_time_2026-04-02_05-29-26,Miner,10,0.05,reward,9,167.0,0.0,0.0
iio6kwof,Miner_10_roll_0_inner_0.05_pct_1_max_value_seed_0_time_2026-03-31_10-12-05,Miner,10,0.05,value,0,1000.0,2.0,0.002
r0pyx0i4,Miner_10_roll_0_inner_0.05_pct_1_max_value_seed_1_time_2026-03-31_10-14-48,Miner,10,0.05,value,1,1000.0,0.0,0.0
mmyl7rl2,Miner_10_roll_0_inner_0.05_pct_1_max_value_seed_2_time_2026-03-31_10-17-13,Miner,10,0.05,value,2,1000.0,1.0,0.001
cgm87usl,Miner_10_roll_0_inner_0.05_pct_1_max_value_seed_3_time_2026-04-02_05-11-35,Miner,10,0.05,value,3,5.0,0.0,0.0
ajhxlyry,Miner_10_roll_0_inner_0.05_pct_1_max_value_seed_4_time_2026-04-02_05-11-45,Miner,10,0.05,value,4,22.0,0.0,0.0
or9aunpo,Miner_10_roll_0_inner_0.05_pct_1_max_value_seed_5_time_2026-04-02_05-11-56,Miner,10,0.05,value,5,1000.0,0.0,0.0
8j8buc14,Miner_10_roll_0_inner_0.05_pct_1_max_value_seed_6_time_2026-04-02_05-14-39,Miner,10,0.05,value,6,10.0,0.0,0.0
f806l9q9,Miner_10_roll_0_inner_0.05_pct_1_max_value_seed_7_time_2026-04-02_05-14-49,Miner,10,0.05,value,7,1000.0,1.0,0.001
g5vien6l,Miner_10_roll_0_inner_0.05_pct_1_max_value_seed_8_time_2026-04-02_05-17-26,Miner,10,0.05,value,8,1000.0,0.0,0.0
1ybgtp9n,Miner_10_roll_0_inner_0.05_pct_1_max_value_seed_9_time_2026-04-02_05-20-02,Miner,10,0.05,value,9,167.0,0.0,0.0
qtpc2k7c,Miner_10_roll_0_inner_0.1_pct_1_max_reward_seed_0_time_2026-03-31_10-38-50,Miner,10,0.1,reward,0,1000.0,2.0,0.002
0r8owzl3,Miner_10_roll_0_inner_0.1_pct_1_max_reward_seed_1_time_2026-03-31_10-42-23,Miner,10,0.1,reward,1,1000.0,0.0,0.0
9dm048ce,Miner_10_roll_0_inner_0.1_pct_1_max_reward_seed_2_time_2026-03-31_10-45-55,Miner,10,0.1,reward,2,1000.0,1.0,0.001
bl26uvil,Miner_10_roll_0_inner_0.1_pct_1_max_reward_seed_3_time_2026-04-02_05-50-49,Miner,10,0.1,reward,3,5.0,0.0,0.0
r9pmsk78,Miner_10_roll_0_inner_0.1_pct_1_max_reward_seed_4_time_2026-04-02_05-51-00,Miner,10,0.1,reward,4,1000.0,0.0,0.0
ohy6t6hr,Miner_10_roll_0_inner_0.1_pct_1_max_reward_seed_5_time_2026-04-02_05-54-41,Miner,10,0.1,reward,5,1000.0,0.0,0.0
3ecbjv3t,Miner_10_roll_0_inner_0.1_pct_1_max_reward_seed_6_time_2026-04-02_05-59-15,Miner,10,0.1,reward,6,61.0,1.0,0.01639344262295082
3yhlmqhz,Miner_10_roll_0_inner_0.1_pct_1_max_reward_seed_7_time_2026-04-02_05-59-41,Miner,10,0.1,reward,7,1000.0,1.0,0.001
x7j0xe6c,Miner_10_roll_0_inner_0.1_pct_1_max_reward_seed_8_time_2026-04-02_06-03-29,Miner,10,0.1,reward,8,1000.0,0.0,0.0
0grqk088,Miner_10_roll_0_inner_0.1_pct_1_max_reward_seed_9_time_2026-04-02_06-07-12,Miner,10,0.1,reward,9,1000.0,0.0,0.0
qcpx0vpb,Miner_10_roll_0_inner_0.1_pct_1_max_value_seed_0_time_2026-03-31_10-28-06,Miner,10,0.1,value,0,1000.0,2.0,0.002
p9nu7j1p,Miner_10_roll_0_inner_0.1_pct_1_max_value_seed_1_time_2026-03-31_10-31-37,Miner,10,0.1,value,1,1000.0,0.0,0.0
gdz9016k,Miner_10_roll_0_inner_0.1_pct_1_max_value_seed_2_time_2026-03-31_10-35-08,Miner,10,0.1,value,2,1000.0,1.0,0.001
qo8o7bnm,Miner_10_roll_0_inner_0.1_pct_1_max_value_seed_3_time_2026-04-02_05-30-11,Miner,10,0.1,value,3,5.0,0.0,0.0
tsftwul1,Miner_10_roll_0_inner_0.1_pct_1_max_value_seed_4_time_2026-04-02_05-30-22,Miner,10,0.1,value,4,1000.0,0.0,0.0
ir046rff,Miner_10_roll_0_inner_0.1_pct_1_max_value_seed_5_time_2026-04-02_05-34-07,Miner,10,0.1,value,5,1000.0,0.0,0.0
je38u7pn,Miner_10_roll_0_inner_0.1_pct_1_max_value_seed_6_time_2026-04-02_05-38-40,Miner,10,0.1,value,6,61.0,1.0,0.01639344262295082
p388ze3p,Miner_10_roll_0_inner_0.1_pct_1_max_value_seed_7_time_2026-04-02_05-39-07,Miner,10,0.1,value,7,1000.0,1.0,0.001
wma179nd,Miner_10_roll_0_inner_0.1_pct_1_max_value_seed_8_time_2026-04-02_05-43-23,Miner,10,0.1,value,8,1000.0,0.0,0.0
w9j6kxdk,Miner_10_roll_0_inner_0.1_pct_1_max_value_seed_9_time_2026-04-02_05-47-33,Miner,10,0.1,value,9,1000.0,0.0,0.0
l5er327q,Miner_10_roll_0_inner_0.2_pct_1_max_reward_seed_0_time_2026-03-31_11-01-40,Miner,10,0.2,reward,0,1000.0,2.0,0.002
73h4uvg3,Miner_10_roll_0_inner_0.2_pct_1_max_reward_seed_1_time_2026-03-31_11-08-21,Miner,10,0.2,reward,1,1000.0,0.0,0.0
rviyw0fk,Miner_10_roll_0_inner_0.2_pct_1_max_reward_seed_2_time_2026-03-31_11-13-46,Miner,10,0.2,reward,2,1000.0,1.0,0.001
qsze4ih5,Miner_10_roll_0_inner_0.2_pct_1_max_reward_seed_3_time_2026-04-02_06-37-08,Miner,10,0.2,reward,3,5.0,0.0,0.0
amlcq5ps,Miner_10_roll_0_inner_0.2_pct_1_max_reward_seed_4_time_2026-04-02_06-37-18,Miner,10,0.2,reward,4,259.0,0.0,0.0
94mrc5sa,Miner_10_roll_0_inner_0.2_pct_1_max_reward_seed_5_time_2026-04-02_06-39-26,Miner,10,0.2,reward,5,1000.0,0.0,0.0
8n9pqysz,Miner_10_roll_0_inner_0.2_pct_1_max_reward_seed_6_time_2026-04-02_06-45-14,Miner,10,0.2,reward,6,11.0,0.0,0.0
bndorvrm,Miner_10_roll_0_inner_0.2_pct_1_max_reward_seed_7_time_2026-04-02_06-45-29,Miner,10,0.2,reward,7,1000.0,1.0,0.001
3l36rsx9,Miner_10_roll_0_inner_0.2_pct_1_max_reward_seed_8_time_2026-04-02_06-51-36,Miner,10,0.2,reward,8,1000.0,0.0,0.0
wa98qt94,Miner_10_roll_0_inner_0.2_pct_1_max_reward_seed_9_time_2026-04-02_06-57-51,Miner,10,0.2,reward,9,1000.0,0.0,0.0
6k5ky8g8,Miner_10_roll_0_inner_0.2_pct_1_max_value_seed_0_time_2026-03-31_10-49-39,Miner,10,0.2,value,0,20.0,1.0,0.05
invqe149,Miner_10_roll_0_inner_0.2_pct_1_max_value_seed_1_time_2026-03-31_10-49-54,Miner,10,0.2,value,1,1000.0,0.0,0.0
75yo21a8,Miner_10_roll_0_inner_0.2_pct_1_max_value_seed_2_time_2026-03-31_10-55-16,Miner,10,0.2,value,2,1000.0,1.0,0.001
xg3plqgw,Miner_10_roll_0_inner_0.2_pct_1_max_value_seed_3_time_2026-04-02_06-10-26,Miner,10,0.2,value,3,5.0,0.0,0.0
shzgp0ph,Miner_10_roll_0_inner_0.2_pct_1_max_value_seed_4_time_2026-04-02_06-10-37,Miner,10,0.2,value,4,259.0,0.0,0.0
ihdvd8gh,Miner_10_roll_0_inner_0.2_pct_1_max_value_seed_5_time_2026-04-02_06-12-44,Miner,10,0.2,value,5,1000.0,0.0,0.0
efbw6b6g,Miner_10_roll_0_inner_0.2_pct_1_max_value_seed_6_time_2026-04-02_06-18-30,Miner,10,0.2,value,6,11.0,0.0,0.0
aicro53c,Miner_10_roll_0_inner_0.2_pct_1_max_value_seed_7_time_2026-04-02_06-18-45,Miner,10,0.2,value,7,1000.0,1.0,0.001
ddv3uan7,Miner_10_roll_0_inner_0.2_pct_1_max_value_seed_8_time_2026-04-02_06-24-30,Miner,10,0.2,value,8,1000.0,0.0,0.0
7s5nakmy,Miner_10_roll_0_inner_0.2_pct_1_max_value_seed_9_time_2026-04-02_06-30-35,Miner,10,0.2,value,9,1000.0,0.0,0.0
wo741934,Miner_10_roll_0_inner_0.5_pct_1_max_reward_seed_0_time_2026-03-31_11-52-56,Miner,10,0.5,reward,0,1000.0,1.0,0.001
v01lgysj,Miner_10_roll_0_inner_0.5_pct_1_max_reward_seed_1_time_2026-03-31_12-04-08,Miner,10,0.5,reward,1,1000.0,1.0,0.001
vh5sffea,Miner_10_roll_0_inner_0.5_pct_1_max_reward_seed_2_time_2026-03-31_12-14-44,Miner,10,0.5,reward,2,1000.0,2.0,0.002
g540zge8,Miner_10_roll_0_inner_0.5_pct_1_max_reward_seed_3_time_2026-04-02_08-05-26,Miner,10,0.5,reward,3,1000.0,0.0,0.0
n2bpg3gm,Miner_10_roll_0_inner_0.5_pct_1_max_reward_seed_4_time_2026-04-02_08-16-32,Miner,10,0.5,reward,4,584.0,0.0,0.0
drmb1kyo,Miner_10_roll_0_inner_0.5_pct_1_max_reward_seed_5_time_2026-04-02_08-22-51,Miner,10,0.5,reward,5,1000.0,0.0,0.0
ehkyiyha,Miner_10_roll_0_inner_0.5_pct_1_max_reward_seed_6_time_2026-04-02_08-33-43,Miner,10,0.5,reward,6,111.0,1.0,0.009009009009009009
8ln6kxv5,Miner_10_roll_0_inner_0.5_pct_1_max_reward_seed_7_time_2026-04-02_08-34-51,Miner,10,0.5,reward,7,1000.0,0.0,0.0
f4dxfi3z,Miner_10_roll_0_inner_0.5_pct_1_max_reward_seed_8_time_2026-04-02_08-45-29,Miner,10,0.5,reward,8,1000.0,2.0,0.002
juv133d5,Miner_10_roll_0_inner_0.5_pct_1_max_reward_seed_9_time_2026-04-02_08-56-10,Miner,10,0.5,reward,9,1000.0,0.0,0.0
ooelzh6b,Miner_10_roll_0_inner_0.5_pct_1_max_value_seed_0_time_2026-03-31_11-20-11,Miner,10,0.5,value,0,1000.0,1.0,0.001
xtd0nilt,Miner_10_roll_0_inner_0.5_pct_1_max_value_seed_1_time_2026-03-31_11-31-27,Miner,10,0.5,value,1,1000.0,1.0,0.001
8i66sbb3,Miner_10_roll_0_inner_0.5_pct_1_max_value_seed_2_time_2026-03-31_11-42-02,Miner,10,0.5,value,2,1000.0,2.0,0.002
z2tmgeby,Miner_10_roll_0_inner_0.5_pct_1_max_value_seed_3_time_2026-04-02_07-04-27,Miner,10,0.5,value,3,1000.0,0.0,0.0
1t9vpkh7,Miner_10_roll_0_inner_0.5_pct_1_max_value_seed_4_time_2026-04-02_07-15-23,Miner,10,0.5,value,4,584.0,0.0,0.0
e23nbv2x,Miner_10_roll_0_inner_0.5_pct_1_max_value_seed_5_time_2026-04-02_07-21-39,Miner,10,0.5,value,5,1000.0,0.0,0.0
z7ivzcqy,Miner_10_roll_0_inner_0.5_pct_1_max_value_seed_6_time_2026-04-02_07-32-31,Miner,10,0.5,value,6,111.0,1.0,0.009009009009009009
aud5gxbm,Miner_10_roll_0_inner_0.5_pct_1_max_value_seed_7_time_2026-04-02_07-33-39,Miner,10,0.5,value,7,1000.0,0.0,0.0
to37vu4v,Miner_10_roll_0_inner_0.5_pct_1_max_value_seed_8_time_2026-04-02_07-44-15,Miner,10,0.5,value,8,1000.0,2.0,0.002
ijdhrdma,Miner_10_roll_0_inner_0.5_pct_1_max_value_seed_9_time_2026-04-02_07-54-52,Miner,10,0.5,value,9,1000.0,0.0,0.0
pyouqj9e,Ninja_5_roll_0_inner_0.05_pct_1_max_reward_seed_0_time_2026-04-01_01-34-22,Ninja,5,0.05,reward,0,356.0,10.0,0.028089887640449437
lql5pbwj,Ninja_5_roll_0_inner_0.05_pct_1_max_reward_seed_1_time_2026-04-01_01-35-11,Ninja,5,0.05,reward,1,835.0,0.0,0.0
wi5t1dm3,Ninja_5_roll_0_inner_0.05_pct_1_max_reward_seed_2_time_2026-04-01_01-36-35,Ninja,5,0.05,reward,2,221.0,0.0,0.0
vytdfp6u,Ninja_5_roll_0_inner_0.05_pct_1_max_reward_seed_3_time_2026-04-03_18-18-36,Ninja,5,0.05,reward,3,752.0,0.0,0.0
6r1k0qhh,Ninja_5_roll_0_inner_0.05_pct_1_max_reward_seed_4_time_2026-04-03_18-19-34,Ninja,5,0.05,reward,4,1000.0,0.0,0.0
qfp1qr70,Ninja_5_roll_0_inner_0.05_pct_1_max_reward_seed_5_time_2026-04-03_18-21-43,Ninja,5,0.05,reward,5,825.0,0.0,0.0
029nusy8,Ninja_5_roll_0_inner_0.05_pct_1_max_reward_seed_6_time_2026-04-03_18-23-11,Ninja,5,0.05,reward,6,211.0,10.0,0.04739336492890995
p1ed3vc3,Ninja_5_roll_0_inner_0.05_pct_1_max_reward_seed_7_time_2026-04-03_18-23-28,Ninja,5,0.05,reward,7,324.0,0.0,0.0
jry54nsj,Ninja_5_roll_0_inner_0.05_pct_1_max_reward_seed_8_time_2026-04-03_18-24-15,Ninja,5,0.05,reward,8,98.0,0.0,0.0
aqyhwtq8,Ninja_5_roll_0_inner_0.05_pct_1_max_reward_seed_9_time_2026-04-03_18-24-34,Ninja,5,0.05,reward,9,528.0,0.0,0.0
2vy9wjcn,Ninja_5_roll_0_inner_0.05_pct_1_max_value_seed_0_time_2026-04-01_01-31-06,Ninja,5,0.05,value,0,581.0,0.0,0.0
v09vm8v9,Ninja_5_roll_0_inner_0.05_pct_1_max_value_seed_1_time_2026-04-01_01-32-04,Ninja,5,0.05,value,1,1000.0,0.0,0.0
r6h3178h,Ninja_5_roll_0_inner_0.05_pct_1_max_value_seed_2_time_2026-04-01_01-33-39,Ninja,5,0.05,value,2,351.0,0.0,0.0
l0553cdf,Ninja_5_roll_0_inner_0.05_pct_1_max_value_seed_3_time_2026-04-03_18-11-17,Ninja,5,0.05,value,3,441.0,0.0,0.0
qkh56ewj,Ninja_5_roll_0_inner_0.05_pct_1_max_value_seed_4_time_2026-04-03_18-12-04,Ninja,5,0.05,value,4,1000.0,0.0,0.0
fmpbuqop,Ninja_5_roll_0_inner_0.05_pct_1_max_value_seed_5_time_2026-04-03_18-14-14,Ninja,5,0.05,value,5,821.0,0.0,0.0
cfwpydr1,Ninja_5_roll_0_inner_0.05_pct_1_max_value_seed_6_time_2026-04-03_18-15-51,Ninja,5,0.05,value,6,211.0,10.0,0.04739336492890995
909v8s7q,Ninja_5_roll_0_inner_0.05_pct_1_max_value_seed_7_time_2026-04-03_18-16-08,Ninja,5,0.05,value,7,431.0,0.0,0.0
tm2s24uu,Ninja_5_roll_0_inner_0.05_pct_1_max_value_seed_8_time_2026-04-03_18-16-51,Ninja,5,0.05,value,8,517.0,0.0,0.0
tg69mdvw,Ninja_5_roll_0_inner_0.05_pct_1_max_value_seed_9_time_2026-04-03_18-17-47,Ninja,5,0.05,value,9,372.0,0.0,0.0
u8nufwj9,Ninja_5_roll_0_inner_0.1_pct_1_max_reward_seed_0_time_2026-04-01_01-40-34,Ninja,5,0.1,reward,0,167.0,0.0,0.0
nnu2zsrb,Ninja_5_roll_0_inner_0.1_pct_1_max_reward_seed_1_time_2026-04-01_01-41-12,Ninja,5,0.1,reward,1,1000.0,0.0,0.0
kfhb829y,Ninja_5_roll_0_inner_0.1_pct_1_max_reward_seed_2_time_2026-04-01_01-43-42,Ninja,5,0.1,reward,2,212.0,0.0,0.0
bxykiafp,Ninja_5_roll_0_inner_0.1_pct_1_max_reward_seed_3_time_2026-04-03_18-33-28,Ninja,5,0.1,reward,3,491.0,0.0,0.0
a36rr8sj,Ninja_5_roll_0_inner_0.1_pct_1_max_reward_seed_4_time_2026-04-03_18-34-41,Ninja,5,0.1,reward,4,251.0,0.0,0.0
jf5mp4rz,Ninja_5_roll_0_inner_0.1_pct_1_max_reward_seed_5_time_2026-04-03_18-35-32,Ninja,5,0.1,reward,5,176.0,10.0,0.056818181818181816
8qbvz0rs,Ninja_5_roll_0_inner_0.1_pct_1_max_reward_seed_6_time_2026-04-03_18-36-16,Ninja,5,0.1,reward,6,449.0,10.0,0.022271714922048998
xrmkav5i,Ninja_5_roll_0_inner_0.1_pct_1_max_reward_seed_7_time_2026-04-03_18-37-44,Ninja,5,0.1,reward,7,94.0,0.0,0.0
uy2fb5y6,Ninja_5_roll_0_inner_0.1_pct_1_max_reward_seed_8_time_2026-04-03_18-38-00,Ninja,5,0.1,reward,8,84.0,0.0,0.0
qc23jv84,Ninja_5_roll_0_inner_0.1_pct_1_max_reward_seed_9_time_2026-04-03_18-38-22,Ninja,5,0.1,reward,9,321.0,0.0,0.0
f2hqs4v4,Ninja_5_roll_0_inner_0.1_pct_1_max_value_seed_0_time_2026-04-01_01-36-54,Ninja,5,0.1,value,0,415.0,10.0,0.024096385542168676
sns23c5l,Ninja_5_roll_0_inner_0.1_pct_1_max_value_seed_1_time_2026-04-01_01-38-01,Ninja,5,0.1,value,1,536.0,0.0,0.0
y0qvstq6,Ninja_5_roll_0_inner_0.1_pct_1_max_value_seed_2_time_2026-04-01_01-39-33,Ninja,5,0.1,value,2,347.0,0.0,0.0
asvajznt,Ninja_5_roll_0_inner_0.1_pct_1_max_value_seed_3_time_2026-04-03_18-25-33,Ninja,5,0.1,value,3,1000.0,0.0,0.0
cfey0qnr,Ninja_5_roll_0_inner_0.1_pct_1_max_value_seed_4_time_2026-04-03_18-28-20,Ninja,5,0.1,value,4,251.0,0.0,0.0
ep56v1fh,Ninja_5_roll_0_inner_0.1_pct_1_max_value_seed_5_time_2026-04-03_18-29-12,Ninja,5,0.1,value,5,352.0,10.0,0.028409090909090908
xu39kft2,Ninja_5_roll_0_inner_0.1_pct_1_max_value_seed_6_time_2026-04-03_18-30-26,Ninja,5,0.1,value,6,267.0,10.0,0.03745318352059925
qbssvao9,Ninja_5_roll_0_inner_0.1_pct_1_max_value_seed_7_time_2026-04-03_18-31-24,Ninja,5,0.1,value,7,136.0,0.0,0.0
rjsvf1ch,Ninja_5_roll_0_inner_0.1_pct_1_max_value_seed_8_time_2026-04-03_18-31-57,Ninja,5,0.1,value,8,97.0,0.0,0.0
joh8njwq,Ninja_5_roll_0_inner_0.1_pct_1_max_value_seed_9_time_2026-04-03_18-32-23,Ninja,5,0.1,value,9,450.0,0.0,0.0
51vi8tna,Ninja_5_roll_0_inner_0.2_pct_1_max_reward_seed_0_time_2026-04-01_01-51-13,Ninja,5,0.2,reward,0,1000.0,0.0,0.0
vgpznu5d,Ninja_5_roll_0_inner_0.2_pct_1_max_reward_seed_1_time_2026-04-01_01-55-32,Ninja,5,0.2,reward,1,406.0,0.0,0.0
loywfqte,Ninja_5_roll_0_inner_0.2_pct_1_max_reward_seed_2_time_2026-04-01_01-57-24,Ninja,5,0.2,reward,2,57.0,0.0,0.0
zxsi418k,Ninja_5_roll_0_inner_0.2_pct_1_max_reward_seed_3_time_2026-04-03_18-49-23,Ninja,5,0.2,reward,3,242.0,0.0,0.0
aukcj8iq,Ninja_5_roll_0_inner_0.2_pct_1_max_reward_seed_4_time_2026-04-03_18-50-24,Ninja,5,0.2,reward,4,486.0,0.0,0.0
foltz2v7,Ninja_5_roll_0_inner_0.2_pct_1_max_reward_seed_5_time_2026-04-03_18-52-28,Ninja,5,0.2,reward,5,249.0,10.0,0.040160642570281124
nfhf19og,Ninja_5_roll_0_inner_0.2_pct_1_max_reward_seed_6_time_2026-04-03_18-53-39,Ninja,5,0.2,reward,6,108.0,10.0,0.09259259259259259
gbpz8zqw,Ninja_5_roll_0_inner_0.2_pct_1_max_reward_seed_7_time_2026-04-03_18-54-15,Ninja,5,0.2,reward,7,53.0,0.0,0.0
dyjvpcub,Ninja_5_roll_0_inner_0.2_pct_1_max_reward_seed_8_time_2026-04-03_18-54-37,Ninja,5,0.2,reward,8,32.0,0.0,0.0
5xdpdof9,Ninja_5_roll_0_inner_0.2_pct_1_max_reward_seed_9_time_2026-04-03_18-54-50,Ninja,5,0.2,reward,9,36.0,0.0,0.0
w7son1vq,Ninja_5_roll_0_inner_0.2_pct_1_max_value_seed_0_time_2026-04-01_01-44-16,Ninja,5,0.2,value,0,250.0,10.0,0.04
qecfhbj4,Ninja_5_roll_0_inner_0.2_pct_1_max_value_seed_1_time_2026-04-01_01-45-27,Ninja,5,0.2,value,1,799.0,0.0,0.0
7lolhx0o,Ninja_5_roll_0_inner_0.2_pct_1_max_value_seed_2_time_2026-04-01_01-48-39,Ninja,5,0.2,value,2,596.0,0.0,0.0
1vqvf082,Ninja_5_roll_0_inner_0.2_pct_1_max_value_seed_3_time_2026-04-03_18-39-22,Ninja,5,0.2,value,3,1000.0,0.0,0.0
kn9vohds,Ninja_5_roll_0_inner_0.2_pct_1_max_value_seed_4_time_2026-04-03_18-43-07,Ninja,5,0.2,value,4,254.0,0.0,0.0
z6guqzx6,Ninja_5_roll_0_inner_0.2_pct_1_max_value_seed_5_time_2026-04-03_18-44-10,Ninja,5,0.2,value,5,396.0,10.0,0.025252525252525252
o0jnyih5,Ninja_5_roll_0_inner_0.2_pct_1_max_value_seed_6_time_2026-04-03_18-45-40,Ninja,5,0.2,value,6,131.0,0.0,0.0
h8ej2ju5,Ninja_5_roll_0_inner_0.2_pct_1_max_value_seed_7_time_2026-04-03_18-46-10,Ninja,5,0.2,value,7,437.0,0.0,0.0
vuy630wi,Ninja_5_roll_0_inner_0.2_pct_1_max_value_seed_8_time_2026-04-03_18-47-42,Ninja,5,0.2,value,8,103.0,0.0,0.0
vbjt5xww,Ninja_5_roll_0_inner_0.2_pct_1_max_value_seed_9_time_2026-04-03_18-48-17,Ninja,5,0.2,value,9,256.0,0.0,0.0
b0hen6zj,Ninja_5_roll_0_inner_0.5_pct_1_max_reward_seed_0_time_2026-04-01_02-23-07,Ninja,5,0.5,reward,0,1000.0,0.0,0.0
0mhg6c1h,Ninja_5_roll_0_inner_0.5_pct_1_max_reward_seed_1_time_2026-04-01_02-31-54,Ninja,5,0.5,reward,1,1000.0,0.0,0.0
6bl2ym6m,Ninja_5_roll_0_inner_0.5_pct_1_max_reward_seed_2_time_2026-04-01_02-40-14,Ninja,5,0.5,reward,2,1000.0,0.0,0.0
bn0vhx88,Ninja_5_roll_0_inner_0.5_pct_1_max_reward_seed_3_time_2026-04-03_19-47-22,Ninja,5,0.5,reward,3,1000.0,0.0,0.0
eu042orw,Ninja_5_roll_0_inner_0.5_pct_1_max_reward_seed_4_time_2026-04-03_19-55-47,Ninja,5,0.5,reward,4,1000.0,0.0,0.0
vi7j5ko9,Ninja_5_roll_0_inner_0.5_pct_1_max_reward_seed_5_time_2026-04-03_20-04-40,Ninja,5,0.5,reward,5,1000.0,0.0,0.0
wor6q1vs,Ninja_5_roll_0_inner_0.5_pct_1_max_reward_seed_6_time_2026-04-03_20-13-04,Ninja,5,0.5,reward,6,1000.0,0.0,0.0
opga8ls3,Ninja_5_roll_0_inner_0.5_pct_1_max_reward_seed_7_time_2026-04-03_20-21-33,Ninja,5,0.5,reward,7,1000.0,0.0,0.0
nfv2k99m,Ninja_5_roll_0_inner_0.5_pct_1_max_reward_seed_8_time_2026-04-03_20-30-23,Ninja,5,0.5,reward,8,32.0,0.0,0.0
4hyisawf,Ninja_5_roll_0_inner_0.5_pct_1_max_reward_seed_9_time_2026-04-03_20-30-46,Ninja,5,0.5,reward,9,1000.0,0.0,0.0
eiylg7nr,Ninja_5_roll_0_inner_0.5_pct_1_max_value_seed_0_time_2026-04-01_01-57-50,Ninja,5,0.5,value,0,1000.0,0.0,0.0
7nnizrv6,Ninja_5_roll_0_inner_0.5_pct_1_max_value_seed_1_time_2026-04-01_02-06-21,Ninja,5,0.5,value,1,1000.0,0.0,0.0
uh119r3t,Ninja_5_roll_0_inner_0.5_pct_1_max_value_seed_2_time_2026-04-01_02-14-41,Ninja,5,0.5,value,2,1000.0,0.0,0.0
516u9rk6,Ninja_5_roll_0_inner_0.5_pct_1_max_value_seed_3_time_2026-04-03_18-55-05,Ninja,5,0.5,value,3,1000.0,0.0,0.0
ahutwn79,Ninja_5_roll_0_inner_0.5_pct_1_max_value_seed_4_time_2026-04-03_19-03-33,Ninja,5,0.5,value,4,1000.0,0.0,0.0
90g4uqij,Ninja_5_roll_0_inner_0.5_pct_1_max_value_seed_5_time_2026-04-03_19-12-15,Ninja,5,0.5,value,5,1000.0,0.0,0.0
jlozjwie,Ninja_5_roll_0_inner_0.5_pct_1_max_value_seed_6_time_2026-04-03_19-20-25,Ninja,5,0.5,value,6,1000.0,0.0,0.0
4h3l427f,Ninja_5_roll_0_inner_0.5_pct_1_max_value_seed_7_time_2026-04-03_19-29-03,Ninja,5,0.5,value,7,1000.0,0.0,0.0
la91o0uw,Ninja_5_roll_0_inner_0.5_pct_1_max_value_seed_8_time_2026-04-03_19-38-06,Ninja,5,0.5,value,8,32.0,0.0,0.0
yxrnac7m,Ninja_5_roll_0_inner_0.5_pct_1_max_value_seed_9_time_2026-04-03_19-38-29,Ninja,5,0.5,value,9,1000.0,0.0,0.0
l2y06xhr,Ninja_5_roll_0_inner_1_pct_1_max_reward_seed_0_time_2026-04-12_18-46-24,Ninja,5,1.0,reward,0,540.0,10.0,0.018518518518518517
r2riiltn,Ninja_5_roll_0_inner_1_pct_1_max_reward_seed_1_time_2026-04-12_19-00-42,Ninja,5,1.0,reward,1,201.0,0.0,0.0
4gdmprnj,Ninja_5_roll_0_inner_1_pct_1_max_reward_seed_2_time_2026-04-12_19-06-05,Ninja,5,1.0,reward,2,175.0,0.0,0.0
avbb4npq,Ninja_5_roll_0_inner_1_pct_1_max_reward_seed_3_time_2026-04-12_19-10-47,Ninja,5,1.0,reward,3,846.0,0.0,0.0
gjuidqmm,Ninja_5_roll_0_inner_1_pct_1_max_reward_seed_4_time_2026-04-12_19-33-09,Ninja,5,1.0,reward,4,212.0,0.0,0.0
cq0oee9q,Ninja_5_roll_0_inner_1_pct_1_max_reward_seed_5_time_2026-04-12_19-38-48,Ninja,5,1.0,reward,5,1000.0,0.0,0.0
w7bmbb6x,Ninja_5_roll_0_inner_1_pct_1_max_reward_seed_6_time_2026-04-12_20-05-26,Ninja,5,1.0,reward,6,428.0,10.0,0.02336448598130841
onilg5cl,Ninja_5_roll_0_inner_1_pct_1_max_reward_seed_7_time_2026-04-12_20-16-49,Ninja,5,1.0,reward,7,914.0,0.0,0.0
lp4k4e39,Ninja_5_roll_0_inner_1_pct_1_max_reward_seed_8_time_2026-04-12_20-41-04,Ninja,5,1.0,reward,8,205.0,0.0,0.0
km56mg9i,Ninja_5_roll_0_inner_1_pct_1_max_reward_seed_9_time_2026-04-12_20-46-30,Ninja,5,1.0,reward,9,365.0,0.0,0.0
8bodwj8z,Ninja_5_roll_0_inner_1_pct_1_max_value_seed_0_time_2026-04-12_16-25-28,Ninja,5,1.0,value,0,1000.0,0.0,0.0
50u0uz1j,Ninja_5_roll_0_inner_1_pct_1_max_value_seed_1_time_2026-04-12_16-52-07,Ninja,5,1.0,value,1,263.0,0.0,0.0
9xoo9edd,Ninja_5_roll_0_inner_1_pct_1_max_value_seed_2_time_2026-04-12_16-59-11,Ninja,5,1.0,value,2,25.0,0.0,0.0
viafpcpy,Ninja_5_roll_0_inner_1_pct_1_max_value_seed_3_time_2026-04-12_16-59-54,Ninja,5,1.0,value,3,1000.0,0.0,0.0
z9ty0wdq,Ninja_5_roll_0_inner_1_pct_1_max_value_seed_4_time_2026-04-12_17-26-11,Ninja,5,1.0,value,4,212.0,0.0,0.0
tlzydzz3,Ninja_5_roll_0_inner_1_pct_1_max_value_seed_5_time_2026-04-12_17-31-50,Ninja,5,1.0,value,5,296.0,10.0,0.033783783783783786
vuna5qrv,Ninja_5_roll_0_inner_1_pct_1_max_value_seed_6_time_2026-04-12_17-39-49,Ninja,5,1.0,value,6,405.0,10.0,0.024691358024691357
kek5kqv7,Ninja_5_roll_0_inner_1_pct_1_max_value_seed_7_time_2026-04-12_17-50-44,Ninja,5,1.0,value,7,1000.0,0.0,0.0
82caj1yo,Ninja_5_roll_0_inner_1_pct_1_max_value_seed_8_time_2026-04-12_18-17-03,Ninja,5,1.0,value,8,113.0,0.0,0.0
kpe9qhv0,Ninja_5_roll_0_inner_1_pct_1_max_value_seed_9_time_2026-04-12_18-20-06,Ninja,5,1.0,value,9,1000.0,0.0,0.0
esue3au7,Ninja_10_roll_0_inner_0.05_pct_1_max_reward_seed_0_time_2026-04-01_02-51-39,Ninja,10,0.05,reward,0,568.0,10.0,0.017605633802816902
or133fuf,Ninja_10_roll_0_inner_0.05_pct_1_max_reward_seed_1_time_2026-04-01_02-53-04,Ninja,10,0.05,reward,1,965.0,0.0,0.0
mh6awttd,Ninja_10_roll_0_inner_0.05_pct_1_max_reward_seed_2_time_2026-04-01_02-55-26,Ninja,10,0.05,reward,2,682.0,0.0,0.0
h1849tdb,Ninja_10_roll_0_inner_0.05_pct_1_max_reward_seed_3_time_2026-04-03_20-47-17,Ninja,10,0.05,reward,3,338.0,0.0,0.0
naq9xnv7,Ninja_10_roll_0_inner_0.05_pct_1_max_reward_seed_4_time_2026-04-03_20-48-09,Ninja,10,0.05,reward,4,465.0,0.0,0.0
oyt7m9qt,Ninja_10_roll_0_inner_0.05_pct_1_max_reward_seed_5_time_2026-04-03_20-49-36,Ninja,10,0.05,reward,5,240.0,10.0,0.041666666666666664
oiqb1d07,Ninja_10_roll_0_inner_0.05_pct_1_max_reward_seed_6_time_2026-04-03_20-50-06,Ninja,10,0.05,reward,6,208.0,10.0,0.04807692307692308
3anmwq9p,Ninja_10_roll_0_inner_0.05_pct_1_max_reward_seed_7_time_2026-04-03_20-50-23,Ninja,10,0.05,reward,7,66.0,0.0,0.0
v4o96kka,Ninja_10_roll_0_inner_0.05_pct_1_max_reward_seed_8_time_2026-04-03_20-50-37,Ninja,10,0.05,reward,8,455.0,0.0,0.0
z5880bhz,Ninja_10_roll_0_inner_0.05_pct_1_max_reward_seed_9_time_2026-04-03_20-51-46,Ninja,10,0.05,reward,9,29.0,0.0,0.0
um5bntlw,Ninja_10_roll_0_inner_0.05_pct_1_max_value_seed_0_time_2026-04-01_02-48-45,Ninja,10,0.05,value,0,372.0,10.0,0.026881720430107527
aa3cmgmw,Ninja_10_roll_0_inner_0.05_pct_1_max_value_seed_1_time_2026-04-01_02-49-59,Ninja,10,0.05,value,1,489.0,0.0,0.0
812143ka,Ninja_10_roll_0_inner_0.05_pct_1_max_value_seed_2_time_2026-04-01_02-51-17,Ninja,10,0.05,value,2,106.0,0.0,0.0
ndpb1agv,Ninja_10_roll_0_inner_0.05_pct_1_max_value_seed_3_time_2026-04-03_20-39-33,Ninja,10,0.05,value,3,1000.0,0.0,0.0
k5ei89wh,Ninja_10_roll_0_inner_0.05_pct_1_max_value_seed_4_time_2026-04-03_20-42-18,Ninja,10,0.05,value,4,465.0,0.0,0.0
3z4gnvqw,Ninja_10_roll_0_inner_0.05_pct_1_max_value_seed_5_time_2026-04-03_20-43-45,Ninja,10,0.05,value,5,870.0,0.0,0.0
cnqx448d,Ninja_10_roll_0_inner_0.05_pct_1_max_value_seed_6_time_2026-04-03_20-45-50,Ninja,10,0.05,value,6,208.0,10.0,0.04807692307692308
8tn6jn8d,Ninja_10_roll_0_inner_0.05_pct_1_max_value_seed_7_time_2026-04-03_20-46-07,Ninja,10,0.05,value,7,66.0,0.0,0.0
sotg5bdx,Ninja_10_roll_0_inner_0.05_pct_1_max_value_seed_8_time_2026-04-03_20-46-20,Ninja,10,0.05,value,8,282.0,0.0,0.0
dlw8jbl0,Ninja_10_roll_0_inner_0.05_pct_1_max_value_seed_9_time_2026-04-03_20-46-55,Ninja,10,0.05,value,9,123.0,0.0,0.0
pok9do1c,Ninja_10_roll_0_inner_0.1_pct_1_max_reward_seed_0_time_2026-04-01_03-00-28,Ninja,10,0.1,reward,0,163.0,10.0,0.06134969325153374
bo4354sa,Ninja_10_roll_0_inner_0.1_pct_1_max_reward_seed_1_time_2026-04-01_03-01-15,Ninja,10,0.1,reward,1,505.0,0.0,0.0
hiuibgi5,Ninja_10_roll_0_inner_0.1_pct_1_max_reward_seed_2_time_2026-04-01_03-03-16,Ninja,10,0.1,reward,2,169.0,0.0,0.0
csoqujsy,Ninja_10_roll_0_inner_0.1_pct_1_max_reward_seed_3_time_2026-04-03_21-03-16,Ninja,10,0.1,reward,3,683.0,0.0,0.0
flm5ix8u,Ninja_10_roll_0_inner_0.1_pct_1_max_reward_seed_4_time_2026-04-03_21-05-56,Ninja,10,0.1,reward,4,1000.0,0.0,0.0
omami22x,Ninja_10_roll_0_inner_0.1_pct_1_max_reward_seed_5_time_2026-04-03_21-09-39,Ninja,10,0.1,reward,5,338.0,10.0,0.029585798816568046
qjnv9is0,Ninja_10_roll_0_inner_0.1_pct_1_max_reward_seed_6_time_2026-04-03_21-11-08,Ninja,10,0.1,reward,6,122.0,10.0,0.08196721311475409
yr820560,Ninja_10_roll_0_inner_0.1_pct_1_max_reward_seed_7_time_2026-04-03_21-11-41,Ninja,10,0.1,reward,7,173.0,0.0,0.0
w3hai1qh,Ninja_10_roll_0_inner_0.1_pct_1_max_reward_seed_8_time_2026-04-03_21-12-22,Ninja,10,0.1,reward,8,249.0,0.0,0.0
o0h54ble,Ninja_10_roll_0_inner_0.1_pct_1_max_reward_seed_9_time_2026-04-03_21-13-40,Ninja,10,0.1,reward,9,576.0,0.0,0.0
96148r4n,Ninja_10_roll_0_inner_0.1_pct_1_max_value_seed_0_time_2026-04-01_02-57-29,Ninja,10,0.1,value,0,70.0,0.0,0.0
5k3gb9wp,Ninja_10_roll_0_inner_0.1_pct_1_max_value_seed_1_time_2026-04-01_02-57-49,Ninja,10,0.1,value,1,526.0,0.0,0.0
3bnexk9n,Ninja_10_roll_0_inner_0.1_pct_1_max_value_seed_2_time_2026-04-01_02-59-46,Ninja,10,0.1,value,2,118.0,0.0,0.0
bi84kk3f,Ninja_10_roll_0_inner_0.1_pct_1_max_value_seed_3_time_2026-04-03_20-51-59,Ninja,10,0.1,value,3,839.0,0.0,0.0
lk2auppd,Ninja_10_roll_0_inner_0.1_pct_1_max_value_seed_4_time_2026-04-03_20-55-05,Ninja,10,0.1,value,4,1000.0,0.0,0.0
uzrw3azo,Ninja_10_roll_0_inner_0.1_pct_1_max_value_seed_5_time_2026-04-03_20-58-46,Ninja,10,0.1,value,5,525.0,10.0,0.01904761904761905
z94b0tkd,Ninja_10_roll_0_inner_0.1_pct_1_max_value_seed_6_time_2026-04-03_21-00-54,Ninja,10,0.1,value,6,142.0,10.0,0.07042253521126761
3078wokl,Ninja_10_roll_0_inner_0.1_pct_1_max_value_seed_7_time_2026-04-03_21-01-32,Ninja,10,0.1,value,7,85.0,0.0,0.0
lansf0to,Ninja_10_roll_0_inner_0.1_pct_1_max_value_seed_8_time_2026-04-03_21-01-56,Ninja,10,0.1,value,8,88.0,0.0,0.0
xrsqb1hp,Ninja_10_roll_0_inner_0.1_pct_1_max_value_seed_9_time_2026-04-03_21-02-37,Ninja,10,0.1,value,9,220.0,0.0,0.0
akhbsrh6,Ninja_10_roll_0_inner_0.2_pct_1_max_reward_seed_0_time_2026-04-01_03-09-30,Ninja,10,0.2,reward,0,409.0,10.0,0.02444987775061125
qrihu5eu,Ninja_10_roll_0_inner_0.2_pct_1_max_reward_seed_1_time_2026-04-01_03-11-58,Ninja,10,0.2,reward,1,714.0,0.0,0.0
h44poyow,Ninja_10_roll_0_inner_0.2_pct_1_max_reward_seed_2_time_2026-04-01_03-15-47,Ninja,10,0.2,reward,2,292.0,0.0,0.0
ujer6x1c,Ninja_10_roll_0_inner_0.2_pct_1_max_reward_seed_3_time_2026-04-03_21-32-06,Ninja,10,0.2,reward,3,479.0,0.0,0.0
f6fh2ui7,Ninja_10_roll_0_inner_0.2_pct_1_max_reward_seed_4_time_2026-04-03_21-35-09,Ninja,10,0.2,reward,4,52.0,0.0,0.0
57q6hod8,Ninja_10_roll_0_inner_0.2_pct_1_max_reward_seed_5_time_2026-04-03_21-35-35,Ninja,10,0.2,reward,5,1000.0,0.0,0.0
6pj5nakg,Ninja_10_roll_0_inner_0.2_pct_1_max_reward_seed_6_time_2026-04-03_21-41-31,Ninja,10,0.2,reward,6,563.0,10.0,0.017761989342806393
m9fru25p,Ninja_10_roll_0_inner_0.2_pct_1_max_reward_seed_7_time_2026-04-03_21-45-20,Ninja,10,0.2,reward,7,64.0,0.0,0.0
9z5hc7an,Ninja_10_roll_0_inner_0.2_pct_1_max_reward_seed_8_time_2026-04-03_21-45-42,Ninja,10,0.2,reward,8,1000.0,0.0,0.0
1m09ayvq,Ninja_10_roll_0_inner_0.2_pct_1_max_reward_seed_9_time_2026-04-03_21-51-44,Ninja,10,0.2,reward,9,298.0,0.0,0.0
8kdm0fgb,Ninja_10_roll_0_inner_0.2_pct_1_max_value_seed_0_time_2026-04-01_03-03-57,Ninja,10,0.2,value,0,97.0,10.0,0.10309278350515463
2x037v0j,Ninja_10_roll_0_inner_0.2_pct_1_max_value_seed_1_time_2026-04-01_03-04-41,Ninja,10,0.2,value,1,212.0,0.0,0.0
uky7ubq4,Ninja_10_roll_0_inner_0.2_pct_1_max_value_seed_2_time_2026-04-01_03-05-47,Ninja,10,0.2,value,2,541.0,0.0,0.0
tg1wphzf,Ninja_10_roll_0_inner_0.2_pct_1_max_value_seed_3_time_2026-04-03_21-15-20,Ninja,10,0.2,value,3,259.0,0.0,0.0
0jwp20hy,Ninja_10_roll_0_inner_0.2_pct_1_max_value_seed_4_time_2026-04-03_21-17-00,Ninja,10,0.2,value,4,52.0,0.0,0.0
eajp47i8,Ninja_10_roll_0_inner_0.2_pct_1_max_value_seed_5_time_2026-04-03_21-17-27,Ninja,10,0.2,value,5,372.0,10.0,0.026881720430107527
vv58msn7,Ninja_10_roll_0_inner_0.2_pct_1_max_value_seed_6_time_2026-04-03_21-19-43,Ninja,10,0.2,value,6,616.0,0.0,0.0
1s7fsbfo,Ninja_10_roll_0_inner_0.2_pct_1_max_value_seed_7_time_2026-04-03_21-23-43,Ninja,10,0.2,value,7,577.0,0.0,0.0
bm61aeja,Ninja_10_roll_0_inner_0.2_pct_1_max_value_seed_8_time_2026-04-03_21-27-01,Ninja,10,0.2,value,8,455.0,0.0,0.0
bbjlnq6l,Ninja_10_roll_0_inner_0.2_pct_1_max_value_seed_9_time_2026-04-03_21-29-50,Ninja,10,0.2,value,9,320.0,0.0,0.0
bpa8l4nb,Ninja_10_roll_0_inner_0.5_pct_1_max_reward_seed_0_time_2026-04-01_03-50-30,Ninja,10,0.5,reward,0,1000.0,0.0,0.0
sqbelfsp,Ninja_10_roll_0_inner_0.5_pct_1_max_reward_seed_1_time_2026-04-01_04-01-50,Ninja,10,0.5,reward,1,1000.0,0.0,0.0
rnvcvwoi,Ninja_10_roll_0_inner_0.5_pct_1_max_reward_seed_2_time_2026-04-01_04-12-40,Ninja,10,0.5,reward,2,1000.0,0.0,0.0
rapv5v2v,Ninja_10_roll_0_inner_0.5_pct_1_max_reward_seed_3_time_2026-04-03_23-07-21,Ninja,10,0.5,reward,3,1000.0,0.0,0.0
e3i9ae6u,Ninja_10_roll_0_inner_0.5_pct_1_max_reward_seed_4_time_2026-04-03_23-18-10,Ninja,10,0.5,reward,4,1000.0,0.0,0.0
io2cqra7,Ninja_10_roll_0_inner_0.5_pct_1_max_reward_seed_5_time_2026-04-03_23-28-26,Ninja,10,0.5,reward,5,1000.0,0.0,0.0
tzbz4wap,Ninja_10_roll_0_inner_0.5_pct_1_max_reward_seed_6_time_2026-04-03_23-39-15,Ninja,10,0.5,reward,6,1000.0,0.0,0.0
f3m7y1ky,Ninja_10_roll_0_inner_0.5_pct_1_max_reward_seed_7_time_2026-04-03_23-49-35,Ninja,10,0.5,reward,7,1000.0,0.0,0.0
q05tpafm,Ninja_10_roll_0_inner_0.5_pct_1_max_reward_seed_8_time_2026-04-04_00-00-35,Ninja,10,0.5,reward,8,1000.0,0.0,0.0
4om6vkxn,Ninja_10_roll_0_inner_0.5_pct_1_max_reward_seed_9_time_2026-04-04_00-10-49,Ninja,10,0.5,reward,9,1000.0,0.0,0.0
60vk9bbi,Ninja_10_roll_0_inner_0.5_pct_1_max_value_seed_0_time_2026-04-01_03-17-55,Ninja,10,0.5,value,0,1000.0,0.0,0.0
3g2sq6yd,Ninja_10_roll_0_inner_0.5_pct_1_max_value_seed_1_time_2026-04-01_03-29-04,Ninja,10,0.5,value,1,1000.0,0.0,0.0
lscli36g,Ninja_10_roll_0_inner_0.5_pct_1_max_value_seed_2_time_2026-04-01_03-39-48,Ninja,10,0.5,value,2,1000.0,0.0,0.0
nflda06f,Ninja_10_roll_0_inner_0.5_pct_1_max_value_seed_3_time_2026-04-03_21-53-51,Ninja,10,0.5,value,3,1000.0,0.0,0.0
n22runf9,Ninja_10_roll_0_inner_0.5_pct_1_max_value_seed_4_time_2026-04-03_22-04-40,Ninja,10,0.5,value,4,1000.0,0.0,0.0
rkajtwae,Ninja_10_roll_0_inner_0.5_pct_1_max_value_seed_5_time_2026-04-03_22-14-45,Ninja,10,0.5,value,5,1000.0,0.0,0.0
6xuq97td,Ninja_10_roll_0_inner_0.5_pct_1_max_value_seed_6_time_2026-04-03_22-25-46,Ninja,10,0.5,value,6,1000.0,0.0,0.0
l8vsxfqy,Ninja_10_roll_0_inner_0.5_pct_1_max_value_seed_7_time_2026-04-03_22-36-10,Ninja,10,0.5,value,7,1000.0,0.0,0.0
w51aitbd,Ninja_10_roll_0_inner_0.5_pct_1_max_value_seed_8_time_2026-04-03_22-47-10,Ninja,10,0.5,value,8,1000.0,0.0,0.0
jt6i6a85,Ninja_10_roll_0_inner_0.5_pct_1_max_value_seed_9_time_2026-04-03_22-57-20,Ninja,10,0.5,value,9,1000.0,0.0,0.0
9580j3o9,Plunder_5_roll_0_inner_0.05_pct_1_max_reward_seed_0_time_2026-03-31_23-39-08,Plunder,5,0.05,reward,0,427.0,0.0,0.0
9wckvngt,Plunder_5_roll_0_inner_0.05_pct_1_max_reward_seed_1_time_2026-03-31_23-40-04,Plunder,5,0.05,reward,1,627.0,2.0,0.003189792663476874
3z8comos,Plunder_5_roll_0_inner_0.05_pct_1_max_reward_seed_2_time_2026-03-31_23-41-12,Plunder,5,0.05,reward,2,534.0,0.0,0.0
hgz4u031,Plunder_5_roll_0_inner_0.05_pct_1_max_reward_seed_3_time_2026-04-03_13-22-47,Plunder,5,0.05,reward,3,694.0,1.0,0.001440922190201729
0uy65shg,Plunder_5_roll_0_inner_0.05_pct_1_max_reward_seed_4_time_2026-04-03_13-23-44,Plunder,5,0.05,reward,4,734.0,3.0,0.004087193460490463
x7sk6wq8,Plunder_5_roll_0_inner_0.05_pct_1_max_reward_seed_5_time_2026-04-03_13-25-30,Plunder,5,0.05,reward,5,667.0,1.0,0.0014992503748125937
y8ycy18e,Plunder_5_roll_0_inner_0.05_pct_1_max_reward_seed_6_time_2026-04-03_13-26-52,Plunder,5,0.05,reward,6,574.0,0.0,0.0
ge6ux9if,Plunder_5_roll_0_inner_0.05_pct_1_max_reward_seed_7_time_2026-04-03_13-27-53,Plunder,5,0.05,reward,7,614.0,0.0,0.0
drxctgh2,Plunder_5_roll_0_inner_0.05_pct_1_max_reward_seed_8_time_2026-04-03_13-29-02,Plunder,5,0.05,reward,8,640.0,0.0,0.0
k6jwsou4,Plunder_5_roll_0_inner_0.05_pct_1_max_reward_seed_9_time_2026-04-03_13-30-14,Plunder,5,0.05,reward,9,827.0,3.0,0.0036275695284159614
tpyazzvn,Plunder_5_roll_0_inner_0.05_pct_1_max_value_seed_0_time_2026-03-31_23-35-23,Plunder,5,0.05,value,0,774.0,6.0,0.007751937984496124
eg6jbtza,Plunder_5_roll_0_inner_0.05_pct_1_max_value_seed_1_time_2026-03-31_23-36-49,Plunder,5,0.05,value,1,628.0,1.0,0.0015923566878980893
39gvrij6,Plunder_5_roll_0_inner_0.05_pct_1_max_value_seed_2_time_2026-03-31_23-37-59,Plunder,5,0.05,value,2,606.0,3.0,0.0049504950495049506
tbz9en4y,Plunder_5_roll_0_inner_0.05_pct_1_max_value_seed_3_time_2026-04-03_13-15-47,Plunder,5,0.05,value,3,640.0,2.0,0.003125
3uespdf6,Plunder_5_roll_0_inner_0.05_pct_1_max_value_seed_4_time_2026-04-03_13-16-53,Plunder,5,0.05,value,4,494.0,0.0,0.0
q9l6jbsc,Plunder_5_roll_0_inner_0.05_pct_1_max_value_seed_5_time_2026-04-03_13-17-47,Plunder,5,0.05,value,5,667.0,2.0,0.0029985007496251873
ptlbk4oa,Plunder_5_roll_0_inner_0.05_pct_1_max_value_seed_6_time_2026-04-03_13-18-58,Plunder,5,0.05,value,6,534.0,2.0,0.003745318352059925
3v9m9sco,Plunder_5_roll_0_inner_0.05_pct_1_max_value_seed_7_time_2026-04-03_13-19-52,Plunder,5,0.05,value,7,608.0,0.0,0.0
5wqnohnx,Plunder_5_roll_0_inner_0.05_pct_1_max_value_seed_8_time_2026-04-03_13-20-59,Plunder,5,0.05,value,8,556.0,0.0,0.0
5tmbv6g6,Plunder_5_roll_0_inner_0.05_pct_1_max_value_seed_9_time_2026-04-03_13-21-50,Plunder,5,0.05,value,9,587.0,1.0,0.0017035775127768314
ex4587sh,Plunder_5_roll_0_inner_0.1_pct_1_max_reward_seed_0_time_2026-03-31_23-47-23,Plunder,5,0.1,reward,0,587.0,0.0,0.0
9imj1tat,Plunder_5_roll_0_inner_0.1_pct_1_max_reward_seed_1_time_2026-03-31_23-48-47,Plunder,5,0.1,reward,1,640.0,3.0,0.0046875
6fhlzdgz,Plunder_5_roll_0_inner_0.1_pct_1_max_reward_seed_2_time_2026-03-31_23-50-28,Plunder,5,0.1,reward,2,544.0,1.0,0.001838235294117647
h47rb0i8,Plunder_5_roll_0_inner_0.1_pct_1_max_reward_seed_3_time_2026-04-03_13-42-24,Plunder,5,0.1,reward,3,640.0,3.0,0.0046875
rkb6k1kz,Plunder_5_roll_0_inner_0.1_pct_1_max_reward_seed_4_time_2026-04-03_13-43-46,Plunder,5,0.1,reward,4,520.0,1.0,0.0019230769230769232
j2d8ltbu,Plunder_5_roll_0_inner_0.1_pct_1_max_reward_seed_5_time_2026-04-03_13-45-23,Plunder,5,0.1,reward,5,602.0,1.0,0.0016611295681063123
rfq0vzo3,Plunder_5_roll_0_inner_0.1_pct_1_max_reward_seed_6_time_2026-04-03_13-47-12,Plunder,5,0.1,reward,6,547.0,1.0,0.0018281535648994515
o084sbtd,Plunder_5_roll_0_inner_0.1_pct_1_max_reward_seed_7_time_2026-04-03_13-48-46,Plunder,5,0.1,reward,7,668.0,1.0,0.0014970059880239522
t8iyidsw,Plunder_5_roll_0_inner_0.1_pct_1_max_reward_seed_8_time_2026-04-03_13-50-26,Plunder,5,0.1,reward,8,641.0,1.0,0.0015600624024961
6yn4pa71,Plunder_5_roll_0_inner_0.1_pct_1_max_reward_seed_9_time_2026-04-03_13-52-04,Plunder,5,0.1,reward,9,547.0,1.0,0.0018281535648994515
uw5usq4a,Plunder_5_roll_0_inner_0.1_pct_1_max_value_seed_0_time_2026-03-31_23-42-17,Plunder,5,0.1,value,0,628.0,2.0,0.0031847133757961785
sttz9r79,Plunder_5_roll_0_inner_0.1_pct_1_max_value_seed_1_time_2026-03-31_23-43-42,Plunder,5,0.1,value,1,574.0,2.0,0.003484320557491289
oan9zipe,Plunder_5_roll_0_inner_0.1_pct_1_max_value_seed_2_time_2026-03-31_23-45-26,Plunder,5,0.1,value,2,685.0,4.0,0.00583941605839416
j6th8rak,Plunder_5_roll_0_inner_0.1_pct_1_max_value_seed_3_time_2026-04-03_13-31-37,Plunder,5,0.1,value,3,502.0,1.0,0.00199203187250996
ubz1kptu,Plunder_5_roll_0_inner_0.1_pct_1_max_value_seed_4_time_2026-04-03_13-33-11,Plunder,5,0.1,value,4,547.0,1.0,0.0018281535648994515
ptuxdl9k,Plunder_5_roll_0_inner_0.1_pct_1_max_value_seed_5_time_2026-04-03_13-34-31,Plunder,5,0.1,value,5,576.0,2.0,0.003472222222222222
27uiw6n6,Plunder_5_roll_0_inner_0.1_pct_1_max_value_seed_6_time_2026-04-03_13-35-57,Plunder,5,0.1,value,6,464.0,2.0,0.004310344827586207
g4m3fwmp,Plunder_5_roll_0_inner_0.1_pct_1_max_value_seed_7_time_2026-04-03_13-37-15,Plunder,5,0.1,value,7,478.0,0.0,0.0
vecjera8,Plunder_5_roll_0_inner_0.1_pct_1_max_value_seed_8_time_2026-04-03_13-38-45,Plunder,5,0.1,value,8,547.0,1.0,0.0018281535648994515
rhdvepom,Plunder_5_roll_0_inner_0.1_pct_1_max_value_seed_9_time_2026-04-03_13-40-18,Plunder,5,0.1,value,9,774.0,7.0,0.00904392764857881
9qtbvnq1,Plunder_5_roll_0_inner_0.2_pct_1_max_reward_seed_0_time_2026-03-31_23-57-39,Plunder,5,0.2,reward,0,507.0,2.0,0.0039447731755424065
hppw3v9g,Plunder_5_roll_0_inner_0.2_pct_1_max_reward_seed_1_time_2026-03-31_23-59-56,Plunder,5,0.2,reward,1,520.0,1.0,0.0019230769230769232
9ito7koa,Plunder_5_roll_0_inner_0.2_pct_1_max_reward_seed_2_time_2026-04-01_00-02-15,Plunder,5,0.2,reward,2,507.0,4.0,0.007889546351084813
7givpz5c,Plunder_5_roll_0_inner_0.2_pct_1_max_reward_seed_3_time_2026-04-03_14-09-09,Plunder,5,0.2,reward,3,777.0,7.0,0.009009009009009009
z7bespl4,Plunder_5_roll_0_inner_0.2_pct_1_max_reward_seed_4_time_2026-04-03_14-12-14,Plunder,5,0.2,reward,4,480.0,0.0,0.0
xgcwb8m1,Plunder_5_roll_0_inner_0.2_pct_1_max_reward_seed_5_time_2026-04-03_14-14-08,Plunder,5,0.2,reward,5,635.0,1.0,0.0015748031496062992
c8aj76bu,Plunder_5_roll_0_inner_0.2_pct_1_max_reward_seed_6_time_2026-04-03_14-17-01,Plunder,5,0.2,reward,6,640.0,0.0,0.0
3jzdfgmh,Plunder_5_roll_0_inner_0.2_pct_1_max_reward_seed_7_time_2026-04-03_14-19-31,Plunder,5,0.2,reward,7,707.0,4.0,0.005657708628005658
xa4jqx2c,Plunder_5_roll_0_inner_0.2_pct_1_max_reward_seed_8_time_2026-04-03_14-22-21,Plunder,5,0.2,reward,8,517.0,1.0,0.0019342359767891683
ia2zcmin,Plunder_5_roll_0_inner_0.2_pct_1_max_reward_seed_9_time_2026-04-03_14-24-32,Plunder,5,0.2,reward,9,694.0,5.0,0.007204610951008645
gmixuq3m,Plunder_5_roll_0_inner_0.2_pct_1_max_value_seed_0_time_2026-03-31_23-52-10,Plunder,5,0.2,value,0,349.0,1.0,0.0028653295128939827
wju04064,Plunder_5_roll_0_inner_0.2_pct_1_max_value_seed_1_time_2026-03-31_23-53-52,Plunder,5,0.2,value,1,535.0,2.0,0.003738317757009346
y6kbfn80,Plunder_5_roll_0_inner_0.2_pct_1_max_value_seed_2_time_2026-03-31_23-55-52,Plunder,5,0.2,value,2,454.0,3.0,0.006607929515418502
onj3wsyh,Plunder_5_roll_0_inner_0.2_pct_1_max_value_seed_3_time_2026-04-03_13-53-36,Plunder,5,0.2,value,3,344.0,0.0,0.0
6b7fll12,Plunder_5_roll_0_inner_0.2_pct_1_max_value_seed_4_time_2026-04-03_13-55-04,Plunder,5,0.2,value,4,640.0,3.0,0.0046875
gl9xz1gf,Plunder_5_roll_0_inner_0.2_pct_1_max_value_seed_5_time_2026-04-03_13-58-09,Plunder,5,0.2,value,5,587.0,3.0,0.005110732538330494
z9f7ixb2,Plunder_5_roll_0_inner_0.2_pct_1_max_value_seed_6_time_2026-04-03_14-00-34,Plunder,5,0.2,value,6,483.0,3.0,0.006211180124223602
0qxcfcx1,Plunder_5_roll_0_inner_0.2_pct_1_max_value_seed_7_time_2026-04-03_14-02-34,Plunder,5,0.2,value,7,570.0,2.0,0.0035087719298245615
asd24wnw,Plunder_5_roll_0_inner_0.2_pct_1_max_value_seed_8_time_2026-04-03_14-05-01,Plunder,5,0.2,value,8,507.0,1.0,0.0019723865877712033
8ts9yqpj,Plunder_5_roll_0_inner_0.2_pct_1_max_value_seed_9_time_2026-04-03_14-07-03,Plunder,5,0.2,value,9,552.0,3.0,0.005434782608695652
8j4s2i35,Plunder_5_roll_0_inner_0.5_pct_1_max_reward_seed_0_time_2026-04-01_00-12-07,Plunder,5,0.5,reward,0,320.0,2.0,0.00625
5a4upmkf,Plunder_5_roll_0_inner_0.5_pct_1_max_reward_seed_1_time_2026-04-01_00-15-13,Plunder,5,0.5,reward,1,547.0,4.0,0.007312614259597806
tfehlr90,Plunder_5_roll_0_inner_0.5_pct_1_max_reward_seed_2_time_2026-04-01_00-20-00,Plunder,5,0.5,reward,2,342.0,1.0,0.0029239766081871343
h9icvw0q,Plunder_5_roll_0_inner_0.5_pct_1_max_reward_seed_3_time_2026-04-03_14-56-00,Plunder,5,0.5,reward,3,386.0,3.0,0.007772020725388601
fpy25cgn,Plunder_5_roll_0_inner_0.5_pct_1_max_reward_seed_4_time_2026-04-03_14-59-07,Plunder,5,0.5,reward,4,407.0,5.0,0.012285012285012284
n4vrmnp8,Plunder_5_roll_0_inner_0.5_pct_1_max_reward_seed_5_time_2026-04-03_15-02-52,Plunder,5,0.5,reward,5,374.0,3.0,0.008021390374331552
vtbgv2a9,Plunder_5_roll_0_inner_0.5_pct_1_max_reward_seed_6_time_2026-04-03_15-06-09,Plunder,5,0.5,reward,6,496.0,4.0,0.008064516129032258
jkbsl3o2,Plunder_5_roll_0_inner_0.5_pct_1_max_reward_seed_7_time_2026-04-03_15-10-01,Plunder,5,0.5,reward,7,587.0,8.0,0.013628620102214651
i39wx47q,Plunder_5_roll_0_inner_0.5_pct_1_max_reward_seed_8_time_2026-04-03_15-15-27,Plunder,5,0.5,reward,8,473.0,4.0,0.008456659619450317
789dj9ar,Plunder_5_roll_0_inner_0.5_pct_1_max_reward_seed_9_time_2026-04-03_15-19-15,Plunder,5,0.5,reward,9,267.0,2.0,0.00749063670411985
btruxtmq,Plunder_5_roll_0_inner_0.5_pct_1_max_value_seed_0_time_2026-04-01_00-04-34,Plunder,5,0.5,value,0,254.0,2.0,0.007874015748031496
34aqhda8,Plunder_5_roll_0_inner_0.5_pct_1_max_value_seed_1_time_2026-04-01_00-06-49,Plunder,5,0.5,value,1,321.0,0.0,0.0
fi83qktq,Plunder_5_roll_0_inner_0.5_pct_1_max_value_seed_2_time_2026-04-01_00-09-44,Plunder,5,0.5,value,2,281.0,1.0,0.0035587188612099642
fqs4tq22,Plunder_5_roll_0_inner_0.5_pct_1_max_value_seed_3_time_2026-04-03_14-27-36,Plunder,5,0.5,value,3,400.0,2.0,0.005
gcw6d53o,Plunder_5_roll_0_inner_0.5_pct_1_max_value_seed_4_time_2026-04-03_14-31-19,Plunder,5,0.5,value,4,494.0,4.0,0.008097165991902834
c6zb8rg5,Plunder_5_roll_0_inner_0.5_pct_1_max_value_seed_5_time_2026-04-03_14-35-25,Plunder,5,0.5,value,5,625.0,7.0,0.0112
rvgpvhmf,Plunder_5_roll_0_inner_0.5_pct_1_max_value_seed_6_time_2026-04-03_14-40-38,Plunder,5,0.5,value,6,481.0,4.0,0.008316008316008316
hgrbr0u7,Plunder_5_roll_0_inner_0.5_pct_1_max_value_seed_7_time_2026-04-03_14-44-39,Plunder,5,0.5,value,7,561.0,8.0,0.0142602495543672
ha76jw4d,Plunder_5_roll_0_inner_0.5_pct_1_max_value_seed_8_time_2026-04-03_14-49-31,Plunder,5,0.5,value,8,347.0,1.0,0.002881844380403458
9b5szm97,Plunder_5_roll_0_inner_0.5_pct_1_max_value_seed_9_time_2026-04-03_14-52-39,Plunder,5,0.5,value,9,414.0,4.0,0.00966183574879227
rj884je5,Plunder_5_roll_0_inner_1_pct_1_max_reward_seed_0_time_2026-04-12_14-34-51,Plunder,5,1.0,reward,0,426.0,4.0,0.009389671361502348
x8d28d6e,Plunder_5_roll_0_inner_1_pct_1_max_reward_seed_1_time_2026-04-12_14-46-05,Plunder,5,1.0,reward,1,573.0,7.0,0.012216404886561954
g7inrgyz,Plunder_5_roll_0_inner_1_pct_1_max_reward_seed_2_time_2026-04-12_15-01-12,Plunder,5,1.0,reward,2,315.0,4.0,0.012698412698412698
5r78d6hf,Plunder_5_roll_0_inner_1_pct_1_max_reward_seed_3_time_2026-04-12_15-09-34,Plunder,5,1.0,reward,3,347.0,3.0,0.008645533141210375
798ft2s6,Plunder_5_roll_0_inner_1_pct_1_max_reward_seed_4_time_2026-04-12_15-18-42,Plunder,5,1.0,reward,4,383.0,4.0,0.010443864229765013
xwto0ak0,Plunder_5_roll_0_inner_1_pct_1_max_reward_seed_5_time_2026-04-12_15-28-48,Plunder,5,1.0,reward,5,454.0,5.0,0.011013215859030838
bm8qvodk,Plunder_5_roll_0_inner_1_pct_1_max_reward_seed_6_time_2026-04-12_15-40-38,Plunder,5,1.0,reward,6,449.0,5.0,0.011135857461024499
4kdwpx3p,Plunder_5_roll_0_inner_1_pct_1_max_reward_seed_7_time_2026-04-12_15-52-33,Plunder,5,1.0,reward,7,537.0,8.0,0.0148975791433892
is349i7m,Plunder_5_roll_0_inner_1_pct_1_max_reward_seed_8_time_2026-04-12_16-06-38,Plunder,5,1.0,reward,8,361.0,5.0,0.013850415512465374
mid5zuxv,Plunder_5_roll_0_inner_1_pct_1_max_reward_seed_9_time_2026-04-12_16-16-11,Plunder,5,1.0,reward,9,351.0,2.0,0.005698005698005698
2qowdmk4,Plunder_5_roll_0_inner_1_pct_1_max_value_seed_0_time_2026-04-12_12-57-39,Plunder,5,1.0,value,0,325.0,2.0,0.006153846153846154
rvcp7pry,Plunder_5_roll_0_inner_1_pct_1_max_value_seed_1_time_2026-04-12_13-06-18,Plunder,5,1.0,value,1,440.0,6.0,0.013636363636363636
kodnuwd2,Plunder_5_roll_0_inner_1_pct_1_max_value_seed_2_time_2026-04-12_13-18-01,Plunder,5,1.0,value,2,263.0,2.0,0.0076045627376425855
kre8s989,Plunder_5_roll_0_inner_1_pct_1_max_value_seed_3_time_2026-04-12_13-24-55,Plunder,5,1.0,value,3,348.0,3.0,0.008620689655172414
n7cbn19k,Plunder_5_roll_0_inner_1_pct_1_max_value_seed_4_time_2026-04-12_13-34-06,Plunder,5,1.0,value,4,454.0,6.0,0.013215859030837005
z7927xk5,Plunder_5_roll_0_inner_1_pct_1_max_value_seed_5_time_2026-04-12_13-45-59,Plunder,5,1.0,value,5,217.0,1.0,0.004608294930875576
1vxu2leq,Plunder_5_roll_0_inner_1_pct_1_max_value_seed_6_time_2026-04-12_13-51-43,Plunder,5,1.0,value,6,440.0,1.0,0.0022727272727272726
wx8g3jmx,Plunder_5_roll_0_inner_1_pct_1_max_value_seed_7_time_2026-04-12_14-03-14,Plunder,5,1.0,value,7,451.0,6.0,0.013303769401330377
h9qeuo3l,Plunder_5_roll_0_inner_1_pct_1_max_value_seed_8_time_2026-04-12_14-15-14,Plunder,5,1.0,value,8,398.0,6.0,0.01507537688442211
wu5t409l,Plunder_5_roll_0_inner_1_pct_1_max_value_seed_9_time_2026-04-12_14-25-44,Plunder,5,1.0,value,9,346.0,2.0,0.005780346820809248
ga6qelbi,Plunder_10_roll_0_inner_0.05_pct_1_max_reward_seed_0_time_2026-04-01_00-27-12,Plunder,10,0.05,reward,0,494.0,0.0,0.0
326nfnx6,Plunder_10_roll_0_inner_0.05_pct_1_max_reward_seed_1_time_2026-04-01_00-28-31,Plunder,10,0.05,reward,1,600.0,2.0,0.0033333333333333335
6i3jmoxo,Plunder_10_roll_0_inner_0.05_pct_1_max_reward_seed_2_time_2026-04-01_00-30-16,Plunder,10,0.05,reward,2,760.0,4.0,0.005263157894736842
7s7e5b20,Plunder_10_roll_0_inner_0.05_pct_1_max_reward_seed_3_time_2026-04-03_15-32-33,Plunder,10,0.05,reward,3,627.0,1.0,0.001594896331738437
7d5ggthl,Plunder_10_roll_0_inner_0.05_pct_1_max_reward_seed_4_time_2026-04-03_15-34-12,Plunder,10,0.05,reward,4,534.0,0.0,0.0
gypukegi,Plunder_10_roll_0_inner_0.05_pct_1_max_reward_seed_5_time_2026-04-03_15-35-50,Plunder,10,0.05,reward,5,591.0,0.0,0.0
sdo5vfl5,Plunder_10_roll_0_inner_0.05_pct_1_max_reward_seed_6_time_2026-04-03_15-37-13,Plunder,10,0.05,reward,6,560.0,0.0,0.0
1gynzn9e,Plunder_10_roll_0_inner_0.05_pct_1_max_reward_seed_7_time_2026-04-03_15-38-25,Plunder,10,0.05,reward,7,694.0,1.0,0.001440922190201729
61kjm0ub,Plunder_10_roll_0_inner_0.05_pct_1_max_reward_seed_8_time_2026-04-03_15-40-19,Plunder,10,0.05,reward,8,516.0,0.0,0.0
2d5fyqjg,Plunder_10_roll_0_inner_0.05_pct_1_max_reward_seed_9_time_2026-04-03_15-41-27,Plunder,10,0.05,reward,9,654.0,0.0,0.0
2pcyohs9,Plunder_10_roll_0_inner_0.05_pct_1_max_value_seed_0_time_2026-04-01_00-22-59,Plunder,10,0.05,value,0,358.0,0.0,0.0
qe6mz4md,Plunder_10_roll_0_inner_0.05_pct_1_max_value_seed_1_time_2026-04-01_00-24-09,Plunder,10,0.05,value,1,667.0,1.0,0.0014992503748125937
7616zhkh,Plunder_10_roll_0_inner_0.05_pct_1_max_value_seed_2_time_2026-04-01_00-25-54,Plunder,10,0.05,value,2,480.0,1.0,0.0020833333333333333
7zy5sbbd,Plunder_10_roll_0_inner_0.05_pct_1_max_value_seed_3_time_2026-04-03_15-21-38,Plunder,10,0.05,value,3,480.0,1.0,0.0020833333333333333
cu1k52fv,Plunder_10_roll_0_inner_0.05_pct_1_max_value_seed_4_time_2026-04-03_15-23-09,Plunder,10,0.05,value,4,587.0,0.0,0.0
2thxs59o,Plunder_10_roll_0_inner_0.05_pct_1_max_value_seed_5_time_2026-04-03_15-24-54,Plunder,10,0.05,value,5,640.0,2.0,0.003125
34xzmlvp,Plunder_10_roll_0_inner_0.05_pct_1_max_value_seed_6_time_2026-04-03_15-26-42,Plunder,10,0.05,value,6,600.0,1.0,0.0016666666666666668
d28m6l6z,Plunder_10_roll_0_inner_0.05_pct_1_max_value_seed_7_time_2026-04-03_15-27-50,Plunder,10,0.05,value,7,587.0,1.0,0.0017035775127768314
xmhp5v88,Plunder_10_roll_0_inner_0.05_pct_1_max_value_seed_8_time_2026-04-03_15-29-16,Plunder,10,0.05,value,8,618.0,3.0,0.0048543689320388345
6rw7apd1,Plunder_10_roll_0_inner_0.05_pct_1_max_value_seed_9_time_2026-04-03_15-31-01,Plunder,10,0.05,value,9,654.0,5.0,0.00764525993883792
ycz3sso0,Plunder_10_roll_0_inner_0.1_pct_1_max_reward_seed_0_time_2026-04-01_00-38-23,Plunder,10,0.1,reward,0,520.0,1.0,0.0019230769230769232
tyvi94ok,Plunder_10_roll_0_inner_0.1_pct_1_max_reward_seed_1_time_2026-04-01_00-40-02,Plunder,10,0.1,reward,1,574.0,1.0,0.0017421602787456446
ciyhk3q4,Plunder_10_roll_0_inner_0.1_pct_1_max_reward_seed_2_time_2026-04-01_00-42-17,Plunder,10,0.1,reward,2,467.0,1.0,0.0021413276231263384
yrvijzt1,Plunder_10_roll_0_inner_0.1_pct_1_max_reward_seed_3_time_2026-04-03_15-58-08,Plunder,10,0.1,reward,3,533.0,1.0,0.001876172607879925
uvaeg40n,Plunder_10_roll_0_inner_0.1_pct_1_max_reward_seed_4_time_2026-04-03_16-00-26,Plunder,10,0.1,reward,4,665.0,2.0,0.0030075187969924814
ivtx64bh,Plunder_10_roll_0_inner_0.1_pct_1_max_reward_seed_5_time_2026-04-03_16-02-54,Plunder,10,0.1,reward,5,457.0,0.0,0.0
0c2742nh,Plunder_10_roll_0_inner_0.1_pct_1_max_reward_seed_6_time_2026-04-03_16-04-53,Plunder,10,0.1,reward,6,894.0,5.0,0.005592841163310962
sdfdo1mv,Plunder_10_roll_0_inner_0.1_pct_1_max_reward_seed_7_time_2026-04-03_16-08-23,Plunder,10,0.1,reward,7,600.0,1.0,0.0016666666666666668
kfiu1ar5,Plunder_10_roll_0_inner_0.1_pct_1_max_reward_seed_8_time_2026-04-03_16-10-50,Plunder,10,0.1,reward,8,480.0,0.0,0.0
5yyaqvsd,Plunder_10_roll_0_inner_0.1_pct_1_max_reward_seed_9_time_2026-04-03_16-12-55,Plunder,10,0.1,reward,9,614.0,2.0,0.003257328990228013
gzv4qv68,Plunder_10_roll_0_inner_0.1_pct_1_max_value_seed_0_time_2026-04-01_00-32-28,Plunder,10,0.1,value,0,467.0,0.0,0.0
2glzzm6i,Plunder_10_roll_0_inner_0.1_pct_1_max_value_seed_1_time_2026-04-01_00-34-16,Plunder,10,0.1,value,1,520.0,2.0,0.0038461538461538464
kc4f99vb,Plunder_10_roll_0_inner_0.1_pct_1_max_value_seed_2_time_2026-04-01_00-36-21,Plunder,10,0.1,value,2,560.0,1.0,0.0017857142857142857
0hyy5qgg,Plunder_10_roll_0_inner_0.1_pct_1_max_value_seed_3_time_2026-04-03_15-43-16,Plunder,10,0.1,value,3,493.0,2.0,0.004056795131845842
5e0mc1g8,Plunder_10_roll_0_inner_0.1_pct_1_max_value_seed_4_time_2026-04-03_15-45-21,Plunder,10,0.1,value,4,548.0,1.0,0.0018248175182481751
h8xc7zg3,Plunder_10_roll_0_inner_0.1_pct_1_max_value_seed_5_time_2026-04-03_15-47-22,Plunder,10,0.1,value,5,507.0,1.0,0.0019723865877712033
69m2cmcs,Plunder_10_roll_0_inner_0.1_pct_1_max_value_seed_6_time_2026-04-03_15-48-58,Plunder,10,0.1,value,6,574.0,1.0,0.0017421602787456446
j9cwso4i,Plunder_10_roll_0_inner_0.1_pct_1_max_value_seed_7_time_2026-04-03_15-51-24,Plunder,10,0.1,value,7,574.0,1.0,0.0017421602787456446
0hltux3u,Plunder_10_roll_0_inner_0.1_pct_1_max_value_seed_8_time_2026-04-03_15-53-40,Plunder,10,0.1,value,8,614.0,1.0,0.0016286644951140066
0mcjcs7v,Plunder_10_roll_0_inner_0.1_pct_1_max_value_seed_9_time_2026-04-03_15-55-52,Plunder,10,0.1,value,9,600.0,3.0,0.005
8cq2r46t,Plunder_10_roll_0_inner_0.2_pct_1_max_reward_seed_0_time_2026-04-01_00-52-49,Plunder,10,0.2,reward,0,320.0,0.0,0.0
fqwas9i2,Plunder_10_roll_0_inner_0.2_pct_1_max_reward_seed_1_time_2026-04-01_00-54-51,Plunder,10,0.2,reward,1,547.0,0.0,0.0
hjn5hsex,Plunder_10_roll_0_inner_0.2_pct_1_max_reward_seed_2_time_2026-04-01_00-57-51,Plunder,10,0.2,reward,2,488.0,2.0,0.004098360655737705
qvwqorfu,Plunder_10_roll_0_inner_0.2_pct_1_max_reward_seed_3_time_2026-04-03_16-39-09,Plunder,10,0.2,reward,3,654.0,1.0,0.0015290519877675841
lmxby5u1,Plunder_10_roll_0_inner_0.2_pct_1_max_reward_seed_4_time_2026-04-03_16-43-16,Plunder,10,0.2,reward,4,530.0,2.0,0.0037735849056603774
03z8yjf8,Plunder_10_roll_0_inner_0.2_pct_1_max_reward_seed_5_time_2026-04-03_16-47-18,Plunder,10,0.2,reward,5,667.0,2.0,0.0029985007496251873
k9y5jgpp,Plunder_10_roll_0_inner_0.2_pct_1_max_reward_seed_6_time_2026-04-03_16-51-16,Plunder,10,0.2,reward,6,520.0,1.0,0.0019230769230769232
8jfcyobv,Plunder_10_roll_0_inner_0.2_pct_1_max_reward_seed_7_time_2026-04-03_16-54-23,Plunder,10,0.2,reward,7,614.0,2.0,0.003257328990228013
pn4e7anp,Plunder_10_roll_0_inner_0.2_pct_1_max_reward_seed_8_time_2026-04-03_16-58-02,Plunder,10,0.2,reward,8,602.0,3.0,0.0049833887043189366
9tyoe57g,Plunder_10_roll_0_inner_0.2_pct_1_max_reward_seed_9_time_2026-04-03_17-01-49,Plunder,10,0.2,reward,9,574.0,1.0,0.0017421602787456446
itcwzt71,Plunder_10_roll_0_inner_0.2_pct_1_max_value_seed_0_time_2026-04-01_00-44-00,Plunder,10,0.2,value,0,414.0,1.0,0.0024154589371980675
fvbmb9c8,Plunder_10_roll_0_inner_0.2_pct_1_max_value_seed_1_time_2026-04-01_00-46-40,Plunder,10,0.2,value,1,522.0,1.0,0.0019157088122605363
4yjojd7u,Plunder_10_roll_0_inner_0.2_pct_1_max_value_seed_2_time_2026-04-01_00-50-11,Plunder,10,0.2,value,2,440.0,1.0,0.0022727272727272726
gs0mmlyw,Plunder_10_roll_0_inner_0.2_pct_1_max_value_seed_3_time_2026-04-03_16-15-35,Plunder,10,0.2,value,3,467.0,0.0,0.0
25l24bpu,Plunder_10_roll_0_inner_0.2_pct_1_max_value_seed_4_time_2026-04-03_16-18-20,Plunder,10,0.2,value,4,511.0,2.0,0.003913894324853229
7ygh2q95,Plunder_10_roll_0_inner_0.2_pct_1_max_value_seed_5_time_2026-04-03_16-21-38,Plunder,10,0.2,value,5,520.0,0.0,0.0
z2fkobfb,Plunder_10_roll_0_inner_0.2_pct_1_max_value_seed_6_time_2026-04-03_16-25-11,Plunder,10,0.2,value,6,560.0,1.0,0.0017857142857142857
tunud9b1,Plunder_10_roll_0_inner_0.2_pct_1_max_value_seed_7_time_2026-04-03_16-28-36,Plunder,10,0.2,value,7,590.0,2.0,0.003389830508474576
en0ibi5o,Plunder_10_roll_0_inner_0.2_pct_1_max_value_seed_8_time_2026-04-03_16-32-34,Plunder,10,0.2,value,8,641.0,2.0,0.0031201248049922
detot04z,Plunder_10_roll_0_inner_0.2_pct_1_max_value_seed_9_time_2026-04-03_16-36-29,Plunder,10,0.2,value,9,389.0,1.0,0.002570694087403599
x1sc33ww,Plunder_10_roll_0_inner_0.5_pct_1_max_reward_seed_0_time_2026-04-01_01-15-51,Plunder,10,0.5,reward,0,316.0,3.0,0.00949367088607595
5m9yj0ym,Plunder_10_roll_0_inner_0.5_pct_1_max_reward_seed_1_time_2026-04-01_01-19-17,Plunder,10,0.5,reward,1,462.0,6.0,0.012987012987012988
3n7h6fr9,Plunder_10_roll_0_inner_0.5_pct_1_max_reward_seed_2_time_2026-04-01_01-24-13,Plunder,10,0.5,reward,2,640.0,10.0,0.015625
sq43lro1,Plunder_10_roll_0_inner_0.5_pct_1_max_reward_seed_3_time_2026-04-03_17-38-27,Plunder,10,0.5,reward,3,330.0,2.0,0.006060606060606061
5hdxievk,Plunder_10_roll_0_inner_0.5_pct_1_max_reward_seed_4_time_2026-04-03_17-41-52,Plunder,10,0.5,reward,4,374.0,4.0,0.0106951871657754
f5rrht9s,Plunder_10_roll_0_inner_0.5_pct_1_max_reward_seed_5_time_2026-04-03_17-46-00,Plunder,10,0.5,reward,5,548.0,5.0,0.009124087591240875
musw5fd4,Plunder_10_roll_0_inner_0.5_pct_1_max_reward_seed_6_time_2026-04-03_17-52-02,Plunder,10,0.5,reward,6,480.0,3.0,0.00625
3z4iybii,Plunder_10_roll_0_inner_0.5_pct_1_max_reward_seed_7_time_2026-04-03_17-57-01,Plunder,10,0.5,reward,7,487.0,6.0,0.012320328542094456
wuqsp4cx,Plunder_10_roll_0_inner_0.5_pct_1_max_reward_seed_8_time_2026-04-03_18-02-31,Plunder,10,0.5,reward,8,454.0,4.0,0.00881057268722467
cm7yy6th,Plunder_10_roll_0_inner_0.5_pct_1_max_reward_seed_9_time_2026-04-03_18-07-29,Plunder,10,0.5,reward,9,347.0,5.0,0.01440922190201729
rud45gki,Plunder_10_roll_0_inner_0.5_pct_1_max_value_seed_0_time_2026-04-01_01-01-11,Plunder,10,0.5,value,0,250.0,1.0,0.004
rxwu7nv9,Plunder_10_roll_0_inner_0.5_pct_1_max_value_seed_1_time_2026-04-01_01-03-58,Plunder,10,0.5,value,1,462.0,6.0,0.012987012987012988
079ldd72,Plunder_10_roll_0_inner_0.5_pct_1_max_value_seed_2_time_2026-04-01_01-08-55,Plunder,10,0.5,value,2,640.0,10.0,0.015625
3dh0tmbv,Plunder_10_roll_0_inner_0.5_pct_1_max_value_seed_3_time_2026-04-03_17-05-50,Plunder,10,0.5,value,3,330.0,2.0,0.006060606060606061
07ni2ujw,Plunder_10_roll_0_inner_0.5_pct_1_max_value_seed_4_time_2026-04-03_17-09-14,Plunder,10,0.5,value,4,374.0,4.0,0.0106951871657754
0dgo51ra,Plunder_10_roll_0_inner_0.5_pct_1_max_value_seed_5_time_2026-04-03_17-13-24,Plunder,10,0.5,value,5,548.0,5.0,0.009124087591240875
i2f74q5o,Plunder_10_roll_0_inner_0.5_pct_1_max_value_seed_6_time_2026-04-03_17-19-24,Plunder,10,0.5,value,6,480.0,3.0,0.00625
a03vi7tl,Plunder_10_roll_0_inner_0.5_pct_1_max_value_seed_7_time_2026-04-03_17-24-22,Plunder,10,0.5,value,7,487.0,6.0,0.012320328542094456
aihc7jbs,Plunder_10_roll_0_inner_0.5_pct_1_max_value_seed_8_time_2026-04-03_17-29-54,Plunder,10,0.5,value,8,454.0,4.0,0.00881057268722467
66xe9uf3,Plunder_10_roll_0_inner_0.5_pct_1_max_value_seed_9_time_2026-04-03_17-34-53,Plunder,10,0.5,value,9,322.0,4.0,0.012422360248447204
5d3m2z1g,StarPilot_5_roll_0_inner_0.05_pct_1_max_reward_seed_0_time_2026-03-31_02-03-27,StarPilot,5,0.05,reward,0,81.0,0.0,0.0
zejfg82f,StarPilot_5_roll_0_inner_0.05_pct_1_max_reward_seed_1_time_2026-03-31_02-03-44,StarPilot,5,0.05,reward,1,69.0,3.0,0.043478260869565216
y2c8da8o,StarPilot_5_roll_0_inner_0.05_pct_1_max_reward_seed_2_time_2026-03-31_02-03-59,StarPilot,5,0.05,reward,2,32.0,0.0,0.0
vsq7vm24,StarPilot_5_roll_0_inner_0.05_pct_1_max_reward_seed_3_time_2026-04-01_15-36-48,StarPilot,5,0.05,reward,3,93.0,2.0,0.021505376344086023
8h4daouw,StarPilot_5_roll_0_inner_0.05_pct_1_max_reward_seed_4_time_2026-04-01_15-37-06,StarPilot,5,0.05,reward,4,68.0,0.0,0.0
fmnvkwcc,StarPilot_5_roll_0_inner_0.05_pct_1_max_reward_seed_5_time_2026-04-01_15-37-32,StarPilot,5,0.05,reward,5,51.0,0.0,0.0
wg3tvv86,StarPilot_5_roll_0_inner_0.05_pct_1_max_reward_seed_6_time_2026-04-01_15-37-47,StarPilot,5,0.05,reward,6,44.0,0.0,0.0
cgq6mx6z,StarPilot_5_roll_0_inner_0.05_pct_1_max_reward_seed_7_time_2026-04-01_15-38-02,StarPilot,5,0.05,reward,7,57.0,0.0,0.0
u8v0aeui,StarPilot_5_roll_0_inner_0.05_pct_1_max_reward_seed_8_time_2026-04-01_15-38-18,StarPilot,5,0.05,reward,8,54.0,0.0,0.0
wxa2unuv,StarPilot_5_roll_0_inner_0.05_pct_1_max_reward_seed_9_time_2026-04-01_15-38-35,StarPilot,5,0.05,reward,9,64.0,2.0,0.03125
n7f4tqxy,StarPilot_5_roll_0_inner_0.05_pct_1_max_value_seed_0_time_2026-03-31_02-02-48,StarPilot,5,0.05,value,0,78.0,0.0,0.0
0vapeevv,StarPilot_5_roll_0_inner_0.05_pct_1_max_value_seed_1_time_2026-03-31_02-03-03,StarPilot,5,0.05,value,1,50.0,1.0,0.02
s84q5dps,StarPilot_5_roll_0_inner_0.05_pct_1_max_value_seed_2_time_2026-03-31_02-03-16,StarPilot,5,0.05,value,2,32.0,0.0,0.0
6zo73mww,StarPilot_5_roll_0_inner_0.05_pct_1_max_value_seed_3_time_2026-04-01_15-35-04,StarPilot,5,0.05,value,3,96.0,2.0,0.020833333333333332
lhnrlzty,StarPilot_5_roll_0_inner_0.05_pct_1_max_value_seed_4_time_2026-04-01_15-35-22,StarPilot,5,0.05,value,4,66.0,0.0,0.0
llbk8ya4,StarPilot_5_roll_0_inner_0.05_pct_1_max_value_seed_5_time_2026-04-01_15-35-41,StarPilot,5,0.05,value,5,52.0,0.0,0.0
4do8mlcb,StarPilot_5_roll_0_inner_0.05_pct_1_max_value_seed_6_time_2026-04-01_15-35-55,StarPilot,5,0.05,value,6,43.0,0.0,0.0
guv7e7ci,StarPilot_5_roll_0_inner_0.05_pct_1_max_value_seed_7_time_2026-04-01_15-36-08,StarPilot,5,0.05,value,7,58.0,0.0,0.0
rbd89zf9,StarPilot_5_roll_0_inner_0.05_pct_1_max_value_seed_8_time_2026-04-01_15-36-22,StarPilot,5,0.05,value,8,54.0,0.0,0.0
n1bo3yxi,StarPilot_5_roll_0_inner_0.05_pct_1_max_value_seed_9_time_2026-04-01_15-36-35,StarPilot,5,0.05,value,9,63.0,0.0,0.0
0rot54p7,StarPilot_5_roll_0_inner_0.1_pct_1_max_reward_seed_0_time_2026-03-31_02-05-10,StarPilot,5,0.1,reward,0,81.0,0.0,0.0
511y2qqb,StarPilot_5_roll_0_inner_0.1_pct_1_max_reward_seed_1_time_2026-03-31_02-05-32,StarPilot,5,0.1,reward,1,75.0,4.0,0.05333333333333334
cpjpwvie,StarPilot_5_roll_0_inner_0.1_pct_1_max_reward_seed_2_time_2026-03-31_02-05-51,StarPilot,5,0.1,reward,2,33.0,0.0,0.0
iwu053m3,StarPilot_5_roll_0_inner_0.1_pct_1_max_reward_seed_3_time_2026-04-01_15-40-55,StarPilot,5,0.1,reward,3,99.0,2.0,0.020202020202020204
ksv353uq,StarPilot_5_roll_0_inner_0.1_pct_1_max_reward_seed_4_time_2026-04-01_15-41-12,StarPilot,5,0.1,reward,4,62.0,0.0,0.0
bj36geix,StarPilot_5_roll_0_inner_0.1_pct_1_max_reward_seed_5_time_2026-04-01_15-41-34,StarPilot,5,0.1,reward,5,51.0,0.0,0.0
p3c2nr75,StarPilot_5_roll_0_inner_0.1_pct_1_max_reward_seed_6_time_2026-04-01_15-41-52,StarPilot,5,0.1,reward,6,44.0,0.0,0.0
wz3k21hp,StarPilot_5_roll_0_inner_0.1_pct_1_max_reward_seed_7_time_2026-04-01_15-42-05,StarPilot,5,0.1,reward,7,59.0,0.0,0.0
g07txnzm,StarPilot_5_roll_0_inner_0.1_pct_1_max_reward_seed_8_time_2026-04-01_15-42-21,StarPilot,5,0.1,reward,8,49.0,0.0,0.0
kj1fizfx,StarPilot_5_roll_0_inner_0.1_pct_1_max_reward_seed_9_time_2026-04-01_15-42-36,StarPilot,5,0.1,reward,9,91.0,1.0,0.01098901098901099
rw4ebe0s,StarPilot_5_roll_0_inner_0.1_pct_1_max_value_seed_0_time_2026-03-31_02-04-12,StarPilot,5,0.1,value,0,74.0,1.0,0.013513513513513514
natd8f1k,StarPilot_5_roll_0_inner_0.1_pct_1_max_value_seed_1_time_2026-03-31_02-04-37,StarPilot,5,0.1,value,1,82.0,4.0,0.04878048780487805
uatj2iav,StarPilot_5_roll_0_inner_0.1_pct_1_max_value_seed_2_time_2026-03-31_02-04-59,StarPilot,5,0.1,value,2,31.0,0.0,0.0
g65027bh,StarPilot_5_roll_0_inner_0.1_pct_1_max_value_seed_3_time_2026-04-01_15-38-49,StarPilot,5,0.1,value,3,97.0,2.0,0.020618556701030927
6dypb7mr,StarPilot_5_roll_0_inner_0.1_pct_1_max_value_seed_4_time_2026-04-01_15-39-07,StarPilot,5,0.1,value,4,74.0,1.0,0.013513513513513514
u77p6vcb,StarPilot_5_roll_0_inner_0.1_pct_1_max_value_seed_5_time_2026-04-01_15-39-30,StarPilot,5,0.1,value,5,52.0,0.0,0.0
emcw19n5,StarPilot_5_roll_0_inner_0.1_pct_1_max_value_seed_6_time_2026-04-01_15-39-49,StarPilot,5,0.1,value,6,43.0,0.0,0.0
shwurbx4,StarPilot_5_roll_0_inner_0.1_pct_1_max_value_seed_7_time_2026-04-01_15-40-02,StarPilot,5,0.1,value,7,61.0,0.0,0.0
h4n6y7nn,StarPilot_5_roll_0_inner_0.1_pct_1_max_value_seed_8_time_2026-04-01_15-40-20,StarPilot,5,0.1,value,8,52.0,0.0,0.0
48z4q9pq,StarPilot_5_roll_0_inner_0.1_pct_1_max_value_seed_9_time_2026-04-01_15-40-34,StarPilot,5,0.1,value,9,65.0,0.0,0.0
b8x9xbsr,StarPilot_5_roll_0_inner_0.2_pct_1_max_reward_seed_0_time_2026-03-31_02-07-24,StarPilot,5,0.2,reward,0,80.0,0.0,0.0
r7nyk43p,StarPilot_5_roll_0_inner_0.2_pct_1_max_reward_seed_1_time_2026-03-31_02-07-53,StarPilot,5,0.2,reward,1,54.0,1.0,0.018518518518518517
vp5wqxep,StarPilot_5_roll_0_inner_0.2_pct_1_max_reward_seed_2_time_2026-03-31_02-08-09,StarPilot,5,0.2,reward,2,74.0,0.0,0.0
tqyg54ki,StarPilot_5_roll_0_inner_0.2_pct_1_max_reward_seed_3_time_2026-04-01_15-45-43,StarPilot,5,0.2,reward,3,100.0,2.0,0.02
u6hbz9w7,StarPilot_5_roll_0_inner_0.2_pct_1_max_reward_seed_4_time_2026-04-01_15-46-18,StarPilot,5,0.2,reward,4,66.0,0.0,0.0
j8c11sa1,StarPilot_5_roll_0_inner_0.2_pct_1_max_reward_seed_5_time_2026-04-01_15-46-42,StarPilot,5,0.2,reward,5,54.0,0.0,0.0
5gcqm3h5,StarPilot_5_roll_0_inner_0.2_pct_1_max_reward_seed_6_time_2026-04-01_15-47-01,StarPilot,5,0.2,reward,6,45.0,0.0,0.0
n6eeajhg,StarPilot_5_roll_0_inner_0.2_pct_1_max_reward_seed_7_time_2026-04-01_15-47-20,StarPilot,5,0.2,reward,7,58.0,0.0,0.0
3kfyeno5,StarPilot_5_roll_0_inner_0.2_pct_1_max_reward_seed_8_time_2026-04-01_15-47-46,StarPilot,5,0.2,reward,8,56.0,0.0,0.0
gt7a9336,StarPilot_5_roll_0_inner_0.2_pct_1_max_reward_seed_9_time_2026-04-01_15-48-07,StarPilot,5,0.2,reward,9,64.0,2.0,0.03125
gc3rpt66,StarPilot_5_roll_0_inner_0.2_pct_1_max_value_seed_0_time_2026-03-31_02-06-05,StarPilot,5,0.2,value,0,78.0,0.0,0.0
bvxxoomt,StarPilot_5_roll_0_inner_0.2_pct_1_max_value_seed_1_time_2026-03-31_02-06-35,StarPilot,5,0.2,value,1,55.0,2.0,0.03636363636363636
zhqnjqwn,StarPilot_5_roll_0_inner_0.2_pct_1_max_value_seed_2_time_2026-03-31_02-06-54,StarPilot,5,0.2,value,2,102.0,1.0,0.00980392156862745
uoieyiop,StarPilot_5_roll_0_inner_0.2_pct_1_max_value_seed_3_time_2026-04-01_15-42-59,StarPilot,5,0.2,value,3,95.0,2.0,0.021052631578947368
jq2yh50w,StarPilot_5_roll_0_inner_0.2_pct_1_max_value_seed_4_time_2026-04-01_15-43-36,StarPilot,5,0.2,value,4,74.0,1.0,0.013513513513513514
gi26ephv,StarPilot_5_roll_0_inner_0.2_pct_1_max_value_seed_5_time_2026-04-01_15-43-56,StarPilot,5,0.2,value,5,57.0,0.0,0.0
l79ezl51,StarPilot_5_roll_0_inner_0.2_pct_1_max_value_seed_6_time_2026-04-01_15-44-17,StarPilot,5,0.2,value,6,47.0,0.0,0.0
ye21gdft,StarPilot_5_roll_0_inner_0.2_pct_1_max_value_seed_7_time_2026-04-01_15-44-38,StarPilot,5,0.2,value,7,50.0,0.0,0.0
ybwzglss,StarPilot_5_roll_0_inner_0.2_pct_1_max_value_seed_8_time_2026-04-01_15-44-57,StarPilot,5,0.2,value,8,72.0,4.0,0.05555555555555555
sfnpax3v,StarPilot_5_roll_0_inner_0.2_pct_1_max_value_seed_9_time_2026-04-01_15-45-20,StarPilot,5,0.2,value,9,64.0,2.0,0.03125
lbzsqpxe,StarPilot_5_roll_0_inner_0.5_pct_1_max_reward_seed_0_time_2026-03-31_02-11-06,StarPilot,5,0.5,reward,0,95.0,0.0,0.0
4nf9q092,StarPilot_5_roll_0_inner_0.5_pct_1_max_reward_seed_1_time_2026-03-31_02-11-56,StarPilot,5,0.5,reward,1,61.0,1.0,0.01639344262295082
4fblv66k,StarPilot_5_roll_0_inner_0.5_pct_1_max_reward_seed_2_time_2026-03-31_02-12-33,StarPilot,5,0.5,reward,2,78.0,5.0,0.0641025641025641
ed77ok47,StarPilot_5_roll_0_inner_0.5_pct_1_max_reward_seed_3_time_2026-04-01_15-53-49,StarPilot,5,0.5,reward,3,91.0,3.0,0.03296703296703297
gtimkh7r,StarPilot_5_roll_0_inner_0.5_pct_1_max_reward_seed_4_time_2026-04-01_15-54-35,StarPilot,5,0.5,reward,4,165.0,2.0,0.012121212121212121
xkgumlup,StarPilot_5_roll_0_inner_0.5_pct_1_max_reward_seed_5_time_2026-04-01_15-56-09,StarPilot,5,0.5,reward,5,55.0,0.0,0.0
qon7lbbv,StarPilot_5_roll_0_inner_0.5_pct_1_max_reward_seed_6_time_2026-04-01_15-56-46,StarPilot,5,0.5,reward,6,72.0,0.0,0.0
bbb76uta,StarPilot_5_roll_0_inner_0.5_pct_1_max_reward_seed_7_time_2026-04-01_15-57-29,StarPilot,5,0.5,reward,7,56.0,0.0,0.0
id2ea5tz,StarPilot_5_roll_0_inner_0.5_pct_1_max_reward_seed_8_time_2026-04-01_15-58-05,StarPilot,5,0.5,reward,8,73.0,3.0,0.0410958904109589
7wtot3tj,StarPilot_5_roll_0_inner_0.5_pct_1_max_reward_seed_9_time_2026-04-01_15-58-47,StarPilot,5,0.5,reward,9,64.0,2.0,0.03125
bs7kf2fi,StarPilot_5_roll_0_inner_0.5_pct_1_max_value_seed_0_time_2026-03-31_02-08-29,StarPilot,5,0.5,value,0,85.0,0.0,0.0
ovx8xph9,StarPilot_5_roll_0_inner_0.5_pct_1_max_value_seed_1_time_2026-03-31_02-09-25,StarPilot,5,0.5,value,1,79.0,4.0,0.05063291139240506
7i2rgm3f,StarPilot_5_roll_0_inner_0.5_pct_1_max_value_seed_2_time_2026-03-31_02-10-13,StarPilot,5,0.5,value,2,79.0,5.0,0.06329113924050633
9noz922d,StarPilot_5_roll_0_inner_0.5_pct_1_max_value_seed_3_time_2026-04-01_15-48-29,StarPilot,5,0.5,value,3,99.0,4.0,0.04040404040404041
6ek72k2x,StarPilot_5_roll_0_inner_0.5_pct_1_max_value_seed_4_time_2026-04-01_15-49-31,StarPilot,5,0.5,value,4,109.0,0.0,0.0
bamk8de7,StarPilot_5_roll_0_inner_0.5_pct_1_max_value_seed_5_time_2026-04-01_15-50-32,StarPilot,5,0.5,value,5,49.0,0.0,0.0
4xex14py,StarPilot_5_roll_0_inner_0.5_pct_1_max_value_seed_6_time_2026-04-01_15-51-06,StarPilot,5,0.5,value,6,54.0,0.0,0.0
9l2gh6x7,StarPilot_5_roll_0_inner_0.5_pct_1_max_value_seed_7_time_2026-04-01_15-51-43,StarPilot,5,0.5,value,7,56.0,0.0,0.0
p96f448b,StarPilot_5_roll_0_inner_0.5_pct_1_max_value_seed_8_time_2026-04-01_15-52-23,StarPilot,5,0.5,value,8,70.0,3.0,0.04285714285714286
ejppfw79,StarPilot_5_roll_0_inner_0.5_pct_1_max_value_seed_9_time_2026-04-01_15-53-11,StarPilot,5,0.5,value,9,62.0,0.0,0.0
e0f9tect,StarPilot_5_roll_0_inner_1_pct_1_max_reward_seed_0_time_2026-04-10_22-29-42,StarPilot,5,1.0,reward,0,77.0,0.0,0.0
z8t7cpf6,StarPilot_5_roll_0_inner_1_pct_1_max_reward_seed_1_time_2026-04-10_22-31-47,StarPilot,5,1.0,reward,1,93.0,3.0,0.03225806451612903
ml2wcw2s,StarPilot_5_roll_0_inner_1_pct_1_max_reward_seed_2_time_2026-04-10_22-34-18,StarPilot,5,1.0,reward,2,136.0,6.0,0.04411764705882353
wyv6m4dy,StarPilot_5_roll_0_inner_1_pct_1_max_reward_seed_3_time_2026-04-10_22-37-53,StarPilot,5,1.0,reward,3,103.0,2.0,0.019417475728155338
kgto4ia5,StarPilot_5_roll_0_inner_1_pct_1_max_reward_seed_4_time_2026-04-10_22-40-37,StarPilot,5,1.0,reward,4,59.0,0.0,0.0
ovfort6v,StarPilot_5_roll_0_inner_1_pct_1_max_reward_seed_5_time_2026-04-10_22-42-11,StarPilot,5,1.0,reward,5,52.0,0.0,0.0
cguw22e1,StarPilot_5_roll_0_inner_1_pct_1_max_reward_seed_6_time_2026-04-10_22-43-35,StarPilot,5,1.0,reward,6,45.0,0.0,0.0
8t1wr0iy,StarPilot_5_roll_0_inner_1_pct_1_max_reward_seed_7_time_2026-04-10_22-44-49,StarPilot,5,1.0,reward,7,91.0,0.0,0.0
4qfdo1yy,StarPilot_5_roll_0_inner_1_pct_1_max_reward_seed_8_time_2026-04-10_22-47-13,StarPilot,5,1.0,reward,8,69.0,4.0,0.057971014492753624
5itlvw2x,StarPilot_5_roll_0_inner_1_pct_1_max_reward_seed_9_time_2026-04-10_22-49-03,StarPilot,5,1.0,reward,9,97.0,0.0,0.0
sl7j6wqv,StarPilot_5_roll_0_inner_1_pct_1_max_value_seed_0_time_2026-04-10_22-09-01,StarPilot,5,1.0,value,0,85.0,0.0,0.0
ckl9cy5q,StarPilot_5_roll_0_inner_1_pct_1_max_value_seed_1_time_2026-04-10_22-11-17,StarPilot,5,1.0,value,1,65.0,3.0,0.046153846153846156
77mqryk1,StarPilot_5_roll_0_inner_1_pct_1_max_value_seed_2_time_2026-04-10_22-13-03,StarPilot,5,1.0,value,2,29.0,0.0,0.0
ft9i650u,StarPilot_5_roll_0_inner_1_pct_1_max_value_seed_3_time_2026-04-10_22-13-51,StarPilot,5,1.0,value,3,75.0,0.0,0.0
gvpw5aoe,StarPilot_5_roll_0_inner_1_pct_1_max_value_seed_4_time_2026-04-10_22-15-50,StarPilot,5,1.0,value,4,160.0,3.0,0.01875
bwyeqy0r,StarPilot_5_roll_0_inner_1_pct_1_max_value_seed_5_time_2026-04-10_22-20-01,StarPilot,5,1.0,value,5,100.0,0.0,0.0
t9i5h0rp,StarPilot_5_roll_0_inner_1_pct_1_max_value_seed_6_time_2026-04-10_22-22-42,StarPilot,5,1.0,value,6,53.0,0.0,0.0
oir4yxb4,StarPilot_5_roll_0_inner_1_pct_1_max_value_seed_7_time_2026-04-10_22-24-08,StarPilot,5,1.0,value,7,81.0,0.0,0.0
68u9mjlx,StarPilot_5_roll_0_inner_1_pct_1_max_value_seed_8_time_2026-04-10_22-26-16,StarPilot,5,1.0,value,8,54.0,2.0,0.037037037037037035
2kkm0fcf,StarPilot_5_roll_0_inner_1_pct_1_max_value_seed_9_time_2026-04-10_22-27-42,StarPilot,5,1.0,value,9,69.0,0.0,0.0
2rkd2p3s,StarPilot_10_roll_0_inner_0.05_pct_1_max_reward_seed_0_time_2026-03-31_02-14-08,StarPilot,10,0.05,reward,0,76.0,0.0,0.0
jty4x7vy,StarPilot_10_roll_0_inner_0.05_pct_1_max_reward_seed_1_time_2026-03-31_02-14-28,StarPilot,10,0.05,reward,1,58.0,1.0,0.017241379310344827
dvjd22qy,StarPilot_10_roll_0_inner_0.05_pct_1_max_reward_seed_2_time_2026-03-31_02-14-43,StarPilot,10,0.05,reward,2,32.0,0.0,0.0
bmmf50ib,StarPilot_10_roll_0_inner_0.05_pct_1_max_reward_seed_3_time_2026-04-01_16-01-27,StarPilot,10,0.05,reward,3,98.0,2.0,0.02040816326530612
zbspdxvs,StarPilot_10_roll_0_inner_0.05_pct_1_max_reward_seed_4_time_2026-04-01_16-01-56,StarPilot,10,0.05,reward,4,68.0,0.0,0.0
w4c98l4x,StarPilot_10_roll_0_inner_0.05_pct_1_max_reward_seed_5_time_2026-04-01_16-02-15,StarPilot,10,0.05,reward,5,55.0,0.0,0.0
it8uhapx,StarPilot_10_roll_0_inner_0.05_pct_1_max_reward_seed_6_time_2026-04-01_16-02-30,StarPilot,10,0.05,reward,6,46.0,0.0,0.0
08hc1ny8,StarPilot_10_roll_0_inner_0.05_pct_1_max_reward_seed_7_time_2026-04-01_16-02-45,StarPilot,10,0.05,reward,7,59.0,0.0,0.0
xnuz9bm7,StarPilot_10_roll_0_inner_0.05_pct_1_max_reward_seed_8_time_2026-04-01_16-03-05,StarPilot,10,0.05,reward,8,52.0,0.0,0.0
q6wdallm,StarPilot_10_roll_0_inner_0.05_pct_1_max_reward_seed_9_time_2026-04-01_16-03-20,StarPilot,10,0.05,reward,9,61.0,0.0,0.0
wkujyl39,StarPilot_10_roll_0_inner_0.05_pct_1_max_value_seed_0_time_2026-03-31_02-13-20,StarPilot,10,0.05,value,0,75.0,0.0,0.0
0dzqw5zj,StarPilot_10_roll_0_inner_0.05_pct_1_max_value_seed_1_time_2026-03-31_02-13-40,StarPilot,10,0.05,value,1,55.0,2.0,0.03636363636363636
bj24zc7z,StarPilot_10_roll_0_inner_0.05_pct_1_max_value_seed_2_time_2026-03-31_02-13-55,StarPilot,10,0.05,value,2,32.0,0.0,0.0
2a4qvq53,StarPilot_10_roll_0_inner_0.05_pct_1_max_value_seed_3_time_2026-04-01_15-59-28,StarPilot,10,0.05,value,3,97.0,2.0,0.020618556701030927
dowtam1f,StarPilot_10_roll_0_inner_0.05_pct_1_max_value_seed_4_time_2026-04-01_15-59-48,StarPilot,10,0.05,value,4,70.0,0.0,0.0
6lp5wd5q,StarPilot_10_roll_0_inner_0.05_pct_1_max_value_seed_5_time_2026-04-01_16-00-10,StarPilot,10,0.05,value,5,52.0,0.0,0.0
607v0tth,StarPilot_10_roll_0_inner_0.05_pct_1_max_value_seed_6_time_2026-04-01_16-00-26,StarPilot,10,0.05,value,6,46.0,0.0,0.0
nvyhl7du,StarPilot_10_roll_0_inner_0.05_pct_1_max_value_seed_7_time_2026-04-01_16-00-39,StarPilot,10,0.05,value,7,57.0,0.0,0.0
k7rvu2x9,StarPilot_10_roll_0_inner_0.05_pct_1_max_value_seed_8_time_2026-04-01_16-00-56,StarPilot,10,0.05,value,8,51.0,0.0,0.0
13flwq02,StarPilot_10_roll_0_inner_0.05_pct_1_max_value_seed_9_time_2026-04-01_16-01-11,StarPilot,10,0.05,value,9,62.0,2.0,0.03225806451612903
raqbhg33,StarPilot_10_roll_0_inner_0.1_pct_1_max_reward_seed_0_time_2026-03-31_02-15-55,StarPilot,10,0.1,reward,0,82.0,0.0,0.0
7zle76e7,StarPilot_10_roll_0_inner_0.1_pct_1_max_reward_seed_1_time_2026-03-31_02-16-18,StarPilot,10,0.1,reward,1,67.0,1.0,0.014925373134328358
aan97pfm,StarPilot_10_roll_0_inner_0.1_pct_1_max_reward_seed_2_time_2026-03-31_02-16-38,StarPilot,10,0.1,reward,2,32.0,0.0,0.0
p7n5zu60,StarPilot_10_roll_0_inner_0.1_pct_1_max_reward_seed_3_time_2026-04-01_16-06-00,StarPilot,10,0.1,reward,3,95.0,2.0,0.021052631578947368
azw5sy6a,StarPilot_10_roll_0_inner_0.1_pct_1_max_reward_seed_4_time_2026-04-01_16-06-25,StarPilot,10,0.1,reward,4,68.0,0.0,0.0
b4rbfmyp,StarPilot_10_roll_0_inner_0.1_pct_1_max_reward_seed_5_time_2026-04-01_16-06-48,StarPilot,10,0.1,reward,5,54.0,0.0,0.0
kexmv6qq,StarPilot_10_roll_0_inner_0.1_pct_1_max_reward_seed_6_time_2026-04-01_16-07-15,StarPilot,10,0.1,reward,6,45.0,0.0,0.0
xqmb797a,StarPilot_10_roll_0_inner_0.1_pct_1_max_reward_seed_7_time_2026-04-01_16-07-28,StarPilot,10,0.1,reward,7,58.0,0.0,0.0
1dv222n8,StarPilot_10_roll_0_inner_0.1_pct_1_max_reward_seed_8_time_2026-04-01_16-08-02,StarPilot,10,0.1,reward,8,51.0,0.0,0.0
940grr5d,StarPilot_10_roll_0_inner_0.1_pct_1_max_reward_seed_9_time_2026-04-01_16-08-18,StarPilot,10,0.1,reward,9,65.0,2.0,0.03076923076923077
exb35ksw,StarPilot_10_roll_0_inner_0.1_pct_1_max_value_seed_0_time_2026-03-31_02-14-55,StarPilot,10,0.1,value,0,80.0,0.0,0.0
uumwq7pc,StarPilot_10_roll_0_inner_0.1_pct_1_max_value_seed_1_time_2026-03-31_02-15-19,StarPilot,10,0.1,value,1,55.0,2.0,0.03636363636363636
x1ohqb61,StarPilot_10_roll_0_inner_0.1_pct_1_max_value_seed_2_time_2026-03-31_02-15-41,StarPilot,10,0.1,value,2,30.0,0.0,0.0
jmnkgpyi,StarPilot_10_roll_0_inner_0.1_pct_1_max_value_seed_3_time_2026-04-01_16-03-32,StarPilot,10,0.1,value,3,94.0,4.0,0.0425531914893617
l92oqgmo,StarPilot_10_roll_0_inner_0.1_pct_1_max_value_seed_4_time_2026-04-01_16-03-51,StarPilot,10,0.1,value,4,66.0,0.0,0.0
nabhex45,StarPilot_10_roll_0_inner_0.1_pct_1_max_value_seed_5_time_2026-04-01_16-04-09,StarPilot,10,0.1,value,5,52.0,0.0,0.0
4aiaw0l3,StarPilot_10_roll_0_inner_0.1_pct_1_max_value_seed_6_time_2026-04-01_16-04-26,StarPilot,10,0.1,value,6,46.0,0.0,0.0
ainl4cpc,StarPilot_10_roll_0_inner_0.1_pct_1_max_value_seed_7_time_2026-04-01_16-04-39,StarPilot,10,0.1,value,7,83.0,0.0,0.0
5evf7v0p,StarPilot_10_roll_0_inner_0.1_pct_1_max_value_seed_8_time_2026-04-01_16-05-11,StarPilot,10,0.1,value,8,53.0,0.0,0.0
4mkee22l,StarPilot_10_roll_0_inner_0.1_pct_1_max_value_seed_9_time_2026-04-01_16-05-35,StarPilot,10,0.1,value,9,66.0,0.0,0.0
qf0wk4d5,StarPilot_10_roll_0_inner_0.2_pct_1_max_reward_seed_0_time_2026-03-31_02-18-05,StarPilot,10,0.2,reward,0,81.0,0.0,0.0
lg6qreen,StarPilot_10_roll_0_inner_0.2_pct_1_max_reward_seed_1_time_2026-03-31_02-18-39,StarPilot,10,0.2,reward,1,64.0,1.0,0.015625
onykx8k9,StarPilot_10_roll_0_inner_0.2_pct_1_max_reward_seed_2_time_2026-03-31_02-19-03,StarPilot,10,0.2,reward,2,31.0,0.0,0.0
u2ywm9lw,StarPilot_10_roll_0_inner_0.2_pct_1_max_reward_seed_3_time_2026-04-01_16-12-21,StarPilot,10,0.2,reward,3,90.0,4.0,0.044444444444444446
boe7bylf,StarPilot_10_roll_0_inner_0.2_pct_1_max_reward_seed_4_time_2026-04-01_16-13-06,StarPilot,10,0.2,reward,4,66.0,0.0,0.0
nlro3aie,StarPilot_10_roll_0_inner_0.2_pct_1_max_reward_seed_5_time_2026-04-01_16-13-36,StarPilot,10,0.2,reward,5,52.0,0.0,0.0
as03ztuo,StarPilot_10_roll_0_inner_0.2_pct_1_max_reward_seed_6_time_2026-04-01_16-14-02,StarPilot,10,0.2,reward,6,46.0,0.0,0.0
my9xz4ja,StarPilot_10_roll_0_inner_0.2_pct_1_max_reward_seed_7_time_2026-04-01_16-14-25,StarPilot,10,0.2,reward,7,57.0,0.0,0.0
ko1b9nfj,StarPilot_10_roll_0_inner_0.2_pct_1_max_reward_seed_8_time_2026-04-01_16-14-49,StarPilot,10,0.2,reward,8,54.0,0.0,0.0
qi9qc9xo,StarPilot_10_roll_0_inner_0.2_pct_1_max_reward_seed_9_time_2026-04-01_16-15-11,StarPilot,10,0.2,reward,9,66.0,2.0,0.030303030303030304
9tlxpz97,StarPilot_10_roll_0_inner_0.2_pct_1_max_value_seed_0_time_2026-03-31_02-16-51,StarPilot,10,0.2,value,0,78.0,0.0,0.0
c2nn0qmk,StarPilot_10_roll_0_inner_0.2_pct_1_max_value_seed_1_time_2026-03-31_02-17-25,StarPilot,10,0.2,value,1,70.0,3.0,0.04285714285714286
pud851d5,StarPilot_10_roll_0_inner_0.2_pct_1_max_value_seed_2_time_2026-03-31_02-17-51,StarPilot,10,0.2,value,2,33.0,0.0,0.0
12763q42,StarPilot_10_roll_0_inner_0.2_pct_1_max_value_seed_3_time_2026-04-01_16-08-42,StarPilot,10,0.2,value,3,93.0,2.0,0.021505376344086023
dterzx1u,StarPilot_10_roll_0_inner_0.2_pct_1_max_value_seed_4_time_2026-04-01_16-09-30,StarPilot,10,0.2,value,4,68.0,0.0,0.0
mm12pvta,StarPilot_10_roll_0_inner_0.2_pct_1_max_value_seed_5_time_2026-04-01_16-09-56,StarPilot,10,0.2,value,5,55.0,0.0,0.0
dl7z1vc8,StarPilot_10_roll_0_inner_0.2_pct_1_max_value_seed_6_time_2026-04-01_16-10-17,StarPilot,10,0.2,value,6,45.0,0.0,0.0
fc8uv3k9,StarPilot_10_roll_0_inner_0.2_pct_1_max_value_seed_7_time_2026-04-01_16-10-35,StarPilot,10,0.2,value,7,56.0,0.0,0.0
tg5q4jbb,StarPilot_10_roll_0_inner_0.2_pct_1_max_value_seed_8_time_2026-04-01_16-11-03,StarPilot,10,0.2,value,8,52.0,0.0,0.0
rphb3f6y,StarPilot_10_roll_0_inner_0.2_pct_1_max_value_seed_9_time_2026-04-01_16-11-41,StarPilot,10,0.2,value,9,97.0,3.0,0.030927835051546393
wvywwukd,StarPilot_10_roll_0_inner_0.5_pct_1_max_reward_seed_0_time_2026-03-31_02-21-33,StarPilot,10,0.5,reward,0,86.0,0.0,0.0
ck1cm98w,StarPilot_10_roll_0_inner_0.5_pct_1_max_reward_seed_1_time_2026-03-31_02-22-27,StarPilot,10,0.5,reward,1,68.0,3.0,0.04411764705882353
o35m2occ,StarPilot_10_roll_0_inner_0.5_pct_1_max_reward_seed_2_time_2026-03-31_02-23-13,StarPilot,10,0.5,reward,2,34.0,0.0,0.0
aasy90qh,StarPilot_10_roll_0_inner_0.5_pct_1_max_reward_seed_3_time_2026-04-01_16-21-58,StarPilot,10,0.5,reward,3,102.0,4.0,0.0392156862745098
kj6lucqo,StarPilot_10_roll_0_inner_0.5_pct_1_max_reward_seed_4_time_2026-04-01_16-23-13,StarPilot,10,0.5,reward,4,70.0,0.0,0.0
b31e6fou,StarPilot_10_roll_0_inner_0.5_pct_1_max_reward_seed_5_time_2026-04-01_16-24-09,StarPilot,10,0.5,reward,5,57.0,0.0,0.0
f23lr5we,StarPilot_10_roll_0_inner_0.5_pct_1_max_reward_seed_6_time_2026-04-01_16-24-48,StarPilot,10,0.5,reward,6,77.0,2.0,0.025974025974025976
ef3gzbx7,StarPilot_10_roll_0_inner_0.5_pct_1_max_reward_seed_7_time_2026-04-01_16-25-41,StarPilot,10,0.5,reward,7,57.0,0.0,0.0
g4joxdxn,StarPilot_10_roll_0_inner_0.5_pct_1_max_reward_seed_8_time_2026-04-01_16-26-21,StarPilot,10,0.5,reward,8,57.0,0.0,0.0
xu0pusbm,StarPilot_10_roll_0_inner_0.5_pct_1_max_reward_seed_9_time_2026-04-01_16-27-01,StarPilot,10,0.5,reward,9,92.0,4.0,0.043478260869565216
4ttvvjcp,StarPilot_10_roll_0_inner_0.5_pct_1_max_value_seed_0_time_2026-03-31_02-19-21,StarPilot,10,0.5,value,0,86.0,0.0,0.0
5e85yl1k,StarPilot_10_roll_0_inner_0.5_pct_1_max_value_seed_1_time_2026-03-31_02-20-15,StarPilot,10,0.5,value,1,68.0,3.0,0.04411764705882353
aifi76yo,StarPilot_10_roll_0_inner_0.5_pct_1_max_value_seed_2_time_2026-03-31_02-21-02,StarPilot,10,0.5,value,2,34.0,0.0,0.0
3pkzvxwp,StarPilot_10_roll_0_inner_0.5_pct_1_max_value_seed_3_time_2026-04-01_16-15-52,StarPilot,10,0.5,value,3,102.0,4.0,0.0392156862745098
2xh1wt6o,StarPilot_10_roll_0_inner_0.5_pct_1_max_value_seed_4_time_2026-04-01_16-17-08,StarPilot,10,0.5,value,4,70.0,0.0,0.0
z3t1sb10,StarPilot_10_roll_0_inner_0.5_pct_1_max_value_seed_5_time_2026-04-01_16-18-03,StarPilot,10,0.5,value,5,57.0,0.0,0.0
mcxa3zcq,StarPilot_10_roll_0_inner_0.5_pct_1_max_value_seed_6_time_2026-04-01_16-18-41,StarPilot,10,0.5,value,6,77.0,2.0,0.025974025974025976
c318ssx1,StarPilot_10_roll_0_inner_0.5_pct_1_max_value_seed_7_time_2026-04-01_16-19-35,StarPilot,10,0.5,value,7,57.0,0.0,0.0
toh52djj,StarPilot_10_roll_0_inner_0.5_pct_1_max_value_seed_8_time_2026-04-01_16-20-14,StarPilot,10,0.5,value,8,57.0,0.0,0.0
byifnwea,StarPilot_10_roll_0_inner_0.5_pct_1_max_value_seed_9_time_2026-04-01_16-20-55,StarPilot,10,0.5,value,9,92.0,4.0,0.043478260869565216
