run_id,run_name,env_type,planning_steps,planning_percentage,planning_mode,seed,episode_length,final_reward,reward_per_step
li07x0w8,BigFish_5_roll_0_inner_0.05_pct_1_max_random_seed_0_time_2026-04-09_19-20-42,BigFish,5,0.05,random,0,249.0,1.0,0.004016064257028112
uy6vba4j,BigFish_5_roll_0_inner_0.05_pct_1_max_random_seed_1_time_2026-04-09_19-20-57,BigFish,5,0.05,random,1,47.0,0.0,0.0
skjuu00j,BigFish_5_roll_0_inner_0.05_pct_1_max_random_seed_2_time_2026-04-09_19-21-08,BigFish,5,0.05,random,2,57.0,0.0,0.0
tykemej5,BigFish_5_roll_0_inner_0.05_pct_1_max_random_seed_3_time_2026-04-09_19-21-19,BigFish,5,0.05,random,3,85.0,0.0,0.0
nsqu9y27,BigFish_5_roll_0_inner_0.05_pct_1_max_random_seed_4_time_2026-04-09_19-21-30,BigFish,5,0.05,random,4,119.0,1.0,0.008403361344537815
x1fg7hka,BigFish_5_roll_0_inner_0.05_pct_1_max_random_seed_5_time_2026-04-09_19-21-42,BigFish,5,0.05,random,5,114.0,3.0,0.02631578947368421
tqk0sg9d,BigFish_5_roll_0_inner_0.05_pct_1_max_random_seed_6_time_2026-04-09_19-21-54,BigFish,5,0.05,random,6,238.0,1.0,0.004201680672268907
1qw5irks,BigFish_5_roll_0_inner_0.05_pct_1_max_random_seed_7_time_2026-04-09_19-22-08,BigFish,5,0.05,random,7,67.0,0.0,0.0
gq67md31,BigFish_5_roll_0_inner_0.05_pct_1_max_random_seed_8_time_2026-04-09_19-22-20,BigFish,5,0.05,random,8,70.0,0.0,0.0
69i9qaje,BigFish_5_roll_0_inner_0.05_pct_1_max_random_seed_9_time_2026-04-09_19-22-31,BigFish,5,0.05,random,9,142.0,2.0,0.014084507042253521
4tiz7vel,BigFish_5_roll_0_inner_0.1_pct_1_max_random_seed_0_time_2026-04-09_19-22-44,BigFish,5,0.1,random,0,247.0,1.0,0.004048582995951417
a6ff88gz,BigFish_5_roll_0_inner_0.1_pct_1_max_random_seed_1_time_2026-04-09_19-22-59,BigFish,5,0.1,random,1,47.0,0.0,0.0
nxqw1kyr,BigFish_5_roll_0_inner_0.1_pct_1_max_random_seed_2_time_2026-04-09_19-23-10,BigFish,5,0.1,random,2,61.0,0.0,0.0
9srpeyk3,BigFish_5_roll_0_inner_0.1_pct_1_max_random_seed_3_time_2026-04-09_19-23-20,BigFish,5,0.1,random,3,87.0,0.0,0.0
hcsdmyl2,BigFish_5_roll_0_inner_0.1_pct_1_max_random_seed_4_time_2026-04-09_19-23-32,BigFish,5,0.1,random,4,236.0,0.0,0.0
l9k47uny,BigFish_5_roll_0_inner_0.1_pct_1_max_random_seed_5_time_2026-04-09_19-23-47,BigFish,5,0.1,random,5,112.0,3.0,0.026785714285714284
zz5szpgd,BigFish_5_roll_0_inner_0.1_pct_1_max_random_seed_6_time_2026-04-09_19-23-59,BigFish,5,0.1,random,6,239.0,1.0,0.0041841004184100415
c7i5pv7m,BigFish_5_roll_0_inner_0.1_pct_1_max_random_seed_7_time_2026-04-09_19-24-14,BigFish,5,0.1,random,7,65.0,0.0,0.0
pkvjnf16,BigFish_5_roll_0_inner_0.1_pct_1_max_random_seed_8_time_2026-04-09_19-24-25,BigFish,5,0.1,random,8,72.0,0.0,0.0
f0xq9bo8,BigFish_5_roll_0_inner_0.1_pct_1_max_random_seed_9_time_2026-04-09_19-24-36,BigFish,5,0.1,random,9,87.0,1.0,0.011494252873563218
hyp2sn4y,BigFish_5_roll_0_inner_0.2_pct_1_max_random_seed_0_time_2026-04-09_19-24-47,BigFish,5,0.2,random,0,249.0,1.0,0.004016064257028112
skw0nyyn,BigFish_5_roll_0_inner_0.2_pct_1_max_random_seed_1_time_2026-04-09_19-25-03,BigFish,5,0.2,random,1,49.0,0.0,0.0
gwsvo40f,BigFish_5_roll_0_inner_0.2_pct_1_max_random_seed_2_time_2026-04-09_19-25-13,BigFish,5,0.2,random,2,52.0,0.0,0.0
j9zkiw8g,BigFish_5_roll_0_inner_0.2_pct_1_max_random_seed_3_time_2026-04-09_19-25-23,BigFish,5,0.2,random,3,84.0,0.0,0.0
ef9gfpkf,BigFish_5_roll_0_inner_0.2_pct_1_max_random_seed_4_time_2026-04-09_19-25-35,BigFish,5,0.2,random,4,216.0,0.0,0.0
thkk8h85,BigFish_5_roll_0_inner_0.2_pct_1_max_random_seed_5_time_2026-04-09_19-25-49,BigFish,5,0.2,random,5,109.0,3.0,0.027522935779816515
epzg5893,BigFish_5_roll_0_inner_0.2_pct_1_max_random_seed_6_time_2026-04-09_19-26-01,BigFish,5,0.2,random,6,109.0,1.0,0.009174311926605505
sodvg825,BigFish_5_roll_0_inner_0.2_pct_1_max_random_seed_7_time_2026-04-09_19-26-13,BigFish,5,0.2,random,7,178.0,0.0,0.0
6y3iyiah,BigFish_5_roll_0_inner_0.2_pct_1_max_random_seed_8_time_2026-04-09_19-26-27,BigFish,5,0.2,random,8,67.0,0.0,0.0
wnlzac2n,BigFish_5_roll_0_inner_0.2_pct_1_max_random_seed_9_time_2026-04-09_19-26-37,BigFish,5,0.2,random,9,105.0,1.0,0.009523809523809525
jngcs2ln,BigFish_5_roll_0_inner_0.5_pct_1_max_random_seed_0_time_2026-04-09_19-26-49,BigFish,5,0.5,random,0,85.0,0.0,0.0
h537dxy2,BigFish_5_roll_0_inner_0.5_pct_1_max_random_seed_1_time_2026-04-09_19-27-01,BigFish,5,0.5,random,1,56.0,0.0,0.0
vl88jdi4,BigFish_5_roll_0_inner_0.5_pct_1_max_random_seed_2_time_2026-04-09_19-27-11,BigFish,5,0.5,random,2,50.0,0.0,0.0
nz6xvlag,BigFish_5_roll_0_inner_0.5_pct_1_max_random_seed_3_time_2026-04-09_19-27-22,BigFish,5,0.5,random,3,87.0,0.0,0.0
0it33zgf,BigFish_5_roll_0_inner_0.5_pct_1_max_random_seed_4_time_2026-04-09_19-27-33,BigFish,5,0.5,random,4,232.0,0.0,0.0
xyeflct5,BigFish_5_roll_0_inner_0.5_pct_1_max_random_seed_5_time_2026-04-09_19-27-48,BigFish,5,0.5,random,5,120.0,1.0,0.008333333333333333
p6450oku,BigFish_5_roll_0_inner_0.5_pct_1_max_random_seed_6_time_2026-04-09_19-28-00,BigFish,5,0.5,random,6,340.0,0.0,0.0
4b74i1as,BigFish_5_roll_0_inner_0.5_pct_1_max_random_seed_7_time_2026-04-09_19-28-18,BigFish,5,0.5,random,7,64.0,0.0,0.0
y9t5hxeq,BigFish_5_roll_0_inner_0.5_pct_1_max_random_seed_8_time_2026-04-09_19-28-29,BigFish,5,0.5,random,8,65.0,0.0,0.0
5keidxnm,BigFish_5_roll_0_inner_0.5_pct_1_max_random_seed_9_time_2026-04-09_19-28-40,BigFish,5,0.5,random,9,89.0,1.0,0.011235955056179775
z8gl9opo,BigFish_5_roll_0_inner_1_pct_1_max_random_seed_0_time_2026-04-14_20-13-57,BigFish,5,1.0,random,0,284.0,1.0,0.0035211267605633804
5tdvm4l6,BigFish_5_roll_0_inner_1_pct_1_max_random_seed_1_time_2026-04-14_20-14-14,BigFish,5,1.0,random,1,64.0,0.0,0.0
ex4s101v,BigFish_5_roll_0_inner_1_pct_1_max_random_seed_2_time_2026-04-14_20-14-26,BigFish,5,1.0,random,2,51.0,0.0,0.0
88ve9yt3,BigFish_5_roll_0_inner_1_pct_1_max_random_seed_3_time_2026-04-14_20-14-37,BigFish,5,1.0,random,3,86.0,1.0,0.011627906976744186
p3ii173x,BigFish_5_roll_0_inner_1_pct_1_max_random_seed_4_time_2026-04-14_20-14-48,BigFish,5,1.0,random,4,128.0,0.0,0.0
k6937qt7,BigFish_5_roll_0_inner_1_pct_1_max_random_seed_5_time_2026-04-14_20-15-01,BigFish,5,1.0,random,5,108.0,3.0,0.027777777777777776
s434q1zy,BigFish_5_roll_0_inner_1_pct_1_max_random_seed_6_time_2026-04-14_20-15-14,BigFish,5,1.0,random,6,155.0,1.0,0.0064516129032258064
3q0w5k9h,BigFish_5_roll_0_inner_1_pct_1_max_random_seed_7_time_2026-04-14_20-15-28,BigFish,5,1.0,random,7,69.0,0.0,0.0
a4vvjqw7,BigFish_5_roll_0_inner_1_pct_1_max_random_seed_8_time_2026-04-14_20-15-39,BigFish,5,1.0,random,8,63.0,0.0,0.0
1ywk55wf,BigFish_5_roll_0_inner_1_pct_1_max_random_seed_9_time_2026-04-14_20-15-50,BigFish,5,1.0,random,9,89.0,1.0,0.011235955056179775
cx6p3x2w,BossFight_5_roll_0_inner_0.05_pct_1_max_random_seed_0_time_2026-04-09_20-38-53,BossFight,5,0.05,random,0,31.0,0.0,0.0
vuxeq6fy,BossFight_5_roll_0_inner_0.05_pct_1_max_random_seed_1_time_2026-04-09_20-39-03,BossFight,5,0.05,random,1,48.0,0.0,0.0
kou45xhy,BossFight_5_roll_0_inner_0.05_pct_1_max_random_seed_2_time_2026-04-09_20-39-13,BossFight,5,0.05,random,2,27.0,0.0,0.0
9hzeg16c,BossFight_5_roll_0_inner_0.05_pct_1_max_random_seed_3_time_2026-04-09_20-39-23,BossFight,5,0.05,random,3,124.0,0.0,0.0
knvdnb4h,BossFight_5_roll_0_inner_0.05_pct_1_max_random_seed_4_time_2026-04-09_20-39-35,BossFight,5,0.05,random,4,60.0,0.0,0.0
acngipy7,BossFight_5_roll_0_inner_0.05_pct_1_max_random_seed_5_time_2026-04-09_20-39-44,BossFight,5,0.05,random,5,26.0,0.0,0.0
d1bvvfq6,BossFight_5_roll_0_inner_0.05_pct_1_max_random_seed_6_time_2026-04-09_20-39-54,BossFight,5,0.05,random,6,113.0,0.0,0.0
sfnzca46,BossFight_5_roll_0_inner_0.05_pct_1_max_random_seed_7_time_2026-04-09_20-40-05,BossFight,5,0.05,random,7,35.0,0.0,0.0
i5ey0i58,BossFight_5_roll_0_inner_0.05_pct_1_max_random_seed_8_time_2026-04-09_20-40-14,BossFight,5,0.05,random,8,26.0,0.0,0.0
pnt5wxmm,BossFight_5_roll_0_inner_0.05_pct_1_max_random_seed_9_time_2026-04-09_20-40-23,BossFight,5,0.05,random,9,11.0,0.0,0.0
rspc9ad5,BossFight_5_roll_0_inner_0.1_pct_1_max_random_seed_0_time_2026-04-09_20-40-35,BossFight,5,0.1,random,0,31.0,0.0,0.0
fu9tt6mo,BossFight_5_roll_0_inner_0.1_pct_1_max_random_seed_1_time_2026-04-09_20-40-44,BossFight,5,0.1,random,1,48.0,0.0,0.0
ldu6m6ot,BossFight_5_roll_0_inner_0.1_pct_1_max_random_seed_2_time_2026-04-09_20-40-54,BossFight,5,0.1,random,2,95.0,0.0,0.0
td575s44,BossFight_5_roll_0_inner_0.1_pct_1_max_random_seed_3_time_2026-04-09_20-41-05,BossFight,5,0.1,random,3,59.0,0.0,0.0
x8nzl5nl,BossFight_5_roll_0_inner_0.1_pct_1_max_random_seed_4_time_2026-04-09_20-41-15,BossFight,5,0.1,random,4,80.0,0.0,0.0
s9zmiamu,BossFight_5_roll_0_inner_0.1_pct_1_max_random_seed_5_time_2026-04-09_20-41-34,BossFight,5,0.1,random,5,28.0,0.0,0.0
weo2do26,BossFight_5_roll_0_inner_0.1_pct_1_max_random_seed_6_time_2026-04-09_20-41-44,BossFight,5,0.1,random,6,26.0,0.0,0.0
b10vn3ay,BossFight_5_roll_0_inner_0.1_pct_1_max_random_seed_7_time_2026-04-09_20-41-53,BossFight,5,0.1,random,7,20.0,0.0,0.0
l3xl8ujh,BossFight_5_roll_0_inner_0.1_pct_1_max_random_seed_8_time_2026-04-09_20-42-02,BossFight,5,0.1,random,8,23.0,0.0,0.0
7sw5ue7y,BossFight_5_roll_0_inner_0.1_pct_1_max_random_seed_9_time_2026-04-09_20-42-11,BossFight,5,0.1,random,9,11.0,0.0,0.0
u5yier44,BossFight_5_roll_0_inner_0.2_pct_1_max_random_seed_0_time_2026-04-09_20-42-20,BossFight,5,0.2,random,0,39.0,0.0,0.0
1i376d02,BossFight_5_roll_0_inner_0.2_pct_1_max_random_seed_1_time_2026-04-09_20-42-30,BossFight,5,0.2,random,1,64.0,0.0,0.0
g9621gwi,BossFight_5_roll_0_inner_0.2_pct_1_max_random_seed_2_time_2026-04-09_20-42-40,BossFight,5,0.2,random,2,58.0,0.0,0.0
wgasbfa4,BossFight_5_roll_0_inner_0.2_pct_1_max_random_seed_3_time_2026-04-09_20-42-50,BossFight,5,0.2,random,3,120.0,0.0,0.0
3mj7vzu7,BossFight_5_roll_0_inner_0.2_pct_1_max_random_seed_4_time_2026-04-09_20-43-01,BossFight,5,0.2,random,4,88.0,0.0,0.0
kqo8vz24,BossFight_5_roll_0_inner_0.2_pct_1_max_random_seed_5_time_2026-04-09_20-43-12,BossFight,5,0.2,random,5,29.0,0.0,0.0
utb7h0ss,BossFight_5_roll_0_inner_0.2_pct_1_max_random_seed_6_time_2026-04-09_20-43-21,BossFight,5,0.2,random,6,10.0,0.0,0.0
mizlgrs1,BossFight_5_roll_0_inner_0.2_pct_1_max_random_seed_7_time_2026-04-09_20-43-30,BossFight,5,0.2,random,7,30.0,0.0,0.0
lugsdwu3,BossFight_5_roll_0_inner_0.2_pct_1_max_random_seed_8_time_2026-04-09_20-43-39,BossFight,5,0.2,random,8,23.0,0.0,0.0
wuhd3mz2,BossFight_5_roll_0_inner_0.2_pct_1_max_random_seed_9_time_2026-04-09_20-43-48,BossFight,5,0.2,random,9,16.0,0.0,0.0
es9d4rcl,BossFight_5_roll_0_inner_0.5_pct_1_max_random_seed_0_time_2026-04-09_20-43-57,BossFight,5,0.5,random,0,39.0,0.0,0.0
j1zrl2fp,BossFight_5_roll_0_inner_0.5_pct_1_max_random_seed_1_time_2026-04-09_20-44-07,BossFight,5,0.5,random,1,30.0,0.0,0.0
fruc7whz,BossFight_5_roll_0_inner_0.5_pct_1_max_random_seed_2_time_2026-04-09_20-44-16,BossFight,5,0.5,random,2,26.0,0.0,0.0
6cq8jj81,BossFight_5_roll_0_inner_0.5_pct_1_max_random_seed_3_time_2026-04-09_20-44-25,BossFight,5,0.5,random,3,34.0,0.0,0.0
y10kpah6,BossFight_5_roll_0_inner_0.5_pct_1_max_random_seed_4_time_2026-04-09_20-44-35,BossFight,5,0.5,random,4,89.0,0.0,0.0
lgmsgip6,BossFight_5_roll_0_inner_0.5_pct_1_max_random_seed_5_time_2026-04-09_20-44-45,BossFight,5,0.5,random,5,28.0,0.0,0.0
w1q6u8hg,BossFight_5_roll_0_inner_0.5_pct_1_max_random_seed_6_time_2026-04-09_20-44-54,BossFight,5,0.5,random,6,10.0,0.0,0.0
q0la5a0e,BossFight_5_roll_0_inner_0.5_pct_1_max_random_seed_7_time_2026-04-09_20-45-03,BossFight,5,0.5,random,7,17.0,0.0,0.0
2klcvkl8,BossFight_5_roll_0_inner_0.5_pct_1_max_random_seed_8_time_2026-04-09_20-45-12,BossFight,5,0.5,random,8,475.0,0.0,0.0
6v3tf1me,BossFight_5_roll_0_inner_0.5_pct_1_max_random_seed_9_time_2026-04-09_20-45-32,BossFight,5,0.5,random,9,29.0,0.0,0.0
yul47kz1,BossFight_5_roll_0_inner_1_pct_1_max_random_seed_0_time_2026-04-14_20-33-33,BossFight,5,1.0,random,0,78.0,0.0,0.0
dvxcze63,BossFight_5_roll_0_inner_1_pct_1_max_random_seed_1_time_2026-04-14_20-33-43,BossFight,5,1.0,random,1,44.0,0.0,0.0
sy0ayrbf,BossFight_5_roll_0_inner_1_pct_1_max_random_seed_2_time_2026-04-14_20-33-54,BossFight,5,1.0,random,2,28.0,0.0,0.0
8m9nji1z,BossFight_5_roll_0_inner_1_pct_1_max_random_seed_3_time_2026-04-14_20-34-04,BossFight,5,1.0,random,3,194.0,11.0,0.05670103092783505
y3g8j6vq,BossFight_5_roll_0_inner_1_pct_1_max_random_seed_4_time_2026-04-14_20-34-18,BossFight,5,1.0,random,4,46.0,0.0,0.0
hpu8fecj,BossFight_5_roll_0_inner_1_pct_1_max_random_seed_5_time_2026-04-14_20-34-28,BossFight,5,1.0,random,5,32.0,0.0,0.0
eh746dfn,BossFight_5_roll_0_inner_1_pct_1_max_random_seed_6_time_2026-04-14_20-34-38,BossFight,5,1.0,random,6,19.0,0.0,0.0
mx3gbkqr,BossFight_5_roll_0_inner_1_pct_1_max_random_seed_7_time_2026-04-14_20-34-48,BossFight,5,1.0,random,7,26.0,0.0,0.0
spj99n79,BossFight_5_roll_0_inner_1_pct_1_max_random_seed_8_time_2026-04-14_20-34-58,BossFight,5,1.0,random,8,85.0,0.0,0.0
b7j0i6nz,BossFight_5_roll_0_inner_1_pct_1_max_random_seed_9_time_2026-04-14_20-35-09,BossFight,5,1.0,random,9,50.0,0.0,0.0
63v2ud95,CaveFlyer_5_roll_0_inner_0.05_pct_1_max_random_seed_0_time_2026-04-09_17-42-45,CaveFlyer,5,0.05,random,0,1000.0,0.0,0.0
tnd6ailk,CaveFlyer_5_roll_0_inner_0.05_pct_1_max_random_seed_1_time_2026-04-09_17-43-42,CaveFlyer,5,0.05,random,1,1000.0,0.0,0.0
aqtj9d0c,CaveFlyer_5_roll_0_inner_0.05_pct_1_max_random_seed_2_time_2026-04-09_17-44-44,CaveFlyer,5,0.05,random,2,1000.0,0.0,0.0
5zduq9x2,CaveFlyer_5_roll_0_inner_0.05_pct_1_max_random_seed_3_time_2026-04-09_17-45-18,CaveFlyer,5,0.05,random,3,1000.0,0.0,0.0
sdemu06z,CaveFlyer_5_roll_0_inner_0.05_pct_1_max_random_seed_4_time_2026-04-09_17-45-52,CaveFlyer,5,0.05,random,4,1000.0,0.0,0.0
nqm4gdk0,CaveFlyer_5_roll_0_inner_0.05_pct_1_max_random_seed_5_time_2026-04-09_17-46-26,CaveFlyer,5,0.05,random,5,213.0,0.0,0.0
tz6mqnru,CaveFlyer_5_roll_0_inner_0.05_pct_1_max_random_seed_6_time_2026-04-09_17-46-41,CaveFlyer,5,0.05,random,6,11.0,0.0,0.0
kgfvlotn,CaveFlyer_5_roll_0_inner_0.05_pct_1_max_random_seed_7_time_2026-04-09_17-46-52,CaveFlyer,5,0.05,random,7,1000.0,0.0,0.0
29vwb12q,CaveFlyer_5_roll_0_inner_0.05_pct_1_max_random_seed_8_time_2026-04-09_17-47-28,CaveFlyer,5,0.05,random,8,1000.0,0.0,0.0
bqsyivy7,CaveFlyer_5_roll_0_inner_0.05_pct_1_max_random_seed_9_time_2026-04-09_17-48-29,CaveFlyer,5,0.05,random,9,1000.0,0.0,0.0
f6olcpks,CaveFlyer_5_roll_0_inner_0.1_pct_1_max_random_seed_0_time_2026-04-09_17-49-03,CaveFlyer,5,0.1,random,0,1000.0,0.0,0.0
lcykt9hs,CaveFlyer_5_roll_0_inner_0.1_pct_1_max_random_seed_1_time_2026-04-09_17-49-37,CaveFlyer,5,0.1,random,1,1000.0,0.0,0.0
m7s8jekf,CaveFlyer_5_roll_0_inner_0.1_pct_1_max_random_seed_2_time_2026-04-09_17-50-25,CaveFlyer,5,0.1,random,2,1000.0,0.0,0.0
3ilpzs5t,CaveFlyer_5_roll_0_inner_0.1_pct_1_max_random_seed_3_time_2026-04-09_17-51-02,CaveFlyer,5,0.1,random,3,288.0,10.0,0.034722222222222224
m2y75mpi,CaveFlyer_5_roll_0_inner_0.1_pct_1_max_random_seed_4_time_2026-04-09_17-51-20,CaveFlyer,5,0.1,random,4,63.0,0.0,0.0
i3ecls8n,CaveFlyer_5_roll_0_inner_0.1_pct_1_max_random_seed_5_time_2026-04-09_17-51-31,CaveFlyer,5,0.1,random,5,1000.0,0.0,0.0
rowyecj9,CaveFlyer_5_roll_0_inner_0.1_pct_1_max_random_seed_6_time_2026-04-09_17-52-11,CaveFlyer,5,0.1,random,6,11.0,0.0,0.0
lh3yz4dd,CaveFlyer_5_roll_0_inner_0.1_pct_1_max_random_seed_7_time_2026-04-09_17-52-21,CaveFlyer,5,0.1,random,7,1000.0,0.0,0.0
b7rs2d53,CaveFlyer_5_roll_0_inner_0.1_pct_1_max_random_seed_8_time_2026-04-09_17-52-55,CaveFlyer,5,0.1,random,8,1000.0,0.0,0.0
k32en5ev,CaveFlyer_5_roll_0_inner_0.1_pct_1_max_random_seed_9_time_2026-04-09_17-53-29,CaveFlyer,5,0.1,random,9,1000.0,0.0,0.0
23syuejy,CaveFlyer_5_roll_0_inner_0.2_pct_1_max_random_seed_0_time_2026-04-09_17-54-03,CaveFlyer,5,0.2,random,0,1000.0,0.0,0.0
3hp7ktoz,CaveFlyer_5_roll_0_inner_0.2_pct_1_max_random_seed_1_time_2026-04-09_17-54-38,CaveFlyer,5,0.2,random,1,1000.0,0.0,0.0
t3y2tqrs,CaveFlyer_5_roll_0_inner_0.2_pct_1_max_random_seed_2_time_2026-04-09_17-55-12,CaveFlyer,5,0.2,random,2,1000.0,0.0,0.0
k4wu7bb0,CaveFlyer_5_roll_0_inner_0.2_pct_1_max_random_seed_3_time_2026-04-09_17-55-46,CaveFlyer,5,0.2,random,3,1000.0,0.0,0.0
b4xspck7,CaveFlyer_5_roll_0_inner_0.2_pct_1_max_random_seed_4_time_2026-04-09_17-56-26,CaveFlyer,5,0.2,random,4,1000.0,0.0,0.0
cr30tgcq,CaveFlyer_5_roll_0_inner_0.2_pct_1_max_random_seed_5_time_2026-04-09_17-57-00,CaveFlyer,5,0.2,random,5,1000.0,0.0,0.0
7wdn4vf4,CaveFlyer_5_roll_0_inner_0.2_pct_1_max_random_seed_6_time_2026-04-09_17-57-35,CaveFlyer,5,0.2,random,6,11.0,0.0,0.0
0hklqids,CaveFlyer_5_roll_0_inner_0.2_pct_1_max_random_seed_7_time_2026-04-09_17-57-45,CaveFlyer,5,0.2,random,7,1000.0,0.0,0.0
wsrut6gc,CaveFlyer_5_roll_0_inner_0.2_pct_1_max_random_seed_8_time_2026-04-09_17-58-21,CaveFlyer,5,0.2,random,8,424.0,10.0,0.02358490566037736
t6qn9kgt,CaveFlyer_5_roll_0_inner_0.2_pct_1_max_random_seed_9_time_2026-04-09_17-58-42,CaveFlyer,5,0.2,random,9,283.0,10.0,0.0353356890459364
k80qprka,CaveFlyer_5_roll_0_inner_0.5_pct_1_max_random_seed_0_time_2026-04-09_17-59-00,CaveFlyer,5,0.5,random,0,1000.0,0.0,0.0
mp0qq0kn,CaveFlyer_5_roll_0_inner_0.5_pct_1_max_random_seed_1_time_2026-04-09_17-59-39,CaveFlyer,5,0.5,random,1,1000.0,0.0,0.0
17yfmcik,CaveFlyer_5_roll_0_inner_0.5_pct_1_max_random_seed_2_time_2026-04-09_18-00-15,CaveFlyer,5,0.5,random,2,1000.0,0.0,0.0
bzla5c09,CaveFlyer_5_roll_0_inner_0.5_pct_1_max_random_seed_3_time_2026-04-09_18-00-56,CaveFlyer,5,0.5,random,3,1000.0,0.0,0.0
fenchzzf,CaveFlyer_5_roll_0_inner_0.5_pct_1_max_random_seed_4_time_2026-04-09_18-01-37,CaveFlyer,5,0.5,random,4,173.0,0.0,0.0
q2qn1cga,CaveFlyer_5_roll_0_inner_0.5_pct_1_max_random_seed_5_time_2026-04-09_18-01-58,CaveFlyer,5,0.5,random,5,136.0,0.0,0.0
vuvmshty,CaveFlyer_5_roll_0_inner_0.5_pct_1_max_random_seed_6_time_2026-04-09_18-02-16,CaveFlyer,5,0.5,random,6,12.0,0.0,0.0
w1yveq9h,CaveFlyer_5_roll_0_inner_0.5_pct_1_max_random_seed_7_time_2026-04-09_18-02-36,CaveFlyer,5,0.5,random,7,1000.0,0.0,0.0
ri07ykq1,CaveFlyer_5_roll_0_inner_0.5_pct_1_max_random_seed_8_time_2026-04-09_18-03-39,CaveFlyer,5,0.5,random,8,311.0,10.0,0.03215434083601286
549wir80,CaveFlyer_5_roll_0_inner_0.5_pct_1_max_random_seed_9_time_2026-04-09_18-04-28,CaveFlyer,5,0.5,random,9,1000.0,0.0,0.0
ajjyq1wd,CaveFlyer_5_roll_0_inner_1_pct_1_max_random_seed_0_time_2026-04-14_19-49-55,CaveFlyer,5,1.0,random,0,1000.0,0.0,0.0
tibujzj6,CaveFlyer_5_roll_0_inner_1_pct_1_max_random_seed_1_time_2026-04-14_19-51-00,CaveFlyer,5,1.0,random,1,1000.0,0.0,0.0
lavluh11,CaveFlyer_5_roll_0_inner_1_pct_1_max_random_seed_2_time_2026-04-14_19-51-47,CaveFlyer,5,1.0,random,2,951.0,0.0,0.0
hxi5a3qr,CaveFlyer_5_roll_0_inner_1_pct_1_max_random_seed_3_time_2026-04-14_19-52-47,CaveFlyer,5,1.0,random,3,1000.0,0.0,0.0
5liqkg4e,CaveFlyer_5_roll_0_inner_1_pct_1_max_random_seed_4_time_2026-04-14_19-53-30,CaveFlyer,5,1.0,random,4,252.0,0.0,0.0
o8eueftr,CaveFlyer_5_roll_0_inner_1_pct_1_max_random_seed_5_time_2026-04-14_19-53-51,CaveFlyer,5,1.0,random,5,160.0,0.0,0.0
jm95vas7,CaveFlyer_5_roll_0_inner_1_pct_1_max_random_seed_6_time_2026-04-14_19-54-10,CaveFlyer,5,1.0,random,6,14.0,0.0,0.0
u6qv54hm,CaveFlyer_5_roll_0_inner_1_pct_1_max_random_seed_7_time_2026-04-14_19-54-32,CaveFlyer,5,1.0,random,7,1000.0,0.0,0.0
we373tmr,CaveFlyer_5_roll_0_inner_1_pct_1_max_random_seed_8_time_2026-04-14_19-55-09,CaveFlyer,5,1.0,random,8,1000.0,0.0,0.0
p4ia0f9z,CaveFlyer_5_roll_0_inner_1_pct_1_max_random_seed_9_time_2026-04-14_19-55-46,CaveFlyer,5,1.0,random,9,1000.0,0.0,0.0
46n11qtn,Chaser_5_roll_0_inner_0.05_pct_1_max_random_seed_0_time_2026-04-09_18-22-29,Chaser,5,0.05,random,0,128.0,0.23999997973442078,0.0018749998416751623
cq719l01,Chaser_5_roll_0_inner_0.05_pct_1_max_random_seed_1_time_2026-04-09_18-22-40,Chaser,5,0.05,random,1,132.0,0.8400000929832458,0.0063636370680548926
rzjm72gm,Chaser_5_roll_0_inner_0.05_pct_1_max_random_seed_2_time_2026-04-09_18-22-52,Chaser,5,0.05,random,2,124.0,0.559999942779541,0.00451612857080275
2w8mlu51,Chaser_5_roll_0_inner_0.05_pct_1_max_random_seed_3_time_2026-04-09_18-23-04,Chaser,5,0.05,random,3,100.0,0.559999942779541,0.00559999942779541
eg30bskp,Chaser_5_roll_0_inner_0.05_pct_1_max_random_seed_4_time_2026-04-09_18-23-15,Chaser,5,0.05,random,4,104.0,0.2799999713897705,0.002692307417209332
z4qf4ixm,Chaser_5_roll_0_inner_0.05_pct_1_max_random_seed_5_time_2026-04-09_18-23-26,Chaser,5,0.05,random,5,72.0,0.11999999731779099,0.0016666666294137638
e68qke5z,Chaser_5_roll_0_inner_0.05_pct_1_max_random_seed_6_time_2026-04-09_18-23-37,Chaser,5,0.05,random,6,68.0,0.43999993801116943,0.006470587323693668
mc1ulubh,Chaser_5_roll_0_inner_0.05_pct_1_max_random_seed_7_time_2026-04-09_18-23-47,Chaser,5,0.05,random,7,68.0,0.23999997973442078,0.0035294114666826583
d71wvskz,Chaser_5_roll_0_inner_0.05_pct_1_max_random_seed_8_time_2026-04-09_18-23-57,Chaser,5,0.05,random,8,106.0,0.559999942779541,0.005283018328108877
t85fxut8,Chaser_5_roll_0_inner_0.05_pct_1_max_random_seed_9_time_2026-04-09_18-24-09,Chaser,5,0.05,random,9,64.0,0.11999999731779099,0.0018749999580904841
x9wle5wc,Chaser_5_roll_0_inner_0.1_pct_1_max_random_seed_0_time_2026-04-09_18-24-20,Chaser,5,0.1,random,0,128.0,0.2799999713897705,0.002187499776482582
1bkr9ix9,Chaser_5_roll_0_inner_0.1_pct_1_max_random_seed_1_time_2026-04-09_18-24-32,Chaser,5,0.1,random,1,131.0,0.880000114440918,0.0067175581255031905
x9ql4bj0,Chaser_5_roll_0_inner_0.1_pct_1_max_random_seed_2_time_2026-04-09_18-24-44,Chaser,5,0.1,random,2,122.0,0.559999942779541,0.004590163465406074
yixrhfpg,Chaser_5_roll_0_inner_0.1_pct_1_max_random_seed_3_time_2026-04-09_18-24-55,Chaser,5,0.1,random,3,100.0,0.559999942779541,0.00559999942779541
rjabkv99,Chaser_5_roll_0_inner_0.1_pct_1_max_random_seed_4_time_2026-04-09_18-25-06,Chaser,5,0.1,random,4,104.0,0.31999996304512024,0.0030769227215876947
l5joyqr1,Chaser_5_roll_0_inner_0.1_pct_1_max_random_seed_5_time_2026-04-09_18-25-17,Chaser,5,0.1,random,5,72.0,0.11999999731779099,0.0016666666294137638
py7twrdm,Chaser_5_roll_0_inner_0.1_pct_1_max_random_seed_6_time_2026-04-09_18-25-27,Chaser,5,0.1,random,6,68.0,0.43999993801116943,0.006470587323693668
kglluepj,Chaser_5_roll_0_inner_0.1_pct_1_max_random_seed_7_time_2026-04-09_18-25-37,Chaser,5,0.1,random,7,68.0,0.23999997973442078,0.0035294114666826583
cbicww10,Chaser_5_roll_0_inner_0.1_pct_1_max_random_seed_8_time_2026-04-09_18-25-48,Chaser,5,0.1,random,8,106.0,0.559999942779541,0.005283018328108877
7026ssst,Chaser_5_roll_0_inner_0.1_pct_1_max_random_seed_9_time_2026-04-09_18-26-00,Chaser,5,0.1,random,9,64.0,0.11999999731779099,0.0018749999580904841
2wx8508x,Chaser_5_roll_0_inner_0.2_pct_1_max_random_seed_0_time_2026-04-09_18-26-11,Chaser,5,0.2,random,0,128.0,0.2799999713897705,0.002187499776482582
h4pyii6q,Chaser_5_roll_0_inner_0.2_pct_1_max_random_seed_1_time_2026-04-09_18-26-23,Chaser,5,0.2,random,1,132.0,0.880000114440918,0.006666667533643318
u5bnr139,Chaser_5_roll_0_inner_0.2_pct_1_max_random_seed_2_time_2026-04-09_18-26-34,Chaser,5,0.2,random,2,124.0,0.559999942779541,0.00451612857080275
sqavex5s,Chaser_5_roll_0_inner_0.2_pct_1_max_random_seed_3_time_2026-04-09_18-26-46,Chaser,5,0.2,random,3,100.0,0.559999942779541,0.00559999942779541
oslllzrb,Chaser_5_roll_0_inner_0.2_pct_1_max_random_seed_4_time_2026-04-09_18-26-57,Chaser,5,0.2,random,4,104.0,0.31999996304512024,0.0030769227215876947
cee8keih,Chaser_5_roll_0_inner_0.2_pct_1_max_random_seed_5_time_2026-04-09_18-27-08,Chaser,5,0.2,random,5,72.0,0.1599999964237213,0.002222222172551685
xl72ob1w,Chaser_5_roll_0_inner_0.2_pct_1_max_random_seed_6_time_2026-04-09_18-27-19,Chaser,5,0.2,random,6,68.0,0.43999993801116943,0.006470587323693668
v7e7abnd,Chaser_5_roll_0_inner_0.2_pct_1_max_random_seed_7_time_2026-04-09_18-27-29,Chaser,5,0.2,random,7,68.0,0.23999997973442078,0.0035294114666826583
bdtny7rq,Chaser_5_roll_0_inner_0.2_pct_1_max_random_seed_8_time_2026-04-09_18-27-39,Chaser,5,0.2,random,8,106.0,0.5999999642372131,0.005660377021105784
7ci9cmhn,Chaser_5_roll_0_inner_0.2_pct_1_max_random_seed_9_time_2026-04-09_18-27-51,Chaser,5,0.2,random,9,64.0,0.11999999731779099,0.0018749999580904841
qpfx4xk5,Chaser_5_roll_0_inner_0.5_pct_1_max_random_seed_0_time_2026-04-09_18-28-01,Chaser,5,0.5,random,0,174.0,0.6399999856948853,0.0036781608373269267
o27map0g,Chaser_5_roll_0_inner_0.5_pct_1_max_random_seed_1_time_2026-04-09_18-28-14,Chaser,5,0.5,random,1,182.0,0.9200001358985901,0.0050549458016406045
4k0qmfr6,Chaser_5_roll_0_inner_0.5_pct_1_max_random_seed_2_time_2026-04-09_18-28-29,Chaser,5,0.5,random,2,156.0,0.6000000238418579,0.003846153998986269
js5tqs0x,Chaser_5_roll_0_inner_0.5_pct_1_max_random_seed_3_time_2026-04-09_18-28-42,Chaser,5,0.5,random,3,102.0,0.5999999642372131,0.005882352590560913
tleqnapq,Chaser_5_roll_0_inner_0.5_pct_1_max_random_seed_4_time_2026-04-09_18-28-54,Chaser,5,0.5,random,4,110.0,0.35999995470046997,0.0032727268609133633
tdc6ycds,Chaser_5_roll_0_inner_0.5_pct_1_max_random_seed_5_time_2026-04-09_18-29-05,Chaser,5,0.5,random,5,71.0,0.11999999731779099,0.0016901408072928308
lhwpx2g7,Chaser_5_roll_0_inner_0.5_pct_1_max_random_seed_6_time_2026-04-09_18-29-16,Chaser,5,0.5,random,6,150.0,0.47999992966651917,0.003199999531110128
1eve6v0v,Chaser_5_roll_0_inner_0.5_pct_1_max_random_seed_7_time_2026-04-09_18-29-28,Chaser,5,0.5,random,7,68.0,0.2799999713897705,0.00411764663808486
fj2s76ti,Chaser_5_roll_0_inner_0.5_pct_1_max_random_seed_8_time_2026-04-09_18-29-39,Chaser,5,0.5,random,8,106.0,0.5999999642372131,0.005660377021105784
a14xtmjm,Chaser_5_roll_0_inner_0.5_pct_1_max_random_seed_9_time_2026-04-09_18-29-50,Chaser,5,0.5,random,9,64.0,0.1599999964237213,0.0024999999441206455
owb6uj6c,Chaser_5_roll_0_inner_1_pct_1_max_random_seed_0_time_2026-04-14_20-00-12,Chaser,5,1.0,random,0,55.0,0.47999992966651917,0.008727271448482166
99l0yjy2,Chaser_5_roll_0_inner_1_pct_1_max_random_seed_1_time_2026-04-14_20-00-23,Chaser,5,1.0,random,1,93.0,0.43999993801116943,0.004731182129152359
xhtqd1qn,Chaser_5_roll_0_inner_1_pct_1_max_random_seed_2_time_2026-04-14_20-00-34,Chaser,5,1.0,random,2,95.0,0.6800000071525574,0.007157894812132183
r7g7lape,Chaser_5_roll_0_inner_1_pct_1_max_random_seed_3_time_2026-04-14_20-00-46,Chaser,5,1.0,random,3,243.0,1.1200000047683716,0.004609053517565315
mur9js5i,Chaser_5_roll_0_inner_1_pct_1_max_random_seed_4_time_2026-04-14_20-01-01,Chaser,5,1.0,random,4,189.0,0.9200001358985901,0.004867725586765027
03i534ya,Chaser_5_roll_0_inner_1_pct_1_max_random_seed_5_time_2026-04-14_20-01-14,Chaser,5,1.0,random,5,59.0,0.2799999713897705,0.004745762226945263
zm3mzy79,Chaser_5_roll_0_inner_1_pct_1_max_random_seed_6_time_2026-04-14_20-01-26,Chaser,5,1.0,random,6,70.0,0.559999942779541,0.007999999182564872
sy6l18xz,Chaser_5_roll_0_inner_1_pct_1_max_random_seed_7_time_2026-04-14_20-01-37,Chaser,5,1.0,random,7,69.0,0.31999996304512024,0.004637680623842322
w5mhl4t2,Chaser_5_roll_0_inner_1_pct_1_max_random_seed_8_time_2026-04-14_20-01-48,Chaser,5,1.0,random,8,279.0,1.639999508857727,0.005878134440350276
hq5etvtq,Chaser_5_roll_0_inner_1_pct_1_max_random_seed_9_time_2026-04-14_20-02-04,Chaser,5,1.0,random,9,72.0,0.47999992966651917,0.006666665689812766
bnfebyg0,Climber_5_roll_0_inner_0.05_pct_1_max_random_seed_0_time_2026-04-09_19-49-57,Climber,5,0.05,random,0,1000.0,0.0,0.0
c4sqcx7v,Climber_5_roll_0_inner_0.05_pct_1_max_random_seed_1_time_2026-04-09_19-50-31,Climber,5,0.05,random,1,1000.0,0.0,0.0
3g1jsotm,Climber_5_roll_0_inner_0.05_pct_1_max_random_seed_2_time_2026-04-09_19-51-04,Climber,5,0.05,random,2,337.0,11.0,0.032640949554896145
p9j5vczx,Climber_5_roll_0_inner_0.05_pct_1_max_random_seed_3_time_2026-04-09_19-51-23,Climber,5,0.05,random,3,1000.0,0.0,0.0
z0m72ice,Climber_5_roll_0_inner_0.05_pct_1_max_random_seed_4_time_2026-04-09_19-51-56,Climber,5,0.05,random,4,205.0,0.0,0.0
ygoi8y10,Climber_5_roll_0_inner_0.05_pct_1_max_random_seed_5_time_2026-04-09_19-52-11,Climber,5,0.05,random,5,1000.0,0.0,0.0
m6jbm4ie,Climber_5_roll_0_inner_0.05_pct_1_max_random_seed_6_time_2026-04-09_19-52-45,Climber,5,0.05,random,6,1000.0,0.0,0.0
1akpg25d,Climber_5_roll_0_inner_0.05_pct_1_max_random_seed_7_time_2026-04-09_19-53-18,Climber,5,0.05,random,7,1000.0,0.0,0.0
e927fczb,Climber_5_roll_0_inner_0.05_pct_1_max_random_seed_8_time_2026-04-09_19-53-52,Climber,5,0.05,random,8,1000.0,0.0,0.0
zgkkubgb,Climber_5_roll_0_inner_0.05_pct_1_max_random_seed_9_time_2026-04-09_19-54-28,Climber,5,0.05,random,9,1000.0,1.0,0.001
7jar7by6,Climber_5_roll_0_inner_0.1_pct_1_max_random_seed_0_time_2026-04-09_19-55-03,Climber,5,0.1,random,0,606.0,1.0,0.0016501650165016502
206ykgbw,Climber_5_roll_0_inner_0.1_pct_1_max_random_seed_1_time_2026-04-09_19-55-27,Climber,5,0.1,random,1,1000.0,0.0,0.0
oifv292j,Climber_5_roll_0_inner_0.1_pct_1_max_random_seed_2_time_2026-04-09_19-56-00,Climber,5,0.1,random,2,284.0,11.0,0.03873239436619718
qcw5qs7j,Climber_5_roll_0_inner_0.1_pct_1_max_random_seed_3_time_2026-04-09_19-56-18,Climber,5,0.1,random,3,1000.0,0.0,0.0
qi7oidm8,Climber_5_roll_0_inner_0.1_pct_1_max_random_seed_4_time_2026-04-09_19-56-51,Climber,5,0.1,random,4,64.0,0.0,0.0
t85ir7a8,Climber_5_roll_0_inner_0.1_pct_1_max_random_seed_5_time_2026-04-09_19-57-03,Climber,5,0.1,random,5,1000.0,0.0,0.0
mfhvqswx,Climber_5_roll_0_inner_0.1_pct_1_max_random_seed_6_time_2026-04-09_19-57-36,Climber,5,0.1,random,6,1000.0,0.0,0.0
cvs1mhn4,Climber_5_roll_0_inner_0.1_pct_1_max_random_seed_7_time_2026-04-09_19-58-10,Climber,5,0.1,random,7,1000.0,1.0,0.001
yn9tw9zy,Climber_5_roll_0_inner_0.1_pct_1_max_random_seed_8_time_2026-04-09_19-58-43,Climber,5,0.1,random,8,1000.0,0.0,0.0
kojwm98u,Climber_5_roll_0_inner_0.1_pct_1_max_random_seed_9_time_2026-04-09_19-59-20,Climber,5,0.1,random,9,524.0,12.0,0.022900763358778626
0yuy6qx3,Climber_5_roll_0_inner_0.2_pct_1_max_random_seed_0_time_2026-04-09_19-59-43,Climber,5,0.2,random,0,237.0,0.0,0.0
bx0szlz0,Climber_5_roll_0_inner_0.2_pct_1_max_random_seed_1_time_2026-04-09_19-59-58,Climber,5,0.2,random,1,1000.0,0.0,0.0
opkrc3d5,Climber_5_roll_0_inner_0.2_pct_1_max_random_seed_2_time_2026-04-09_20-00-31,Climber,5,0.2,random,2,268.0,11.0,0.041044776119402986
b7gpe9wx,Climber_5_roll_0_inner_0.2_pct_1_max_random_seed_3_time_2026-04-09_20-00-48,Climber,5,0.2,random,3,1000.0,0.0,0.0
26tg7md0,Climber_5_roll_0_inner_0.2_pct_1_max_random_seed_4_time_2026-04-09_20-01-22,Climber,5,0.2,random,4,103.0,0.0,0.0
u1ved8g3,Climber_5_roll_0_inner_0.2_pct_1_max_random_seed_5_time_2026-04-09_20-01-35,Climber,5,0.2,random,5,1000.0,0.0,0.0
umomuhej,Climber_5_roll_0_inner_0.2_pct_1_max_random_seed_6_time_2026-04-09_20-02-08,Climber,5,0.2,random,6,1000.0,0.0,0.0
wua9ug01,Climber_5_roll_0_inner_0.2_pct_1_max_random_seed_7_time_2026-04-09_20-02-42,Climber,5,0.2,random,7,1000.0,1.0,0.001
fl9vdgll,Climber_5_roll_0_inner_0.2_pct_1_max_random_seed_8_time_2026-04-09_20-03-15,Climber,5,0.2,random,8,1000.0,0.0,0.0
ll8mt50g,Climber_5_roll_0_inner_0.2_pct_1_max_random_seed_9_time_2026-04-09_20-03-50,Climber,5,0.2,random,9,560.0,12.0,0.02142857142857143
o6x7i10b,Climber_5_roll_0_inner_0.5_pct_1_max_random_seed_0_time_2026-04-09_20-04-13,Climber,5,0.5,random,0,1000.0,0.0,0.0
p1xd9v7f,Climber_5_roll_0_inner_0.5_pct_1_max_random_seed_1_time_2026-04-09_20-04-46,Climber,5,0.5,random,1,1000.0,1.0,0.001
g0nhn6ik,Climber_5_roll_0_inner_0.5_pct_1_max_random_seed_2_time_2026-04-09_20-05-20,Climber,5,0.5,random,2,371.0,11.0,0.029649595687331536
b7kgb5hm,Climber_5_roll_0_inner_0.5_pct_1_max_random_seed_3_time_2026-04-09_20-05-39,Climber,5,0.5,random,3,1000.0,0.0,0.0
v59cdir7,Climber_5_roll_0_inner_0.5_pct_1_max_random_seed_4_time_2026-04-09_20-06-12,Climber,5,0.5,random,4,216.0,0.0,0.0
22a7mryk,Climber_5_roll_0_inner_0.5_pct_1_max_random_seed_5_time_2026-04-09_20-06-27,Climber,5,0.5,random,5,1000.0,0.0,0.0
1771iwpd,Climber_5_roll_0_inner_0.5_pct_1_max_random_seed_6_time_2026-04-09_20-07-01,Climber,5,0.5,random,6,1000.0,0.0,0.0
vu6onnrr,Climber_5_roll_0_inner_0.5_pct_1_max_random_seed_7_time_2026-04-09_20-07-34,Climber,5,0.5,random,7,1000.0,0.0,0.0
jmdinizj,Climber_5_roll_0_inner_0.5_pct_1_max_random_seed_8_time_2026-04-09_20-08-08,Climber,5,0.5,random,8,1000.0,0.0,0.0
x5kzoe10,Climber_5_roll_0_inner_0.5_pct_1_max_random_seed_9_time_2026-04-09_20-08-42,Climber,5,0.5,random,9,1000.0,1.0,0.001
zhzalcpn,Climber_5_roll_0_inner_1_pct_1_max_random_seed_0_time_2026-04-14_20-21-21,Climber,5,1.0,random,0,1000.0,1.0,0.001
7mwubxcq,Climber_5_roll_0_inner_1_pct_1_max_random_seed_1_time_2026-04-14_20-21-58,Climber,5,1.0,random,1,1000.0,1.0,0.001
0g5zjhkx,Climber_5_roll_0_inner_1_pct_1_max_random_seed_2_time_2026-04-14_20-22-36,Climber,5,1.0,random,2,1000.0,0.0,0.0
99bw0wqk,Climber_5_roll_0_inner_1_pct_1_max_random_seed_3_time_2026-04-14_20-23-22,Climber,5,1.0,random,3,1000.0,0.0,0.0
lkxwf44j,Climber_5_roll_0_inner_1_pct_1_max_random_seed_4_time_2026-04-14_20-24-01,Climber,5,1.0,random,4,428.0,0.0,0.0
hwnejdu4,Climber_5_roll_0_inner_1_pct_1_max_random_seed_5_time_2026-04-14_20-24-28,Climber,5,1.0,random,5,1000.0,0.0,0.0
xm3vmtal,Climber_5_roll_0_inner_1_pct_1_max_random_seed_6_time_2026-04-14_20-25-02,Climber,5,1.0,random,6,1000.0,1.0,0.001
5evpmnfw,Climber_5_roll_0_inner_1_pct_1_max_random_seed_7_time_2026-04-14_20-25-36,Climber,5,1.0,random,7,1000.0,0.0,0.0
ftm7yyhf,Climber_5_roll_0_inner_1_pct_1_max_random_seed_8_time_2026-04-14_20-26-10,Climber,5,1.0,random,8,1000.0,0.0,0.0
zncf8764,Climber_5_roll_0_inner_1_pct_1_max_random_seed_9_time_2026-04-14_20-26-44,Climber,5,1.0,random,9,1000.0,0.0,0.0
c0you72o,CoinRun_5_roll_0_inner_0.05_pct_1_max_random_seed_0_time_2026-04-09_17-26-25,CoinRun,5,0.05,random,0,233.0,10.0,0.04291845493562232
ube9bxon,CoinRun_5_roll_0_inner_0.05_pct_1_max_random_seed_1_time_2026-04-09_17-26-41,CoinRun,5,0.05,random,1,297.0,10.0,0.03367003367003367
jw8s9yd1,CoinRun_5_roll_0_inner_0.05_pct_1_max_random_seed_2_time_2026-04-09_17-26-58,CoinRun,5,0.05,random,2,302.0,0.0,0.0
5h1n3vh9,CoinRun_5_roll_0_inner_0.05_pct_1_max_random_seed_3_time_2026-04-09_17-27-15,CoinRun,5,0.05,random,3,172.0,0.0,0.0
uo2sp2k6,CoinRun_5_roll_0_inner_0.05_pct_1_max_random_seed_4_time_2026-04-09_17-27-28,CoinRun,5,0.05,random,4,178.0,10.0,0.056179775280898875
j4qcphn4,CoinRun_5_roll_0_inner_0.05_pct_1_max_random_seed_5_time_2026-04-09_17-27-42,CoinRun,5,0.05,random,5,56.0,0.0,0.0
ederb8ic,CoinRun_5_roll_0_inner_0.05_pct_1_max_random_seed_6_time_2026-04-09_17-27-53,CoinRun,5,0.05,random,6,208.0,10.0,0.04807692307692308
kdcsa94p,CoinRun_5_roll_0_inner_0.05_pct_1_max_random_seed_7_time_2026-04-09_17-28-08,CoinRun,5,0.05,random,7,241.0,0.0,0.0
4nvo10vq,CoinRun_5_roll_0_inner_0.05_pct_1_max_random_seed_8_time_2026-04-09_17-28-23,CoinRun,5,0.05,random,8,312.0,0.0,0.0
szggbz3d,CoinRun_5_roll_0_inner_0.05_pct_1_max_random_seed_9_time_2026-04-09_17-28-39,CoinRun,5,0.05,random,9,58.0,0.0,0.0
1pa794ql,CoinRun_5_roll_0_inner_0.1_pct_1_max_random_seed_0_time_2026-04-09_17-28-50,CoinRun,5,0.1,random,0,308.0,10.0,0.032467532467532464
pyubz6so,CoinRun_5_roll_0_inner_0.1_pct_1_max_random_seed_1_time_2026-04-09_17-29-07,CoinRun,5,0.1,random,1,211.0,10.0,0.04739336492890995
cuqs1ehk,CoinRun_5_roll_0_inner_0.1_pct_1_max_random_seed_2_time_2026-04-09_17-29-21,CoinRun,5,0.1,random,2,102.0,10.0,0.09803921568627451
trmaxcsw,CoinRun_5_roll_0_inner_0.1_pct_1_max_random_seed_3_time_2026-04-09_17-29-33,CoinRun,5,0.1,random,3,331.0,0.0,0.0
i58q0eoi,CoinRun_5_roll_0_inner_0.1_pct_1_max_random_seed_4_time_2026-04-09_17-29-51,CoinRun,5,0.1,random,4,93.0,10.0,0.10752688172043011
3qvixtaz,CoinRun_5_roll_0_inner_0.1_pct_1_max_random_seed_5_time_2026-04-09_17-30-03,CoinRun,5,0.1,random,5,22.0,0.0,0.0
xds6fm8t,CoinRun_5_roll_0_inner_0.1_pct_1_max_random_seed_6_time_2026-04-09_17-30-13,CoinRun,5,0.1,random,6,21.0,10.0,0.47619047619047616
qtkjkbby,CoinRun_5_roll_0_inner_0.1_pct_1_max_random_seed_7_time_2026-04-09_17-30-24,CoinRun,5,0.1,random,7,97.0,0.0,0.0
81e5ttoh,CoinRun_5_roll_0_inner_0.1_pct_1_max_random_seed_8_time_2026-04-09_17-30-36,CoinRun,5,0.1,random,8,85.0,0.0,0.0
ynqrs494,CoinRun_5_roll_0_inner_0.1_pct_1_max_random_seed_9_time_2026-04-09_17-30-48,CoinRun,5,0.1,random,9,56.0,0.0,0.0
gwbovhj0,CoinRun_5_roll_0_inner_0.2_pct_1_max_random_seed_0_time_2026-04-09_17-30-58,CoinRun,5,0.2,random,0,85.0,10.0,0.11764705882352941
ob4lt5s1,CoinRun_5_roll_0_inner_0.2_pct_1_max_random_seed_1_time_2026-04-09_17-31-10,CoinRun,5,0.2,random,1,123.0,10.0,0.08130081300813008
xcsz943r,CoinRun_5_roll_0_inner_0.2_pct_1_max_random_seed_2_time_2026-04-09_17-31-22,CoinRun,5,0.2,random,2,26.0,0.0,0.0
vpk7gws4,CoinRun_5_roll_0_inner_0.2_pct_1_max_random_seed_3_time_2026-04-09_17-31-33,CoinRun,5,0.2,random,3,94.0,0.0,0.0
uypst2bt,CoinRun_5_roll_0_inner_0.2_pct_1_max_random_seed_4_time_2026-04-09_17-31-44,CoinRun,5,0.2,random,4,84.0,10.0,0.11904761904761904
mz2353w3,CoinRun_5_roll_0_inner_0.2_pct_1_max_random_seed_5_time_2026-04-09_17-31-56,CoinRun,5,0.2,random,5,22.0,0.0,0.0
49u45m90,CoinRun_5_roll_0_inner_0.2_pct_1_max_random_seed_6_time_2026-04-09_17-32-06,CoinRun,5,0.2,random,6,21.0,10.0,0.47619047619047616
bmddn6zv,CoinRun_5_roll_0_inner_0.2_pct_1_max_random_seed_7_time_2026-04-09_17-32-17,CoinRun,5,0.2,random,7,101.0,0.0,0.0
9bmua9rz,CoinRun_5_roll_0_inner_0.2_pct_1_max_random_seed_8_time_2026-04-09_17-32-30,CoinRun,5,0.2,random,8,134.0,0.0,0.0
khdv9jcn,CoinRun_5_roll_0_inner_0.2_pct_1_max_random_seed_9_time_2026-04-09_17-32-43,CoinRun,5,0.2,random,9,62.0,0.0,0.0
g3x00lv4,CoinRun_5_roll_0_inner_0.5_pct_1_max_random_seed_0_time_2026-04-09_17-32-54,CoinRun,5,0.5,random,0,95.0,10.0,0.10526315789473684
xlhicanh,CoinRun_5_roll_0_inner_0.5_pct_1_max_random_seed_1_time_2026-04-09_17-33-06,CoinRun,5,0.5,random,1,93.0,10.0,0.10752688172043011
8sqat04p,CoinRun_5_roll_0_inner_0.5_pct_1_max_random_seed_2_time_2026-04-09_17-33-18,CoinRun,5,0.5,random,2,81.0,0.0,0.0
m3wqf9c6,CoinRun_5_roll_0_inner_0.5_pct_1_max_random_seed_3_time_2026-04-09_17-33-30,CoinRun,5,0.5,random,3,164.0,0.0,0.0
sm8sn7mc,CoinRun_5_roll_0_inner_0.5_pct_1_max_random_seed_4_time_2026-04-09_17-33-43,CoinRun,5,0.5,random,4,228.0,10.0,0.043859649122807015
7om4etl7,CoinRun_5_roll_0_inner_0.5_pct_1_max_random_seed_5_time_2026-04-09_17-34-07,CoinRun,5,0.5,random,5,25.0,0.0,0.0
fumlvf6b,CoinRun_5_roll_0_inner_0.5_pct_1_max_random_seed_6_time_2026-04-09_17-34-17,CoinRun,5,0.5,random,6,22.0,10.0,0.45454545454545453
k3njqucp,CoinRun_5_roll_0_inner_0.5_pct_1_max_random_seed_7_time_2026-04-09_17-34-28,CoinRun,5,0.5,random,7,219.0,0.0,0.0
nmd67urd,CoinRun_5_roll_0_inner_0.5_pct_1_max_random_seed_8_time_2026-04-09_17-34-43,CoinRun,5,0.5,random,8,75.0,0.0,0.0
5kc7mg12,CoinRun_5_roll_0_inner_0.5_pct_1_max_random_seed_9_time_2026-04-09_17-34-54,CoinRun,5,0.5,random,9,100.0,0.0,0.0
mncnsv6j,CoinRun_5_roll_0_inner_1_pct_1_max_random_seed_0_time_2026-04-14_19-35-26,CoinRun,5,1.0,random,0,196.0,10.0,0.05102040816326531
vdbldbux,CoinRun_5_roll_0_inner_1_pct_1_max_random_seed_1_time_2026-04-14_19-35-53,CoinRun,5,1.0,random,1,1000.0,0.0,0.0
q77hnh95,CoinRun_5_roll_0_inner_1_pct_1_max_random_seed_2_time_2026-04-14_19-37-01,CoinRun,5,1.0,random,2,676.0,0.0,0.0
1s6ksci9,CoinRun_5_roll_0_inner_1_pct_1_max_random_seed_3_time_2026-04-14_19-37-40,CoinRun,5,1.0,random,3,1000.0,0.0,0.0
8v8zuam0,CoinRun_5_roll_0_inner_1_pct_1_max_random_seed_4_time_2026-04-14_19-38-26,CoinRun,5,1.0,random,4,625.0,10.0,0.016
rzz3wbe5,CoinRun_5_roll_0_inner_1_pct_1_max_random_seed_5_time_2026-04-14_19-39-31,CoinRun,5,1.0,random,5,39.0,0.0,0.0
ld70z1o9,CoinRun_5_roll_0_inner_1_pct_1_max_random_seed_6_time_2026-04-14_19-40-00,CoinRun,5,1.0,random,6,731.0,10.0,0.013679890560875513
rzuyzlia,CoinRun_5_roll_0_inner_1_pct_1_max_random_seed_7_time_2026-04-14_19-41-12,CoinRun,5,1.0,random,7,1000.0,0.0,0.0
jka33n2f,CoinRun_5_roll_0_inner_1_pct_1_max_random_seed_8_time_2026-04-14_19-42-11,CoinRun,5,1.0,random,8,592.0,0.0,0.0
x3z2i266,CoinRun_5_roll_0_inner_1_pct_1_max_random_seed_9_time_2026-04-14_19-42-56,CoinRun,5,1.0,random,9,40.0,0.0,0.0
8vu3h2kg,Dodgeball_5_roll_0_inner_0.05_pct_1_max_random_seed_0_time_2026-04-09_18-05-10,Dodgeball,5,0.05,random,0,730.0,0.0,0.0
d60xftz1,Dodgeball_5_roll_0_inner_0.05_pct_1_max_random_seed_1_time_2026-04-09_18-05-41,Dodgeball,5,0.05,random,1,19.0,0.0,0.0
6dlzdgmc,Dodgeball_5_roll_0_inner_0.05_pct_1_max_random_seed_2_time_2026-04-09_18-05-55,Dodgeball,5,0.05,random,2,10.0,0.0,0.0
3ru7kd42,Dodgeball_5_roll_0_inner_0.05_pct_1_max_random_seed_3_time_2026-04-09_18-06-17,Dodgeball,5,0.05,random,3,1.0,0.0,0.0
5kbg93bt,Dodgeball_5_roll_0_inner_0.05_pct_1_max_random_seed_4_time_2026-04-09_18-06-36,Dodgeball,5,0.05,random,4,4.0,0.0,0.0
bvdd8eny,Dodgeball_5_roll_0_inner_0.05_pct_1_max_random_seed_5_time_2026-04-09_18-06-50,Dodgeball,5,0.05,random,5,2.0,0.0,0.0
uxe2h89i,Dodgeball_5_roll_0_inner_0.05_pct_1_max_random_seed_6_time_2026-04-09_18-07-07,Dodgeball,5,0.05,random,6,6.0,0.0,0.0
b042pcam,Dodgeball_5_roll_0_inner_0.05_pct_1_max_random_seed_7_time_2026-04-09_18-07-17,Dodgeball,5,0.05,random,7,886.0,0.0,0.0
dsagop2v,Dodgeball_5_roll_0_inner_0.05_pct_1_max_random_seed_8_time_2026-04-09_18-07-48,Dodgeball,5,0.05,random,8,89.0,0.0,0.0
m2kx9yxv,Dodgeball_5_roll_0_inner_0.05_pct_1_max_random_seed_9_time_2026-04-09_18-08-00,Dodgeball,5,0.05,random,9,4.0,0.0,0.0
yvy6azla,Dodgeball_5_roll_0_inner_0.1_pct_1_max_random_seed_0_time_2026-04-09_18-08-10,Dodgeball,5,0.1,random,0,1000.0,0.0,0.0
ey0hb6gp,Dodgeball_5_roll_0_inner_0.1_pct_1_max_random_seed_1_time_2026-04-09_18-08-43,Dodgeball,5,0.1,random,1,19.0,0.0,0.0
xfptqxnf,Dodgeball_5_roll_0_inner_0.1_pct_1_max_random_seed_2_time_2026-04-09_18-08-53,Dodgeball,5,0.1,random,2,10.0,0.0,0.0
bqc23cc9,Dodgeball_5_roll_0_inner_0.1_pct_1_max_random_seed_3_time_2026-04-09_18-09-04,Dodgeball,5,0.1,random,3,1.0,0.0,0.0
1jlploh3,Dodgeball_5_roll_0_inner_0.1_pct_1_max_random_seed_4_time_2026-04-09_18-09-15,Dodgeball,5,0.1,random,4,4.0,0.0,0.0
sv2wsvpp,Dodgeball_5_roll_0_inner_0.1_pct_1_max_random_seed_5_time_2026-04-09_18-09-25,Dodgeball,5,0.1,random,5,2.0,0.0,0.0
275m9xt4,Dodgeball_5_roll_0_inner_0.1_pct_1_max_random_seed_6_time_2026-04-09_18-09-37,Dodgeball,5,0.1,random,6,7.0,0.0,0.0
myc839vf,Dodgeball_5_roll_0_inner_0.1_pct_1_max_random_seed_7_time_2026-04-09_18-09-47,Dodgeball,5,0.1,random,7,886.0,0.0,0.0
ajx7xkg0,Dodgeball_5_roll_0_inner_0.1_pct_1_max_random_seed_8_time_2026-04-09_18-10-17,Dodgeball,5,0.1,random,8,89.0,0.0,0.0
1zo7ksjy,Dodgeball_5_roll_0_inner_0.1_pct_1_max_random_seed_9_time_2026-04-09_18-10-29,Dodgeball,5,0.1,random,9,4.0,0.0,0.0
blvjqnoq,Dodgeball_5_roll_0_inner_0.2_pct_1_max_random_seed_0_time_2026-04-09_18-10-39,Dodgeball,5,0.2,random,0,733.0,0.0,0.0
klkb32om,Dodgeball_5_roll_0_inner_0.2_pct_1_max_random_seed_1_time_2026-04-09_18-11-05,Dodgeball,5,0.2,random,1,19.0,0.0,0.0
0v9vtidx,Dodgeball_5_roll_0_inner_0.2_pct_1_max_random_seed_2_time_2026-04-09_18-11-15,Dodgeball,5,0.2,random,2,10.0,0.0,0.0
qc2hi0z3,Dodgeball_5_roll_0_inner_0.2_pct_1_max_random_seed_3_time_2026-04-09_18-11-25,Dodgeball,5,0.2,random,3,1.0,0.0,0.0
qf8fv4ib,Dodgeball_5_roll_0_inner_0.2_pct_1_max_random_seed_4_time_2026-04-09_18-11-35,Dodgeball,5,0.2,random,4,4.0,0.0,0.0
7lhxkb9c,Dodgeball_5_roll_0_inner_0.2_pct_1_max_random_seed_5_time_2026-04-09_18-11-45,Dodgeball,5,0.2,random,5,2.0,0.0,0.0
eyp71gcd,Dodgeball_5_roll_0_inner_0.2_pct_1_max_random_seed_6_time_2026-04-09_18-11-55,Dodgeball,5,0.2,random,6,7.0,0.0,0.0
tlib54bv,Dodgeball_5_roll_0_inner_0.2_pct_1_max_random_seed_7_time_2026-04-09_18-12-05,Dodgeball,5,0.2,random,7,877.0,0.0,0.0
3ry9n3jl,Dodgeball_5_roll_0_inner_0.2_pct_1_max_random_seed_8_time_2026-04-09_18-12-36,Dodgeball,5,0.2,random,8,89.0,0.0,0.0
o8cqmfb7,Dodgeball_5_roll_0_inner_0.2_pct_1_max_random_seed_9_time_2026-04-09_18-12-48,Dodgeball,5,0.2,random,9,4.0,0.0,0.0
0nmv611j,Dodgeball_5_roll_0_inner_0.5_pct_1_max_random_seed_0_time_2026-04-09_18-12-57,Dodgeball,5,0.5,random,0,1000.0,2.0,0.002
gc2so8tt,Dodgeball_5_roll_0_inner_0.5_pct_1_max_random_seed_1_time_2026-04-09_18-13-30,Dodgeball,5,0.5,random,1,29.0,0.0,0.0
36i8zfr7,Dodgeball_5_roll_0_inner_0.5_pct_1_max_random_seed_2_time_2026-04-09_18-13-40,Dodgeball,5,0.5,random,2,32.0,0.0,0.0
5qaes89x,Dodgeball_5_roll_0_inner_0.5_pct_1_max_random_seed_3_time_2026-04-09_18-13-51,Dodgeball,5,0.5,random,3,1.0,0.0,0.0
p7jviu0a,Dodgeball_5_roll_0_inner_0.5_pct_1_max_random_seed_4_time_2026-04-09_18-14-00,Dodgeball,5,0.5,random,4,4.0,0.0,0.0
oxhceupo,Dodgeball_5_roll_0_inner_0.5_pct_1_max_random_seed_5_time_2026-04-09_18-14-10,Dodgeball,5,0.5,random,5,2.0,0.0,0.0
mol3ymag,Dodgeball_5_roll_0_inner_0.5_pct_1_max_random_seed_6_time_2026-04-09_18-14-20,Dodgeball,5,0.5,random,6,15.0,0.0,0.0
i5v05sma,Dodgeball_5_roll_0_inner_0.5_pct_1_max_random_seed_7_time_2026-04-09_18-14-29,Dodgeball,5,0.5,random,7,1000.0,4.0,0.004
15rsi3u2,Dodgeball_5_roll_0_inner_0.5_pct_1_max_random_seed_8_time_2026-04-09_18-15-02,Dodgeball,5,0.5,random,8,89.0,0.0,0.0
okrz5sft,Dodgeball_5_roll_0_inner_0.5_pct_1_max_random_seed_9_time_2026-04-09_18-15-13,Dodgeball,5,0.5,random,9,4.0,0.0,0.0
l6ybvdui,Dodgeball_5_roll_0_inner_1_pct_1_max_random_seed_0_time_2026-04-14_19-56-21,Dodgeball,5,1.0,random,0,122.0,2.0,0.01639344262295082
jfb2udxp,Dodgeball_5_roll_0_inner_1_pct_1_max_random_seed_1_time_2026-04-14_19-56-37,Dodgeball,5,1.0,random,1,69.0,0.0,0.0
1sth02ax,Dodgeball_5_roll_0_inner_1_pct_1_max_random_seed_2_time_2026-04-14_19-56-54,Dodgeball,5,1.0,random,2,31.0,0.0,0.0
qvayu7wg,Dodgeball_5_roll_0_inner_1_pct_1_max_random_seed_3_time_2026-04-14_19-57-06,Dodgeball,5,1.0,random,3,1.0,0.0,0.0
9er6svr8,Dodgeball_5_roll_0_inner_1_pct_1_max_random_seed_4_time_2026-04-14_19-57-16,Dodgeball,5,1.0,random,4,4.0,0.0,0.0
cpl9scvt,Dodgeball_5_roll_0_inner_1_pct_1_max_random_seed_5_time_2026-04-14_19-57-26,Dodgeball,5,1.0,random,5,2.0,0.0,0.0
e55t08w6,Dodgeball_5_roll_0_inner_1_pct_1_max_random_seed_6_time_2026-04-14_19-57-36,Dodgeball,5,1.0,random,6,124.0,0.0,0.0
u1unrecu,Dodgeball_5_roll_0_inner_1_pct_1_max_random_seed_7_time_2026-04-14_19-57-48,Dodgeball,5,1.0,random,7,157.0,0.0,0.0
h12mkuc1,Dodgeball_5_roll_0_inner_1_pct_1_max_random_seed_8_time_2026-04-14_19-58-02,Dodgeball,5,1.0,random,8,84.0,2.0,0.023809523809523808
sv000c18,Dodgeball_5_roll_0_inner_1_pct_1_max_random_seed_9_time_2026-04-14_19-58-14,Dodgeball,5,1.0,random,9,4.0,0.0,0.0
eiywhcol,FruitBot_5_roll_0_inner_0.05_pct_1_max_random_seed_0_time_2026-04-09_18-15-23,FruitBot,5,0.05,random,0,159.0,-2.0,-0.012578616352201259
1rk6ip3h,FruitBot_5_roll_0_inner_0.05_pct_1_max_random_seed_1_time_2026-04-09_18-15-35,FruitBot,5,0.05,random,1,80.0,2.0,0.025
nzp94fdi,FruitBot_5_roll_0_inner_0.05_pct_1_max_random_seed_2_time_2026-04-09_18-15-46,FruitBot,5,0.05,random,2,44.0,-4.0,-0.09090909090909091
nsdl4cap,FruitBot_5_roll_0_inner_0.05_pct_1_max_random_seed_3_time_2026-04-09_18-15-56,FruitBot,5,0.05,random,3,94.0,3.0,0.031914893617021274
i44pgrm4,FruitBot_5_roll_0_inner_0.05_pct_1_max_random_seed_4_time_2026-04-09_18-16-07,FruitBot,5,0.05,random,4,94.0,3.0,0.031914893617021274
z6zz8m4b,FruitBot_5_roll_0_inner_0.05_pct_1_max_random_seed_5_time_2026-04-09_18-16-19,FruitBot,5,0.05,random,5,58.0,-3.0,-0.05172413793103448
lnvmjqoh,FruitBot_5_roll_0_inner_0.05_pct_1_max_random_seed_6_time_2026-04-09_18-16-28,FruitBot,5,0.05,random,6,80.0,1.0,0.0125
emkz9842,FruitBot_5_roll_0_inner_0.05_pct_1_max_random_seed_7_time_2026-04-09_18-16-40,FruitBot,5,0.05,random,7,72.0,-8.0,-0.1111111111111111
wfz9zc8b,FruitBot_5_roll_0_inner_0.05_pct_1_max_random_seed_8_time_2026-04-09_18-16-50,FruitBot,5,0.05,random,8,72.0,0.0,0.0
94n6l0kf,FruitBot_5_roll_0_inner_0.05_pct_1_max_random_seed_9_time_2026-04-09_18-17-01,FruitBot,5,0.05,random,9,152.0,1.0,0.006578947368421052
xuf4miam,FruitBot_5_roll_0_inner_0.1_pct_1_max_random_seed_0_time_2026-04-09_18-17-13,FruitBot,5,0.1,random,0,87.0,-3.0,-0.034482758620689655
53xply60,FruitBot_5_roll_0_inner_0.1_pct_1_max_random_seed_1_time_2026-04-09_18-17-23,FruitBot,5,0.1,random,1,80.0,1.0,0.0125
2p3vk69k,FruitBot_5_roll_0_inner_0.1_pct_1_max_random_seed_2_time_2026-04-09_18-17-34,FruitBot,5,0.1,random,2,44.0,1.0,0.022727272727272728
s92dvjs5,FruitBot_5_roll_0_inner_0.1_pct_1_max_random_seed_3_time_2026-04-09_18-17-44,FruitBot,5,0.1,random,3,94.0,3.0,0.031914893617021274
n1j01rdr,FruitBot_5_roll_0_inner_0.1_pct_1_max_random_seed_4_time_2026-04-09_18-17-56,FruitBot,5,0.1,random,4,94.0,-3.0,-0.031914893617021274
31idibz1,FruitBot_5_roll_0_inner_0.1_pct_1_max_random_seed_5_time_2026-04-09_18-18-07,FruitBot,5,0.1,random,5,58.0,-2.0,-0.034482758620689655
wy80y2py,FruitBot_5_roll_0_inner_0.1_pct_1_max_random_seed_6_time_2026-04-09_18-18-17,FruitBot,5,0.1,random,6,80.0,1.0,0.0125
k38svo2h,FruitBot_5_roll_0_inner_0.1_pct_1_max_random_seed_7_time_2026-04-09_18-18-28,FruitBot,5,0.1,random,7,72.0,-8.0,-0.1111111111111111
n90mk9r6,FruitBot_5_roll_0_inner_0.1_pct_1_max_random_seed_8_time_2026-04-09_18-18-38,FruitBot,5,0.1,random,8,77.0,1.0,0.012987012987012988
036z0ypd,FruitBot_5_roll_0_inner_0.1_pct_1_max_random_seed_9_time_2026-04-09_18-18-49,FruitBot,5,0.1,random,9,70.0,-4.0,-0.05714285714285714
fa8l6w7w,FruitBot_5_roll_0_inner_0.2_pct_1_max_random_seed_0_time_2026-04-09_18-18-59,FruitBot,5,0.2,random,0,87.0,-8.0,-0.09195402298850575
zowtn3n4,FruitBot_5_roll_0_inner_0.2_pct_1_max_random_seed_1_time_2026-04-09_18-19-10,FruitBot,5,0.2,random,1,80.0,2.0,0.025
voddn566,FruitBot_5_roll_0_inner_0.2_pct_1_max_random_seed_2_time_2026-04-09_18-19-20,FruitBot,5,0.2,random,2,44.0,-4.0,-0.09090909090909091
c0vw3krx,FruitBot_5_roll_0_inner_0.2_pct_1_max_random_seed_3_time_2026-04-09_18-19-30,FruitBot,5,0.2,random,3,94.0,3.0,0.031914893617021274
ucj7vokk,FruitBot_5_roll_0_inner_0.2_pct_1_max_random_seed_4_time_2026-04-09_18-19-41,FruitBot,5,0.2,random,4,94.0,-6.0,-0.06382978723404255
khtzczij,FruitBot_5_roll_0_inner_0.2_pct_1_max_random_seed_5_time_2026-04-09_18-19-51,FruitBot,5,0.2,random,5,58.0,-2.0,-0.034482758620689655
msnsxryk,FruitBot_5_roll_0_inner_0.2_pct_1_max_random_seed_6_time_2026-04-09_18-20-01,FruitBot,5,0.2,random,6,80.0,-7.0,-0.0875
o5mopu36,FruitBot_5_roll_0_inner_0.2_pct_1_max_random_seed_7_time_2026-04-09_18-20-12,FruitBot,5,0.2,random,7,116.0,-15.0,-0.12931034482758622
8zdej6ev,FruitBot_5_roll_0_inner_0.2_pct_1_max_random_seed_8_time_2026-04-09_18-20-23,FruitBot,5,0.2,random,8,72.0,0.0,0.0
comsw7k8,FruitBot_5_roll_0_inner_0.2_pct_1_max_random_seed_9_time_2026-04-09_18-20-33,FruitBot,5,0.2,random,9,65.0,1.0,0.015384615384615385
zet32ot2,FruitBot_5_roll_0_inner_0.5_pct_1_max_random_seed_0_time_2026-04-09_18-20-44,FruitBot,5,0.5,random,0,87.0,-3.0,-0.034482758620689655
sa3bgule,FruitBot_5_roll_0_inner_0.5_pct_1_max_random_seed_1_time_2026-04-09_18-20-54,FruitBot,5,0.5,random,1,80.0,1.0,0.0125
tvg6ngg4,FruitBot_5_roll_0_inner_0.5_pct_1_max_random_seed_2_time_2026-04-09_18-21-05,FruitBot,5,0.5,random,2,44.0,-4.0,-0.09090909090909091
l4v6yz10,FruitBot_5_roll_0_inner_0.5_pct_1_max_random_seed_3_time_2026-04-09_18-21-14,FruitBot,5,0.5,random,3,94.0,-2.0,-0.02127659574468085
kz0wrd84,FruitBot_5_roll_0_inner_0.5_pct_1_max_random_seed_4_time_2026-04-09_18-21-26,FruitBot,5,0.5,random,4,94.0,4.0,0.0425531914893617
buiry23z,FruitBot_5_roll_0_inner_0.5_pct_1_max_random_seed_5_time_2026-04-09_18-21-37,FruitBot,5,0.5,random,5,58.0,-2.0,-0.034482758620689655
lw5femua,FruitBot_5_roll_0_inner_0.5_pct_1_max_random_seed_6_time_2026-04-09_18-21-47,FruitBot,5,0.5,random,6,80.0,-15.0,-0.1875
s4mzwf17,FruitBot_5_roll_0_inner_0.5_pct_1_max_random_seed_7_time_2026-04-09_18-21-57,FruitBot,5,0.5,random,7,72.0,-3.0,-0.041666666666666664
9nwl7wcl,FruitBot_5_roll_0_inner_0.5_pct_1_max_random_seed_8_time_2026-04-09_18-22-08,FruitBot,5,0.5,random,8,72.0,1.0,0.013888888888888888
tyr4mtw9,FruitBot_5_roll_0_inner_0.5_pct_1_max_random_seed_9_time_2026-04-09_18-22-18,FruitBot,5,0.5,random,9,65.0,1.0,0.015384615384615385
cyarlfqp,FruitBot_5_roll_0_inner_1_pct_1_max_random_seed_0_time_2026-04-14_19-58-24,FruitBot,5,1.0,random,0,87.0,-4.0,-0.04597701149425287
nfc1oi8r,FruitBot_5_roll_0_inner_1_pct_1_max_random_seed_1_time_2026-04-14_19-58-35,FruitBot,5,1.0,random,1,87.0,3.0,0.034482758620689655
v0go2wfi,FruitBot_5_roll_0_inner_1_pct_1_max_random_seed_2_time_2026-04-14_19-58-46,FruitBot,5,1.0,random,2,44.0,-4.0,-0.09090909090909091
kvjbl35y,FruitBot_5_roll_0_inner_1_pct_1_max_random_seed_3_time_2026-04-14_19-58-56,FruitBot,5,1.0,random,3,94.0,2.0,0.02127659574468085
hh7dfw4o,FruitBot_5_roll_0_inner_1_pct_1_max_random_seed_4_time_2026-04-14_19-59-07,FruitBot,5,1.0,random,4,94.0,1.0,0.010638297872340425
qckpys33,FruitBot_5_roll_0_inner_1_pct_1_max_random_seed_5_time_2026-04-14_19-59-18,FruitBot,5,1.0,random,5,58.0,-1.0,-0.017241379310344827
1bophpaq,FruitBot_5_roll_0_inner_1_pct_1_max_random_seed_6_time_2026-04-14_19-59-28,FruitBot,5,1.0,random,6,84.0,-7.0,-0.08333333333333333
1ck9b258,FruitBot_5_roll_0_inner_1_pct_1_max_random_seed_7_time_2026-04-14_19-59-39,FruitBot,5,1.0,random,7,72.0,1.0,0.013888888888888888
kwoifj61,FruitBot_5_roll_0_inner_1_pct_1_max_random_seed_8_time_2026-04-14_19-59-49,FruitBot,5,1.0,random,8,72.0,-4.0,-0.05555555555555555
m1obs1n4,FruitBot_5_roll_0_inner_1_pct_1_max_random_seed_9_time_2026-04-14_19-59-59,FruitBot,5,1.0,random,9,152.0,-18.0,-0.11842105263157894
8g4c4fkd,Heist_5_roll_0_inner_0.05_pct_1_max_random_seed_0_time_2026-04-09_19-28-52,Heist,5,0.05,random,0,1000.0,0.0,0.0
rkbabf4o,Heist_5_roll_0_inner_0.05_pct_1_max_random_seed_1_time_2026-04-09_19-29-26,Heist,5,0.05,random,1,1000.0,0.0,0.0
yj1nn3z6,Heist_5_roll_0_inner_0.05_pct_1_max_random_seed_2_time_2026-04-09_19-30-00,Heist,5,0.05,random,2,1000.0,0.0,0.0
h6xodpcf,Heist_5_roll_0_inner_0.05_pct_1_max_random_seed_3_time_2026-04-09_19-30-35,Heist,5,0.05,random,3,1000.0,0.0,0.0
p2wgc594,Heist_5_roll_0_inner_0.05_pct_1_max_random_seed_4_time_2026-04-09_19-31-09,Heist,5,0.05,random,4,1000.0,0.0,0.0
vf5djps0,Heist_5_roll_0_inner_0.05_pct_1_max_random_seed_5_time_2026-04-09_19-31-43,Heist,5,0.05,random,5,1000.0,0.0,0.0
i1r7sga7,Heist_5_roll_0_inner_0.05_pct_1_max_random_seed_6_time_2026-04-09_19-32-16,Heist,5,0.05,random,6,130.0,10.0,0.07692307692307693
mr3ozcuq,Heist_5_roll_0_inner_0.05_pct_1_max_random_seed_7_time_2026-04-09_19-32-30,Heist,5,0.05,random,7,1000.0,0.0,0.0
fv70k81y,Heist_5_roll_0_inner_0.05_pct_1_max_random_seed_8_time_2026-04-09_19-33-04,Heist,5,0.05,random,8,1000.0,0.0,0.0
wj5f8qay,Heist_5_roll_0_inner_0.05_pct_1_max_random_seed_9_time_2026-04-09_19-33-38,Heist,5,0.05,random,9,1000.0,0.0,0.0
igovvy4k,Heist_5_roll_0_inner_0.1_pct_1_max_random_seed_0_time_2026-04-09_19-34-12,Heist,5,0.1,random,0,170.0,10.0,0.058823529411764705
x1kjin08,Heist_5_roll_0_inner_0.1_pct_1_max_random_seed_1_time_2026-04-09_19-34-26,Heist,5,0.1,random,1,1000.0,0.0,0.0
q5sqt6lm,Heist_5_roll_0_inner_0.1_pct_1_max_random_seed_2_time_2026-04-09_19-35-00,Heist,5,0.1,random,2,1000.0,0.0,0.0
xytfhj13,Heist_5_roll_0_inner_0.1_pct_1_max_random_seed_3_time_2026-04-09_19-35-34,Heist,5,0.1,random,3,1000.0,0.0,0.0
kb3brfc3,Heist_5_roll_0_inner_0.1_pct_1_max_random_seed_4_time_2026-04-09_19-36-09,Heist,5,0.1,random,4,1000.0,0.0,0.0
23ua9mxq,Heist_5_roll_0_inner_0.1_pct_1_max_random_seed_5_time_2026-04-09_19-36-42,Heist,5,0.1,random,5,1000.0,0.0,0.0
ioxq53y0,Heist_5_roll_0_inner_0.1_pct_1_max_random_seed_6_time_2026-04-09_19-37-17,Heist,5,0.1,random,6,160.0,10.0,0.0625
9rrrhsf3,Heist_5_roll_0_inner_0.1_pct_1_max_random_seed_7_time_2026-04-09_19-37-31,Heist,5,0.1,random,7,1000.0,0.0,0.0
lyefpnh7,Heist_5_roll_0_inner_0.1_pct_1_max_random_seed_8_time_2026-04-09_19-38-05,Heist,5,0.1,random,8,1000.0,0.0,0.0
ggpe2pjd,Heist_5_roll_0_inner_0.1_pct_1_max_random_seed_9_time_2026-04-09_19-38-39,Heist,5,0.1,random,9,1000.0,0.0,0.0
b5klgllq,Heist_5_roll_0_inner_0.2_pct_1_max_random_seed_0_time_2026-04-09_19-39-13,Heist,5,0.2,random,0,1000.0,0.0,0.0
8kwampfu,Heist_5_roll_0_inner_0.2_pct_1_max_random_seed_1_time_2026-04-09_19-39-48,Heist,5,0.2,random,1,1000.0,0.0,0.0
oynwbbh2,Heist_5_roll_0_inner_0.2_pct_1_max_random_seed_2_time_2026-04-09_19-40-21,Heist,5,0.2,random,2,1000.0,0.0,0.0
rqyv9x16,Heist_5_roll_0_inner_0.2_pct_1_max_random_seed_3_time_2026-04-09_19-40-55,Heist,5,0.2,random,3,1000.0,0.0,0.0
3ndr0ev9,Heist_5_roll_0_inner_0.2_pct_1_max_random_seed_4_time_2026-04-09_19-41-29,Heist,5,0.2,random,4,1000.0,0.0,0.0
hkuz38ky,Heist_5_roll_0_inner_0.2_pct_1_max_random_seed_5_time_2026-04-09_19-42-03,Heist,5,0.2,random,5,1000.0,0.0,0.0
234qputo,Heist_5_roll_0_inner_0.2_pct_1_max_random_seed_6_time_2026-04-09_19-42-37,Heist,5,0.2,random,6,389.0,10.0,0.02570694087403599
xz1466ji,Heist_5_roll_0_inner_0.2_pct_1_max_random_seed_7_time_2026-04-09_19-42-56,Heist,5,0.2,random,7,1000.0,0.0,0.0
xasrme2j,Heist_5_roll_0_inner_0.2_pct_1_max_random_seed_8_time_2026-04-09_19-43-30,Heist,5,0.2,random,8,1000.0,0.0,0.0
vy8ympx0,Heist_5_roll_0_inner_0.2_pct_1_max_random_seed_9_time_2026-04-09_19-44-05,Heist,5,0.2,random,9,1000.0,0.0,0.0
30whpt1n,Heist_5_roll_0_inner_0.5_pct_1_max_random_seed_0_time_2026-04-09_19-44-39,Heist,5,0.5,random,0,1000.0,0.0,0.0
histd6y4,Heist_5_roll_0_inner_0.5_pct_1_max_random_seed_1_time_2026-04-09_19-45-13,Heist,5,0.5,random,1,1000.0,0.0,0.0
d2iitotq,Heist_5_roll_0_inner_0.5_pct_1_max_random_seed_2_time_2026-04-09_19-45-47,Heist,5,0.5,random,2,1000.0,0.0,0.0
js4luwy4,Heist_5_roll_0_inner_0.5_pct_1_max_random_seed_3_time_2026-04-09_19-46-21,Heist,5,0.5,random,3,1000.0,0.0,0.0
k1urmkbx,Heist_5_roll_0_inner_0.5_pct_1_max_random_seed_4_time_2026-04-09_19-46-55,Heist,5,0.5,random,4,1000.0,0.0,0.0
3sg19qos,Heist_5_roll_0_inner_0.5_pct_1_max_random_seed_5_time_2026-04-09_19-47-29,Heist,5,0.5,random,5,1000.0,0.0,0.0
euxnbtee,Heist_5_roll_0_inner_0.5_pct_1_max_random_seed_6_time_2026-04-09_19-48-03,Heist,5,0.5,random,6,72.0,10.0,0.1388888888888889
p0mr7qv8,Heist_5_roll_0_inner_0.5_pct_1_max_random_seed_7_time_2026-04-09_19-48-15,Heist,5,0.5,random,7,1000.0,0.0,0.0
3z39tag3,Heist_5_roll_0_inner_0.5_pct_1_max_random_seed_8_time_2026-04-09_19-48-49,Heist,5,0.5,random,8,1000.0,0.0,0.0
ikb4tntd,Heist_5_roll_0_inner_0.5_pct_1_max_random_seed_9_time_2026-04-09_19-49-23,Heist,5,0.5,random,9,1000.0,0.0,0.0
2dystzre,Heist_5_roll_0_inner_1_pct_1_max_random_seed_0_time_2026-04-14_20-16-02,Heist,5,1.0,random,0,94.0,10.0,0.10638297872340426
c6ibmigg,Heist_5_roll_0_inner_1_pct_1_max_random_seed_1_time_2026-04-14_20-16-15,Heist,5,1.0,random,1,1000.0,0.0,0.0
lt3vx7kk,Heist_5_roll_0_inner_1_pct_1_max_random_seed_2_time_2026-04-14_20-16-49,Heist,5,1.0,random,2,434.0,10.0,0.02304147465437788
jt370mrn,Heist_5_roll_0_inner_1_pct_1_max_random_seed_3_time_2026-04-14_20-17-12,Heist,5,1.0,random,3,1000.0,0.0,0.0
y1w2zgnf,Heist_5_roll_0_inner_1_pct_1_max_random_seed_4_time_2026-04-14_20-17-53,Heist,5,1.0,random,4,1000.0,0.0,0.0
s5sotda1,Heist_5_roll_0_inner_1_pct_1_max_random_seed_5_time_2026-04-14_20-18-37,Heist,5,1.0,random,5,975.0,10.0,0.010256410256410256
8wp0v8pl,Heist_5_roll_0_inner_1_pct_1_max_random_seed_6_time_2026-04-14_20-19-14,Heist,5,1.0,random,6,156.0,10.0,0.0641025641025641
7roymv29,Heist_5_roll_0_inner_1_pct_1_max_random_seed_7_time_2026-04-14_20-19-35,Heist,5,1.0,random,7,1000.0,0.0,0.0
usruulhz,Heist_5_roll_0_inner_1_pct_1_max_random_seed_8_time_2026-04-14_20-20-12,Heist,5,1.0,random,8,1000.0,0.0,0.0
i1uclzaf,Heist_5_roll_0_inner_1_pct_1_max_random_seed_9_time_2026-04-14_20-20-46,Heist,5,1.0,random,9,1000.0,0.0,0.0
kyhebxw7,Jumper_5_roll_0_inner_0.05_pct_1_max_random_seed_0_time_2026-04-09_18-47-17,Jumper,5,0.05,random,0,8.0,10.0,1.25
zo12c2n9,Jumper_5_roll_0_inner_0.05_pct_1_max_random_seed_1_time_2026-04-09_18-47-27,Jumper,5,0.05,random,1,6.0,0.0,0.0
3ru9fq26,Jumper_5_roll_0_inner_0.05_pct_1_max_random_seed_2_time_2026-04-09_18-47-37,Jumper,5,0.05,random,2,84.0,10.0,0.11904761904761904
srznoi51,Jumper_5_roll_0_inner_0.05_pct_1_max_random_seed_3_time_2026-04-09_18-47-49,Jumper,5,0.05,random,3,60.0,10.0,0.16666666666666666
64ejxk3r,Jumper_5_roll_0_inner_0.05_pct_1_max_random_seed_4_time_2026-04-09_18-48-01,Jumper,5,0.05,random,4,177.0,0.0,0.0
9bc5pise,Jumper_5_roll_0_inner_0.05_pct_1_max_random_seed_5_time_2026-04-09_18-48-15,Jumper,5,0.05,random,5,1000.0,0.0,0.0
6r44poob,Jumper_5_roll_0_inner_0.05_pct_1_max_random_seed_6_time_2026-04-09_18-48-49,Jumper,5,0.05,random,6,1000.0,0.0,0.0
mgy6vaeb,Jumper_5_roll_0_inner_0.05_pct_1_max_random_seed_7_time_2026-04-09_18-49-22,Jumper,5,0.05,random,7,1000.0,0.0,0.0
sfb9c5oi,Jumper_5_roll_0_inner_0.05_pct_1_max_random_seed_8_time_2026-04-09_18-49-56,Jumper,5,0.05,random,8,289.0,10.0,0.03460207612456748
fbg00zr1,Jumper_5_roll_0_inner_0.05_pct_1_max_random_seed_9_time_2026-04-09_18-50-13,Jumper,5,0.05,random,9,1000.0,0.0,0.0
y67ehrrm,Jumper_5_roll_0_inner_0.1_pct_1_max_random_seed_0_time_2026-04-09_18-50-46,Jumper,5,0.1,random,0,8.0,10.0,1.25
4w9t46v0,Jumper_5_roll_0_inner_0.1_pct_1_max_random_seed_1_time_2026-04-09_18-50-56,Jumper,5,0.1,random,1,6.0,0.0,0.0
2u1gua2n,Jumper_5_roll_0_inner_0.1_pct_1_max_random_seed_2_time_2026-04-09_18-51-06,Jumper,5,0.1,random,2,93.0,10.0,0.10752688172043011
t6gck0zq,Jumper_5_roll_0_inner_0.1_pct_1_max_random_seed_3_time_2026-04-09_18-51-18,Jumper,5,0.1,random,3,60.0,10.0,0.16666666666666666
qnlixo7d,Jumper_5_roll_0_inner_0.1_pct_1_max_random_seed_4_time_2026-04-09_18-51-30,Jumper,5,0.1,random,4,208.0,0.0,0.0
2nodn81j,Jumper_5_roll_0_inner_0.1_pct_1_max_random_seed_5_time_2026-04-09_18-51-45,Jumper,5,0.1,random,5,468.0,0.0,0.0
sid6bdtu,Jumper_5_roll_0_inner_0.1_pct_1_max_random_seed_6_time_2026-04-09_18-52-06,Jumper,5,0.1,random,6,1000.0,0.0,0.0
wqs82t7j,Jumper_5_roll_0_inner_0.1_pct_1_max_random_seed_7_time_2026-04-09_18-52-39,Jumper,5,0.1,random,7,1000.0,0.0,0.0
a0tobhzs,Jumper_5_roll_0_inner_0.1_pct_1_max_random_seed_8_time_2026-04-09_18-53-12,Jumper,5,0.1,random,8,59.0,10.0,0.1694915254237288
mmizqjj1,Jumper_5_roll_0_inner_0.1_pct_1_max_random_seed_9_time_2026-04-09_18-53-23,Jumper,5,0.1,random,9,76.0,0.0,0.0
j1gs23li,Jumper_5_roll_0_inner_0.2_pct_1_max_random_seed_0_time_2026-04-09_18-53-35,Jumper,5,0.2,random,0,8.0,10.0,1.25
wl7x743i,Jumper_5_roll_0_inner_0.2_pct_1_max_random_seed_1_time_2026-04-09_18-53-45,Jumper,5,0.2,random,1,6.0,0.0,0.0
xdblpa3b,Jumper_5_roll_0_inner_0.2_pct_1_max_random_seed_2_time_2026-04-09_18-53-55,Jumper,5,0.2,random,2,404.0,10.0,0.024752475247524754
a1f3awvj,Jumper_5_roll_0_inner_0.2_pct_1_max_random_seed_3_time_2026-04-09_18-54-15,Jumper,5,0.2,random,3,44.0,10.0,0.22727272727272727
xkressrf,Jumper_5_roll_0_inner_0.2_pct_1_max_random_seed_4_time_2026-04-09_18-54-26,Jumper,5,0.2,random,4,240.0,0.0,0.0
g9mn0c2f,Jumper_5_roll_0_inner_0.2_pct_1_max_random_seed_5_time_2026-04-09_18-54-42,Jumper,5,0.2,random,5,957.0,0.0,0.0
a05hiim4,Jumper_5_roll_0_inner_0.2_pct_1_max_random_seed_6_time_2026-04-09_18-55-14,Jumper,5,0.2,random,6,1000.0,0.0,0.0
gbztfqr7,Jumper_5_roll_0_inner_0.2_pct_1_max_random_seed_7_time_2026-04-09_18-55-47,Jumper,5,0.2,random,7,1000.0,0.0,0.0
yzisytgd,Jumper_5_roll_0_inner_0.2_pct_1_max_random_seed_8_time_2026-04-09_18-56-20,Jumper,5,0.2,random,8,142.0,10.0,0.07042253521126761
6ixj4e51,Jumper_5_roll_0_inner_0.2_pct_1_max_random_seed_9_time_2026-04-09_18-56-33,Jumper,5,0.2,random,9,957.0,0.0,0.0
buo31r0o,Jumper_5_roll_0_inner_0.5_pct_1_max_random_seed_0_time_2026-04-09_18-57-06,Jumper,5,0.5,random,0,8.0,10.0,1.25
7poexsxq,Jumper_5_roll_0_inner_0.5_pct_1_max_random_seed_1_time_2026-04-09_18-57-17,Jumper,5,0.5,random,1,10.0,0.0,0.0
0wb5rzpg,Jumper_5_roll_0_inner_0.5_pct_1_max_random_seed_2_time_2026-04-09_18-57-27,Jumper,5,0.5,random,2,33.0,0.0,0.0
qkrf8l5s,Jumper_5_roll_0_inner_0.5_pct_1_max_random_seed_3_time_2026-04-09_18-57-37,Jumper,5,0.5,random,3,77.0,10.0,0.12987012987012986
d5h36gkj,Jumper_5_roll_0_inner_0.5_pct_1_max_random_seed_4_time_2026-04-09_18-57-52,Jumper,5,0.5,random,4,35.0,0.0,0.0
3qq1xzk9,Jumper_5_roll_0_inner_0.5_pct_1_max_random_seed_5_time_2026-04-09_18-58-03,Jumper,5,0.5,random,5,329.0,0.0,0.0
7cm3ffvf,Jumper_5_roll_0_inner_0.5_pct_1_max_random_seed_6_time_2026-04-09_18-58-21,Jumper,5,0.5,random,6,1000.0,0.0,0.0
buw5f0v4,Jumper_5_roll_0_inner_0.5_pct_1_max_random_seed_7_time_2026-04-09_18-58-54,Jumper,5,0.5,random,7,1000.0,0.0,0.0
51rvkrv0,Jumper_5_roll_0_inner_0.5_pct_1_max_random_seed_8_time_2026-04-09_18-59-28,Jumper,5,0.5,random,8,78.0,0.0,0.0
2q4j3dqx,Jumper_5_roll_0_inner_0.5_pct_1_max_random_seed_9_time_2026-04-09_18-59-40,Jumper,5,0.5,random,9,676.0,0.0,0.0
0ydm2hfs,Jumper_5_roll_0_inner_1_pct_1_max_random_seed_0_time_2026-04-14_20-05-34,Jumper,5,1.0,random,0,112.0,10.0,0.08928571428571429
dagossi3,Jumper_5_roll_0_inner_1_pct_1_max_random_seed_1_time_2026-04-14_20-05-47,Jumper,5,1.0,random,1,715.0,0.0,0.0
gnefq7ix,Jumper_5_roll_0_inner_1_pct_1_max_random_seed_2_time_2026-04-14_20-06-14,Jumper,5,1.0,random,2,332.0,0.0,0.0
tl481jxi,Jumper_5_roll_0_inner_1_pct_1_max_random_seed_3_time_2026-04-14_20-06-32,Jumper,5,1.0,random,3,10.0,10.0,1.0
raciqnyq,Jumper_5_roll_0_inner_1_pct_1_max_random_seed_4_time_2026-04-14_20-06-43,Jumper,5,1.0,random,4,48.0,0.0,0.0
3q20cxth,Jumper_5_roll_0_inner_1_pct_1_max_random_seed_5_time_2026-04-14_20-06-54,Jumper,5,1.0,random,5,170.0,0.0,0.0
xkbw9qbc,Jumper_5_roll_0_inner_1_pct_1_max_random_seed_6_time_2026-04-14_20-07-08,Jumper,5,1.0,random,6,1000.0,0.0,0.0
69thnzp1,Jumper_5_roll_0_inner_1_pct_1_max_random_seed_7_time_2026-04-14_20-07-42,Jumper,5,1.0,random,7,1000.0,0.0,0.0
ldbfzsfq,Jumper_5_roll_0_inner_1_pct_1_max_random_seed_8_time_2026-04-14_20-08-15,Jumper,5,1.0,random,8,87.0,10.0,0.11494252873563218
ytv18m3p,Jumper_5_roll_0_inner_1_pct_1_max_random_seed_9_time_2026-04-14_20-08-28,Jumper,5,1.0,random,9,119.0,0.0,0.0
dqodgu31,Leaper_5_roll_0_inner_0.05_pct_1_max_random_seed_0_time_2026-04-09_19-00-06,Leaper,5,0.05,random,0,149.0,10.0,0.06711409395973154
m62urnem,Leaper_5_roll_0_inner_0.05_pct_1_max_random_seed_1_time_2026-04-09_19-00-19,Leaper,5,0.05,random,1,138.0,0.0,0.0
gcf90uhs,Leaper_5_roll_0_inner_0.05_pct_1_max_random_seed_2_time_2026-04-09_19-00-31,Leaper,5,0.05,random,2,146.0,0.0,0.0
bxdvd4bb,Leaper_5_roll_0_inner_0.05_pct_1_max_random_seed_3_time_2026-04-09_19-00-43,Leaper,5,0.05,random,3,80.0,10.0,0.125
rl641ocv,Leaper_5_roll_0_inner_0.05_pct_1_max_random_seed_4_time_2026-04-09_19-00-54,Leaper,5,0.05,random,4,123.0,0.0,0.0
tl9ucroz,Leaper_5_roll_0_inner_0.05_pct_1_max_random_seed_5_time_2026-04-09_19-01-06,Leaper,5,0.05,random,5,23.0,0.0,0.0
usj7cikf,Leaper_5_roll_0_inner_0.05_pct_1_max_random_seed_6_time_2026-04-09_19-01-15,Leaper,5,0.05,random,6,93.0,0.0,0.0
7g7xp6kv,Leaper_5_roll_0_inner_0.05_pct_1_max_random_seed_7_time_2026-04-09_19-01-26,Leaper,5,0.05,random,7,261.0,0.0,0.0
fkg0dof8,Leaper_5_roll_0_inner_0.05_pct_1_max_random_seed_8_time_2026-04-09_19-01-41,Leaper,5,0.05,random,8,42.0,0.0,0.0
sdm0myxq,Leaper_5_roll_0_inner_0.05_pct_1_max_random_seed_9_time_2026-04-09_19-01-51,Leaper,5,0.05,random,9,63.0,10.0,0.15873015873015872
p8ybezfk,Leaper_5_roll_0_inner_0.1_pct_1_max_random_seed_0_time_2026-04-09_19-02-00,Leaper,5,0.1,random,0,72.0,10.0,0.1388888888888889
6ki4qtw9,Leaper_5_roll_0_inner_0.1_pct_1_max_random_seed_1_time_2026-04-09_19-02-11,Leaper,5,0.1,random,1,240.0,0.0,0.0
75jjxjvm,Leaper_5_roll_0_inner_0.1_pct_1_max_random_seed_2_time_2026-04-09_19-02-25,Leaper,5,0.1,random,2,85.0,0.0,0.0
e401bmb8,Leaper_5_roll_0_inner_0.1_pct_1_max_random_seed_3_time_2026-04-09_19-02-35,Leaper,5,0.1,random,3,105.0,10.0,0.09523809523809523
ctxadf5w,Leaper_5_roll_0_inner_0.1_pct_1_max_random_seed_4_time_2026-04-09_19-02-47,Leaper,5,0.1,random,4,221.0,0.0,0.0
6hg7qjsc,Leaper_5_roll_0_inner_0.1_pct_1_max_random_seed_5_time_2026-04-09_19-03-00,Leaper,5,0.1,random,5,145.0,0.0,0.0
ck6evuo8,Leaper_5_roll_0_inner_0.1_pct_1_max_random_seed_6_time_2026-04-09_19-03-12,Leaper,5,0.1,random,6,157.0,0.0,0.0
8y21j31s,Leaper_5_roll_0_inner_0.1_pct_1_max_random_seed_7_time_2026-04-09_19-03-25,Leaper,5,0.1,random,7,234.0,0.0,0.0
gkussp1r,Leaper_5_roll_0_inner_0.1_pct_1_max_random_seed_8_time_2026-04-09_19-03-39,Leaper,5,0.1,random,8,50.0,0.0,0.0
vblzxuq6,Leaper_5_roll_0_inner_0.1_pct_1_max_random_seed_9_time_2026-04-09_19-03-49,Leaper,5,0.1,random,9,143.0,10.0,0.06993006993006994
un5i3pno,Leaper_5_roll_0_inner_0.2_pct_1_max_random_seed_0_time_2026-04-09_19-04-00,Leaper,5,0.2,random,0,32.0,10.0,0.3125
se2s778e,Leaper_5_roll_0_inner_0.2_pct_1_max_random_seed_1_time_2026-04-09_19-04-10,Leaper,5,0.2,random,1,117.0,0.0,0.0
2uzc01ri,Leaper_5_roll_0_inner_0.2_pct_1_max_random_seed_2_time_2026-04-09_19-04-21,Leaper,5,0.2,random,2,407.0,0.0,0.0
taz87nyv,Leaper_5_roll_0_inner_0.2_pct_1_max_random_seed_3_time_2026-04-09_19-04-40,Leaper,5,0.2,random,3,309.0,10.0,0.032362459546925564
09sx57nf,Leaper_5_roll_0_inner_0.2_pct_1_max_random_seed_4_time_2026-04-09_19-04-56,Leaper,5,0.2,random,4,169.0,0.0,0.0
ob8sg6mh,Leaper_5_roll_0_inner_0.2_pct_1_max_random_seed_5_time_2026-04-09_19-05-08,Leaper,5,0.2,random,5,28.0,0.0,0.0
i64lsdsi,Leaper_5_roll_0_inner_0.2_pct_1_max_random_seed_6_time_2026-04-09_19-05-18,Leaper,5,0.2,random,6,141.0,0.0,0.0
f7feojho,Leaper_5_roll_0_inner_0.2_pct_1_max_random_seed_7_time_2026-04-09_19-05-30,Leaper,5,0.2,random,7,221.0,0.0,0.0
as260mo3,Leaper_5_roll_0_inner_0.2_pct_1_max_random_seed_8_time_2026-04-09_19-05-44,Leaper,5,0.2,random,8,500.0,0.0,0.0
qdtjt363,Leaper_5_roll_0_inner_0.2_pct_1_max_random_seed_9_time_2026-04-09_19-06-04,Leaper,5,0.2,random,9,201.0,10.0,0.04975124378109453
s2gsfyp6,Leaper_5_roll_0_inner_0.5_pct_1_max_random_seed_0_time_2026-04-09_19-06-17,Leaper,5,0.5,random,0,130.0,10.0,0.07692307692307693
nvxh5b4h,Leaper_5_roll_0_inner_0.5_pct_1_max_random_seed_1_time_2026-04-09_19-06-29,Leaper,5,0.5,random,1,152.0,10.0,0.06578947368421052
f99fhmy2,Leaper_5_roll_0_inner_0.5_pct_1_max_random_seed_2_time_2026-04-09_19-06-40,Leaper,5,0.5,random,2,18.0,0.0,0.0
lfprrv2p,Leaper_5_roll_0_inner_0.5_pct_1_max_random_seed_3_time_2026-04-09_19-06-49,Leaper,5,0.5,random,3,139.0,10.0,0.07194244604316546
mlrovrih,Leaper_5_roll_0_inner_0.5_pct_1_max_random_seed_4_time_2026-04-09_19-07-01,Leaper,5,0.5,random,4,137.0,0.0,0.0
uf5l4uvx,Leaper_5_roll_0_inner_0.5_pct_1_max_random_seed_5_time_2026-04-09_19-07-12,Leaper,5,0.5,random,5,22.0,0.0,0.0
cnacoh1c,Leaper_5_roll_0_inner_0.5_pct_1_max_random_seed_6_time_2026-04-09_19-07-21,Leaper,5,0.5,random,6,174.0,0.0,0.0
wthh1tk0,Leaper_5_roll_0_inner_0.5_pct_1_max_random_seed_7_time_2026-04-09_19-07-34,Leaper,5,0.5,random,7,37.0,0.0,0.0
zu2hf52i,Leaper_5_roll_0_inner_0.5_pct_1_max_random_seed_8_time_2026-04-09_19-07-44,Leaper,5,0.5,random,8,68.0,0.0,0.0
j8nfjho5,Leaper_5_roll_0_inner_0.5_pct_1_max_random_seed_9_time_2026-04-09_19-07-54,Leaper,5,0.5,random,9,101.0,10.0,0.09900990099009901
4ehykdod,Leaper_5_roll_0_inner_1_pct_1_max_random_seed_0_time_2026-04-14_20-08-41,Leaper,5,1.0,random,0,76.0,10.0,0.13157894736842105
9h1u4yi2,Leaper_5_roll_0_inner_1_pct_1_max_random_seed_1_time_2026-04-14_20-08-53,Leaper,5,1.0,random,1,127.0,0.0,0.0
omi2qes1,Leaper_5_roll_0_inner_1_pct_1_max_random_seed_2_time_2026-04-14_20-09-06,Leaper,5,1.0,random,2,18.0,0.0,0.0
l61hzmtr,Leaper_5_roll_0_inner_1_pct_1_max_random_seed_3_time_2026-04-14_20-09-16,Leaper,5,1.0,random,3,145.0,10.0,0.06896551724137931
xmwvmb0l,Leaper_5_roll_0_inner_1_pct_1_max_random_seed_4_time_2026-04-14_20-09-28,Leaper,5,1.0,random,4,32.0,0.0,0.0
5miwpzw1,Leaper_5_roll_0_inner_1_pct_1_max_random_seed_5_time_2026-04-14_20-09-38,Leaper,5,1.0,random,5,123.0,0.0,0.0
kvncqomh,Leaper_5_roll_0_inner_1_pct_1_max_random_seed_6_time_2026-04-14_20-09-50,Leaper,5,1.0,random,6,222.0,0.0,0.0
jssmely6,Leaper_5_roll_0_inner_1_pct_1_max_random_seed_7_time_2026-04-14_20-10-05,Leaper,5,1.0,random,7,79.0,0.0,0.0
gcomyi6h,Leaper_5_roll_0_inner_1_pct_1_max_random_seed_8_time_2026-04-14_20-10-18,Leaper,5,1.0,random,8,477.0,0.0,0.0
pr4i64p1,Leaper_5_roll_0_inner_1_pct_1_max_random_seed_9_time_2026-04-14_20-10-43,Leaper,5,1.0,random,9,73.0,10.0,0.136986301369863
q4gnr7tt,Maze_5_roll_0_inner_0.05_pct_1_max_random_seed_0_time_2026-04-09_19-08-05,Maze,5,0.05,random,0,500.0,0.0,0.0
ohopl0bx,Maze_5_roll_0_inner_0.05_pct_1_max_random_seed_1_time_2026-04-09_19-08-25,Maze,5,0.05,random,1,500.0,0.0,0.0
4lhy6b96,Maze_5_roll_0_inner_0.05_pct_1_max_random_seed_2_time_2026-04-09_19-08-46,Maze,5,0.05,random,2,19.0,10.0,0.5263157894736842
xhp6rplp,Maze_5_roll_0_inner_0.05_pct_1_max_random_seed_3_time_2026-04-09_19-08-57,Maze,5,0.05,random,3,257.0,10.0,0.038910505836575876
3u0ec1h7,Maze_5_roll_0_inner_0.05_pct_1_max_random_seed_4_time_2026-04-09_19-09-12,Maze,5,0.05,random,4,500.0,0.0,0.0
zqdwpvxd,Maze_5_roll_0_inner_0.05_pct_1_max_random_seed_5_time_2026-04-09_19-09-33,Maze,5,0.05,random,5,500.0,0.0,0.0
6odmb9gc,Maze_5_roll_0_inner_0.05_pct_1_max_random_seed_6_time_2026-04-09_19-09-54,Maze,5,0.05,random,6,500.0,0.0,0.0
y2sl18s4,Maze_5_roll_0_inner_0.05_pct_1_max_random_seed_7_time_2026-04-09_19-10-15,Maze,5,0.05,random,7,500.0,0.0,0.0
i3pto4aq,Maze_5_roll_0_inner_0.05_pct_1_max_random_seed_8_time_2026-04-09_19-10-36,Maze,5,0.05,random,8,500.0,0.0,0.0
horh7mgu,Maze_5_roll_0_inner_0.05_pct_1_max_random_seed_9_time_2026-04-09_19-10-57,Maze,5,0.05,random,9,500.0,0.0,0.0
42a3ywfu,Maze_5_roll_0_inner_0.1_pct_1_max_random_seed_0_time_2026-04-09_19-11-18,Maze,5,0.1,random,0,500.0,0.0,0.0
t7s8j9v5,Maze_5_roll_0_inner_0.1_pct_1_max_random_seed_1_time_2026-04-09_19-11-39,Maze,5,0.1,random,1,500.0,0.0,0.0
dbg2eay2,Maze_5_roll_0_inner_0.1_pct_1_max_random_seed_2_time_2026-04-09_19-12-00,Maze,5,0.1,random,2,31.0,10.0,0.3225806451612903
pl2w40k7,Maze_5_roll_0_inner_0.1_pct_1_max_random_seed_3_time_2026-04-09_19-12-10,Maze,5,0.1,random,3,76.0,10.0,0.13157894736842105
q2jt29lm,Maze_5_roll_0_inner_0.1_pct_1_max_random_seed_4_time_2026-04-09_19-12-22,Maze,5,0.1,random,4,500.0,0.0,0.0
9km4bvh4,Maze_5_roll_0_inner_0.1_pct_1_max_random_seed_5_time_2026-04-09_19-12-42,Maze,5,0.1,random,5,500.0,0.0,0.0
i0by1z37,Maze_5_roll_0_inner_0.1_pct_1_max_random_seed_6_time_2026-04-09_19-13-04,Maze,5,0.1,random,6,500.0,0.0,0.0
lb2qi4mt,Maze_5_roll_0_inner_0.1_pct_1_max_random_seed_7_time_2026-04-09_19-13-25,Maze,5,0.1,random,7,500.0,0.0,0.0
f7r1elfg,Maze_5_roll_0_inner_0.1_pct_1_max_random_seed_8_time_2026-04-09_19-13-46,Maze,5,0.1,random,8,500.0,0.0,0.0
9tvzp2he,Maze_5_roll_0_inner_0.1_pct_1_max_random_seed_9_time_2026-04-09_19-14-07,Maze,5,0.1,random,9,500.0,0.0,0.0
5fa8xsm8,Maze_5_roll_0_inner_0.2_pct_1_max_random_seed_0_time_2026-04-09_19-14-28,Maze,5,0.2,random,0,500.0,0.0,0.0
57wa07un,Maze_5_roll_0_inner_0.2_pct_1_max_random_seed_1_time_2026-04-09_19-14-49,Maze,5,0.2,random,1,500.0,0.0,0.0
8g21k2l5,Maze_5_roll_0_inner_0.2_pct_1_max_random_seed_2_time_2026-04-09_19-15-10,Maze,5,0.2,random,2,40.0,10.0,0.25
b3mbt4mo,Maze_5_roll_0_inner_0.2_pct_1_max_random_seed_3_time_2026-04-09_19-15-20,Maze,5,0.2,random,3,36.0,10.0,0.2777777777777778
u369eo2g,Maze_5_roll_0_inner_0.2_pct_1_max_random_seed_4_time_2026-04-09_19-15-31,Maze,5,0.2,random,4,500.0,0.0,0.0
742xhns6,Maze_5_roll_0_inner_0.2_pct_1_max_random_seed_5_time_2026-04-09_19-15-52,Maze,5,0.2,random,5,500.0,0.0,0.0
cql29brl,Maze_5_roll_0_inner_0.2_pct_1_max_random_seed_6_time_2026-04-09_19-16-13,Maze,5,0.2,random,6,500.0,0.0,0.0
jtozbckq,Maze_5_roll_0_inner_0.2_pct_1_max_random_seed_7_time_2026-04-09_19-16-33,Maze,5,0.2,random,7,500.0,0.0,0.0
yyh4f7la,Maze_5_roll_0_inner_0.2_pct_1_max_random_seed_8_time_2026-04-09_19-16-54,Maze,5,0.2,random,8,500.0,0.0,0.0
l057vsn4,Maze_5_roll_0_inner_0.2_pct_1_max_random_seed_9_time_2026-04-09_19-17-15,Maze,5,0.2,random,9,500.0,0.0,0.0
rp9wc7tw,Maze_5_roll_0_inner_0.5_pct_1_max_random_seed_0_time_2026-04-09_19-17-36,Maze,5,0.5,random,0,500.0,0.0,0.0
q63vdxlg,Maze_5_roll_0_inner_0.5_pct_1_max_random_seed_1_time_2026-04-09_19-17-57,Maze,5,0.5,random,1,500.0,0.0,0.0
qjqqwq0a,Maze_5_roll_0_inner_0.5_pct_1_max_random_seed_2_time_2026-04-09_19-18-18,Maze,5,0.5,random,2,7.0,10.0,1.4285714285714286
dwalxdyq,Maze_5_roll_0_inner_0.5_pct_1_max_random_seed_3_time_2026-04-09_19-18-28,Maze,5,0.5,random,3,6.0,10.0,1.6666666666666667
wjys2stw,Maze_5_roll_0_inner_0.5_pct_1_max_random_seed_4_time_2026-04-09_19-18-38,Maze,5,0.5,random,4,500.0,0.0,0.0
ul6u40gf,Maze_5_roll_0_inner_0.5_pct_1_max_random_seed_5_time_2026-04-09_19-18-58,Maze,5,0.5,random,5,500.0,0.0,0.0
1r9oayuz,Maze_5_roll_0_inner_0.5_pct_1_max_random_seed_6_time_2026-04-09_19-19-19,Maze,5,0.5,random,6,500.0,0.0,0.0
dump8j4p,Maze_5_roll_0_inner_0.5_pct_1_max_random_seed_7_time_2026-04-09_19-19-40,Maze,5,0.5,random,7,500.0,0.0,0.0
k44lyiw3,Maze_5_roll_0_inner_0.5_pct_1_max_random_seed_8_time_2026-04-09_19-20-01,Maze,5,0.5,random,8,500.0,0.0,0.0
js6raaoi,Maze_5_roll_0_inner_0.5_pct_1_max_random_seed_9_time_2026-04-09_19-20-22,Maze,5,0.5,random,9,500.0,0.0,0.0
iyvmlp2b,Maze_5_roll_0_inner_1_pct_1_max_random_seed_0_time_2026-04-14_20-10-56,Maze,5,1.0,random,0,500.0,0.0,0.0
fv79bpfp,Maze_5_roll_0_inner_1_pct_1_max_random_seed_1_time_2026-04-14_20-11-17,Maze,5,1.0,random,1,38.0,10.0,0.2631578947368421
wo6hi69a,Maze_5_roll_0_inner_1_pct_1_max_random_seed_2_time_2026-04-14_20-11-28,Maze,5,1.0,random,2,14.0,10.0,0.7142857142857143
22ep9z2k,Maze_5_roll_0_inner_1_pct_1_max_random_seed_3_time_2026-04-14_20-11-38,Maze,5,1.0,random,3,6.0,10.0,1.6666666666666667
c0xrwgpd,Maze_5_roll_0_inner_1_pct_1_max_random_seed_4_time_2026-04-14_20-11-48,Maze,5,1.0,random,4,412.0,10.0,0.024271844660194174
gsz201b6,Maze_5_roll_0_inner_1_pct_1_max_random_seed_5_time_2026-04-14_20-12-09,Maze,5,1.0,random,5,500.0,0.0,0.0
7k87edaz,Maze_5_roll_0_inner_1_pct_1_max_random_seed_6_time_2026-04-14_20-12-31,Maze,5,1.0,random,6,500.0,0.0,0.0
hj3vni8c,Maze_5_roll_0_inner_1_pct_1_max_random_seed_7_time_2026-04-14_20-12-52,Maze,5,1.0,random,7,500.0,0.0,0.0
w5y8k7fg,Maze_5_roll_0_inner_1_pct_1_max_random_seed_8_time_2026-04-14_20-13-14,Maze,5,1.0,random,8,500.0,0.0,0.0
f0tgnhdc,Maze_5_roll_0_inner_1_pct_1_max_random_seed_9_time_2026-04-14_20-13-35,Maze,5,1.0,random,9,500.0,0.0,0.0
ie398r5e,Miner_5_roll_0_inner_0.05_pct_1_max_random_seed_0_time_2026-04-09_18-30-00,Miner,5,0.05,random,0,24.0,1.0,0.041666666666666664
rdfhq6uf,Miner_5_roll_0_inner_0.05_pct_1_max_random_seed_1_time_2026-04-09_18-30-12,Miner,5,0.05,random,1,1000.0,0.0,0.0
c65mjd5t,Miner_5_roll_0_inner_0.05_pct_1_max_random_seed_2_time_2026-04-09_18-30-46,Miner,5,0.05,random,2,1000.0,1.0,0.001
bfnxge43,Miner_5_roll_0_inner_0.05_pct_1_max_random_seed_3_time_2026-04-09_18-31-21,Miner,5,0.05,random,3,5.0,0.0,0.0
edy8sx33,Miner_5_roll_0_inner_0.05_pct_1_max_random_seed_4_time_2026-04-09_18-31-31,Miner,5,0.05,random,4,22.0,0.0,0.0
h10du022,Miner_5_roll_0_inner_0.05_pct_1_max_random_seed_5_time_2026-04-09_18-31-42,Miner,5,0.05,random,5,1000.0,0.0,0.0
3peqwf4i,Miner_5_roll_0_inner_0.05_pct_1_max_random_seed_6_time_2026-04-09_18-32-17,Miner,5,0.05,random,6,10.0,0.0,0.0
m9jzxrmw,Miner_5_roll_0_inner_0.05_pct_1_max_random_seed_7_time_2026-04-09_18-32-28,Miner,5,0.05,random,7,1000.0,1.0,0.001
4nobmztm,Miner_5_roll_0_inner_0.05_pct_1_max_random_seed_8_time_2026-04-09_18-33-02,Miner,5,0.05,random,8,1000.0,0.0,0.0
gcamklcp,Miner_5_roll_0_inner_0.05_pct_1_max_random_seed_9_time_2026-04-09_18-33-37,Miner,5,0.05,random,9,1000.0,0.0,0.0
jf8o151j,Miner_5_roll_0_inner_0.1_pct_1_max_random_seed_0_time_2026-04-09_18-34-11,Miner,5,0.1,random,0,1000.0,2.0,0.002
g8i03tf2,Miner_5_roll_0_inner_0.1_pct_1_max_random_seed_1_time_2026-04-09_18-34-45,Miner,5,0.1,random,1,1000.0,0.0,0.0
mv1n5ob4,Miner_5_roll_0_inner_0.1_pct_1_max_random_seed_2_time_2026-04-09_18-35-20,Miner,5,0.1,random,2,1000.0,1.0,0.001
mwnpg8bc,Miner_5_roll_0_inner_0.1_pct_1_max_random_seed_3_time_2026-04-09_18-35-54,Miner,5,0.1,random,3,5.0,0.0,0.0
uj3id60t,Miner_5_roll_0_inner_0.1_pct_1_max_random_seed_4_time_2026-04-09_18-36-04,Miner,5,0.1,random,4,24.0,0.0,0.0
hyba7gy3,Miner_5_roll_0_inner_0.1_pct_1_max_random_seed_5_time_2026-04-09_18-36-15,Miner,5,0.1,random,5,1000.0,0.0,0.0
zk8jesfd,Miner_5_roll_0_inner_0.1_pct_1_max_random_seed_6_time_2026-04-09_18-36-49,Miner,5,0.1,random,6,1000.0,1.0,0.001
fffniw2w,Miner_5_roll_0_inner_0.1_pct_1_max_random_seed_7_time_2026-04-09_18-37-23,Miner,5,0.1,random,7,1000.0,1.0,0.001
5qb9wm5v,Miner_5_roll_0_inner_0.1_pct_1_max_random_seed_8_time_2026-04-09_18-37-57,Miner,5,0.1,random,8,1000.0,0.0,0.0
80wqop3o,Miner_5_roll_0_inner_0.1_pct_1_max_random_seed_9_time_2026-04-09_18-38-31,Miner,5,0.1,random,9,1000.0,0.0,0.0
v8dnv04b,Miner_5_roll_0_inner_0.2_pct_1_max_random_seed_0_time_2026-04-09_18-39-05,Miner,5,0.2,random,0,1000.0,2.0,0.002
q8x3p3s7,Miner_5_roll_0_inner_0.2_pct_1_max_random_seed_1_time_2026-04-09_18-39-39,Miner,5,0.2,random,1,1000.0,0.0,0.0
he09smwu,Miner_5_roll_0_inner_0.2_pct_1_max_random_seed_2_time_2026-04-09_18-40-13,Miner,5,0.2,random,2,1000.0,1.0,0.001
5ei4h5aq,Miner_5_roll_0_inner_0.2_pct_1_max_random_seed_3_time_2026-04-09_18-40-47,Miner,5,0.2,random,3,5.0,0.0,0.0
mgoh2ww5,Miner_5_roll_0_inner_0.2_pct_1_max_random_seed_4_time_2026-04-09_18-40-57,Miner,5,0.2,random,4,24.0,0.0,0.0
rmioi4kq,Miner_5_roll_0_inner_0.2_pct_1_max_random_seed_5_time_2026-04-09_18-41-09,Miner,5,0.2,random,5,1000.0,0.0,0.0
bobvkc8e,Miner_5_roll_0_inner_0.2_pct_1_max_random_seed_6_time_2026-04-09_18-41-43,Miner,5,0.2,random,6,15.0,0.0,0.0
nrvmzkhg,Miner_5_roll_0_inner_0.2_pct_1_max_random_seed_7_time_2026-04-09_18-41-53,Miner,5,0.2,random,7,1000.0,1.0,0.001
20v3rn9w,Miner_5_roll_0_inner_0.2_pct_1_max_random_seed_8_time_2026-04-09_18-42-27,Miner,5,0.2,random,8,1000.0,0.0,0.0
c3m9stoy,Miner_5_roll_0_inner_0.2_pct_1_max_random_seed_9_time_2026-04-09_18-43-01,Miner,5,0.2,random,9,1000.0,0.0,0.0
7wjbc6zh,Miner_5_roll_0_inner_0.5_pct_1_max_random_seed_0_time_2026-04-09_18-43-35,Miner,5,0.5,random,0,374.0,2.0,0.0053475935828877
jkbvhk8l,Miner_5_roll_0_inner_0.5_pct_1_max_random_seed_1_time_2026-04-09_18-43-55,Miner,5,0.5,random,1,174.0,0.0,0.0
6r22u6in,Miner_5_roll_0_inner_0.5_pct_1_max_random_seed_2_time_2026-04-09_18-44-09,Miner,5,0.5,random,2,559.0,1.0,0.0017889087656529517
ibvqn8fl,Miner_5_roll_0_inner_0.5_pct_1_max_random_seed_3_time_2026-04-09_18-44-32,Miner,5,0.5,random,3,5.0,0.0,0.0
096fn8gt,Miner_5_roll_0_inner_0.5_pct_1_max_random_seed_4_time_2026-04-09_18-44-42,Miner,5,0.5,random,4,29.0,0.0,0.0
nzkdet3a,Miner_5_roll_0_inner_0.5_pct_1_max_random_seed_5_time_2026-04-09_18-44-53,Miner,5,0.5,random,5,1000.0,0.0,0.0
sqeff0sz,Miner_5_roll_0_inner_0.5_pct_1_max_random_seed_6_time_2026-04-09_18-45-27,Miner,5,0.5,random,6,1000.0,2.0,0.002
8gkfgkh9,Miner_5_roll_0_inner_0.5_pct_1_max_random_seed_7_time_2026-04-09_18-46-01,Miner,5,0.5,random,7,311.0,1.0,0.003215434083601286
p747tm3a,Miner_5_roll_0_inner_0.5_pct_1_max_random_seed_8_time_2026-04-09_18-46-19,Miner,5,0.5,random,8,1000.0,0.0,0.0
0mbz3nt1,Miner_5_roll_0_inner_0.5_pct_1_max_random_seed_9_time_2026-04-09_18-46-53,Miner,5,0.5,random,9,579.0,0.0,0.0
b3rh4p16,Miner_5_roll_0_inner_1_pct_1_max_random_seed_0_time_2026-04-14_20-02-14,Miner,5,1.0,random,0,684.0,2.0,0.0029239766081871343
wpo01gi2,Miner_5_roll_0_inner_1_pct_1_max_random_seed_1_time_2026-04-14_20-02-41,Miner,5,1.0,random,1,220.0,13.0,0.05909090909090909
0vxyzb6e,Miner_5_roll_0_inner_1_pct_1_max_random_seed_2_time_2026-04-14_20-02-57,Miner,5,1.0,random,2,1000.0,2.0,0.002
yco2xu81,Miner_5_roll_0_inner_1_pct_1_max_random_seed_3_time_2026-04-14_20-03-32,Miner,5,1.0,random,3,5.0,0.0,0.0
f5v2bls7,Miner_5_roll_0_inner_1_pct_1_max_random_seed_4_time_2026-04-14_20-03-42,Miner,5,1.0,random,4,165.0,0.0,0.0
xtwl6ulq,Miner_5_roll_0_inner_1_pct_1_max_random_seed_5_time_2026-04-14_20-03-57,Miner,5,1.0,random,5,344.0,0.0,0.0
6mvb7ipf,Miner_5_roll_0_inner_1_pct_1_max_random_seed_6_time_2026-04-14_20-04-16,Miner,5,1.0,random,6,1000.0,1.0,0.001
ipgar7s0,Miner_5_roll_0_inner_1_pct_1_max_random_seed_7_time_2026-04-14_20-04-50,Miner,5,1.0,random,7,126.0,0.0,0.0
oj1yfvsi,Miner_5_roll_0_inner_1_pct_1_max_random_seed_8_time_2026-04-14_20-05-03,Miner,5,1.0,random,8,217.0,0.0,0.0
nk90qu2m,Miner_5_roll_0_inner_1_pct_1_max_random_seed_9_time_2026-04-14_20-05-19,Miner,5,1.0,random,9,15.0,0.0,0.0
5lu2cs6s,Ninja_5_roll_0_inner_0.05_pct_1_max_random_seed_0_time_2026-04-09_20-24-29,Ninja,5,0.05,random,0,620.0,0.0,0.0
4f02lp9h,Ninja_5_roll_0_inner_0.05_pct_1_max_random_seed_1_time_2026-04-09_20-24-53,Ninja,5,0.05,random,1,403.0,0.0,0.0
mu2j7ebe,Ninja_5_roll_0_inner_0.05_pct_1_max_random_seed_2_time_2026-04-09_20-25-11,Ninja,5,0.05,random,2,505.0,0.0,0.0
d499r63t,Ninja_5_roll_0_inner_0.05_pct_1_max_random_seed_3_time_2026-04-09_20-25-33,Ninja,5,0.05,random,3,508.0,0.0,0.0
zgrxp1ee,Ninja_5_roll_0_inner_0.05_pct_1_max_random_seed_4_time_2026-04-09_20-25-53,Ninja,5,0.05,random,4,238.0,0.0,0.0
mxk051s9,Ninja_5_roll_0_inner_0.05_pct_1_max_random_seed_5_time_2026-04-09_20-26-08,Ninja,5,0.05,random,5,774.0,10.0,0.012919896640826873
pcdfz4vd,Ninja_5_roll_0_inner_0.05_pct_1_max_random_seed_6_time_2026-04-09_20-26-36,Ninja,5,0.05,random,6,972.0,0.0,0.0
c2yagj6w,Ninja_5_roll_0_inner_0.05_pct_1_max_random_seed_7_time_2026-04-09_20-27-09,Ninja,5,0.05,random,7,60.0,0.0,0.0
rp0y69v1,Ninja_5_roll_0_inner_0.05_pct_1_max_random_seed_8_time_2026-04-09_20-27-20,Ninja,5,0.05,random,8,261.0,0.0,0.0
i85bojuo,Ninja_5_roll_0_inner_0.05_pct_1_max_random_seed_9_time_2026-04-09_20-27-36,Ninja,5,0.05,random,9,415.0,0.0,0.0
xwfum9tg,Ninja_5_roll_0_inner_0.1_pct_1_max_random_seed_0_time_2026-04-09_20-27-55,Ninja,5,0.1,random,0,173.0,10.0,0.057803468208092484
rv4ziwla,Ninja_5_roll_0_inner_0.1_pct_1_max_random_seed_1_time_2026-04-09_20-28-09,Ninja,5,0.1,random,1,595.0,0.0,0.0
ufv8mg3l,Ninja_5_roll_0_inner_0.1_pct_1_max_random_seed_2_time_2026-04-09_20-28-32,Ninja,5,0.1,random,2,213.0,0.0,0.0
fkiz71xx,Ninja_5_roll_0_inner_0.1_pct_1_max_random_seed_3_time_2026-04-09_20-28-46,Ninja,5,0.1,random,3,1000.0,0.0,0.0
2pves6de,Ninja_5_roll_0_inner_0.1_pct_1_max_random_seed_4_time_2026-04-09_20-29-18,Ninja,5,0.1,random,4,339.0,0.0,0.0
bifrdwv4,Ninja_5_roll_0_inner_0.1_pct_1_max_random_seed_5_time_2026-04-09_20-29-36,Ninja,5,0.1,random,5,592.0,0.0,0.0
dxm6d12q,Ninja_5_roll_0_inner_0.1_pct_1_max_random_seed_6_time_2026-04-09_20-29-59,Ninja,5,0.1,random,6,175.0,10.0,0.05714285714285714
ijtu8cew,Ninja_5_roll_0_inner_0.1_pct_1_max_random_seed_7_time_2026-04-09_20-30-13,Ninja,5,0.1,random,7,400.0,0.0,0.0
d945fymq,Ninja_5_roll_0_inner_0.1_pct_1_max_random_seed_8_time_2026-04-09_20-30-31,Ninja,5,0.1,random,8,294.0,0.0,0.0
e0vgdl8w,Ninja_5_roll_0_inner_0.1_pct_1_max_random_seed_9_time_2026-04-09_20-30-48,Ninja,5,0.1,random,9,408.0,0.0,0.0
5spuhjsz,Ninja_5_roll_0_inner_0.2_pct_1_max_random_seed_0_time_2026-04-09_20-31-07,Ninja,5,0.2,random,0,228.0,10.0,0.043859649122807015
avobb39s,Ninja_5_roll_0_inner_0.2_pct_1_max_random_seed_1_time_2026-04-09_20-31-23,Ninja,5,0.2,random,1,659.0,0.0,0.0
0g8l30xm,Ninja_5_roll_0_inner_0.2_pct_1_max_random_seed_2_time_2026-04-09_20-31-47,Ninja,5,0.2,random,2,700.0,0.0,0.0
pfh3f9bn,Ninja_5_roll_0_inner_0.2_pct_1_max_random_seed_3_time_2026-04-09_20-32-31,Ninja,5,0.2,random,3,268.0,0.0,0.0
l7h19sql,Ninja_5_roll_0_inner_0.2_pct_1_max_random_seed_4_time_2026-04-09_20-32-47,Ninja,5,0.2,random,4,104.0,0.0,0.0
582wd2um,Ninja_5_roll_0_inner_0.2_pct_1_max_random_seed_5_time_2026-04-09_20-33-29,Ninja,5,0.2,random,5,226.0,10.0,0.04424778761061947
bitllilg,Ninja_5_roll_0_inner_0.2_pct_1_max_random_seed_6_time_2026-04-09_20-33-44,Ninja,5,0.2,random,6,917.0,0.0,0.0
mz11qfdn,Ninja_5_roll_0_inner_0.2_pct_1_max_random_seed_7_time_2026-04-09_20-34-16,Ninja,5,0.2,random,7,169.0,0.0,0.0
q2u8pm6v,Ninja_5_roll_0_inner_0.2_pct_1_max_random_seed_8_time_2026-04-09_20-34-29,Ninja,5,0.2,random,8,40.0,0.0,0.0
1dsv023w,Ninja_5_roll_0_inner_0.2_pct_1_max_random_seed_9_time_2026-04-09_20-34-39,Ninja,5,0.2,random,9,498.0,0.0,0.0
7ajvb3l5,Ninja_5_roll_0_inner_0.5_pct_1_max_random_seed_0_time_2026-04-09_20-35-00,Ninja,5,0.5,random,0,153.0,10.0,0.06535947712418301
eyc772ty,Ninja_5_roll_0_inner_0.5_pct_1_max_random_seed_1_time_2026-04-09_20-35-13,Ninja,5,0.5,random,1,635.0,0.0,0.0
27fozdka,Ninja_5_roll_0_inner_0.5_pct_1_max_random_seed_2_time_2026-04-09_20-35-36,Ninja,5,0.5,random,2,38.0,0.0,0.0
s3yk43hk,Ninja_5_roll_0_inner_0.5_pct_1_max_random_seed_3_time_2026-04-09_20-35-47,Ninja,5,0.5,random,3,830.0,0.0,0.0
8pobqb9z,Ninja_5_roll_0_inner_0.5_pct_1_max_random_seed_4_time_2026-04-09_20-36-18,Ninja,5,0.5,random,4,380.0,0.0,0.0
ktudhn2p,Ninja_5_roll_0_inner_0.5_pct_1_max_random_seed_5_time_2026-04-09_20-37-06,Ninja,5,0.5,random,5,265.0,10.0,0.03773584905660377
cm99yaab,Ninja_5_roll_0_inner_0.5_pct_1_max_random_seed_6_time_2026-04-09_20-37-22,Ninja,5,0.5,random,6,759.0,0.0,0.0
ips6wkvz,Ninja_5_roll_0_inner_0.5_pct_1_max_random_seed_7_time_2026-04-09_20-38-09,Ninja,5,0.5,random,7,572.0,0.0,0.0
7gpeduuc,Ninja_5_roll_0_inner_0.5_pct_1_max_random_seed_8_time_2026-04-09_20-38-31,Ninja,5,0.5,random,8,71.0,0.0,0.0
qyntvh1x,Ninja_5_roll_0_inner_0.5_pct_1_max_random_seed_9_time_2026-04-09_20-38-43,Ninja,5,0.5,random,9,36.0,0.0,0.0
4e1q75fu,Ninja_5_roll_0_inner_1_pct_1_max_random_seed_0_time_2026-04-14_20-30-32,Ninja,5,1.0,random,0,193.0,10.0,0.05181347150259067
v0wuc80n,Ninja_5_roll_0_inner_1_pct_1_max_random_seed_1_time_2026-04-14_20-30-46,Ninja,5,1.0,random,1,811.0,0.0,0.0
ar3x4ltk,Ninja_5_roll_0_inner_1_pct_1_max_random_seed_2_time_2026-04-14_20-31-14,Ninja,5,1.0,random,2,297.0,0.0,0.0
l6ccy1rk,Ninja_5_roll_0_inner_1_pct_1_max_random_seed_3_time_2026-04-14_20-31-32,Ninja,5,1.0,random,3,269.0,0.0,0.0
34qoag2p,Ninja_5_roll_0_inner_1_pct_1_max_random_seed_4_time_2026-04-14_20-31-48,Ninja,5,1.0,random,4,456.0,0.0,0.0
1sywwvj9,Ninja_5_roll_0_inner_1_pct_1_max_random_seed_5_time_2026-04-14_20-32-08,Ninja,5,1.0,random,5,487.0,10.0,0.02053388090349076
yrrx8rb2,Ninja_5_roll_0_inner_1_pct_1_max_random_seed_6_time_2026-04-14_20-32-29,Ninja,5,1.0,random,6,214.0,0.0,0.0
9gr29r4o,Ninja_5_roll_0_inner_1_pct_1_max_random_seed_7_time_2026-04-14_20-32-44,Ninja,5,1.0,random,7,214.0,0.0,0.0
isqjdv1d,Ninja_5_roll_0_inner_1_pct_1_max_random_seed_8_time_2026-04-14_20-32-58,Ninja,5,1.0,random,8,619.0,0.0,0.0
6gp0bef7,Ninja_5_roll_0_inner_1_pct_1_max_random_seed_9_time_2026-04-14_20-33-23,Ninja,5,1.0,random,9,33.0,0.0,0.0
6l4ufr1p,Plunder_5_roll_0_inner_0.05_pct_1_max_random_seed_0_time_2026-04-09_20-09-17,Plunder,5,0.05,random,0,547.0,0.0,0.0
d8uz5zw6,Plunder_5_roll_0_inner_0.05_pct_1_max_random_seed_1_time_2026-04-09_20-09-39,Plunder,5,0.05,random,1,454.0,1.0,0.0022026431718061676
ua9i5yyw,Plunder_5_roll_0_inner_0.05_pct_1_max_random_seed_2_time_2026-04-09_20-09-59,Plunder,5,0.05,random,2,560.0,1.0,0.0017857142857142857
rms350r5,Plunder_5_roll_0_inner_0.05_pct_1_max_random_seed_3_time_2026-04-09_20-10-21,Plunder,5,0.05,random,3,614.0,1.0,0.0016286644951140066
fruje7hq,Plunder_5_roll_0_inner_0.05_pct_1_max_random_seed_4_time_2026-04-09_20-10-46,Plunder,5,0.05,random,4,694.0,1.0,0.001440922190201729
0h501rth,Plunder_5_roll_0_inner_0.05_pct_1_max_random_seed_5_time_2026-04-09_20-11-12,Plunder,5,0.05,random,5,560.0,0.0,0.0
mt7nbqia,Plunder_5_roll_0_inner_0.05_pct_1_max_random_seed_6_time_2026-04-09_20-11-34,Plunder,5,0.05,random,6,654.0,0.0,0.0
26hfh0xj,Plunder_5_roll_0_inner_0.05_pct_1_max_random_seed_7_time_2026-04-09_20-11-58,Plunder,5,0.05,random,7,627.0,0.0,0.0
mlcx24rn,Plunder_5_roll_0_inner_0.05_pct_1_max_random_seed_8_time_2026-04-09_20-12-22,Plunder,5,0.05,random,8,614.0,1.0,0.0016286644951140066
2k479dvl,Plunder_5_roll_0_inner_0.05_pct_1_max_random_seed_9_time_2026-04-09_20-12-46,Plunder,5,0.05,random,9,657.0,2.0,0.0030441400304414
0bgxz11a,Plunder_5_roll_0_inner_0.1_pct_1_max_random_seed_0_time_2026-04-09_20-13-11,Plunder,5,0.1,random,0,667.0,0.0,0.0
v0m83fmn,Plunder_5_roll_0_inner_0.1_pct_1_max_random_seed_1_time_2026-04-09_20-13-35,Plunder,5,0.1,random,1,622.0,3.0,0.00482315112540193
ss5zbz8h,Plunder_5_roll_0_inner_0.1_pct_1_max_random_seed_2_time_2026-04-09_20-13-59,Plunder,5,0.1,random,2,560.0,1.0,0.0017857142857142857
use08ean,Plunder_5_roll_0_inner_0.1_pct_1_max_random_seed_3_time_2026-04-09_20-14-22,Plunder,5,0.1,random,3,614.0,2.0,0.003257328990228013
bnwoy829,Plunder_5_roll_0_inner_0.1_pct_1_max_random_seed_4_time_2026-04-09_20-14-45,Plunder,5,0.1,random,4,658.0,3.0,0.004559270516717325
ytedyw5q,Plunder_5_roll_0_inner_0.1_pct_1_max_random_seed_5_time_2026-04-09_20-15-10,Plunder,5,0.1,random,5,600.0,2.0,0.0033333333333333335
r7fpbyfg,Plunder_5_roll_0_inner_0.1_pct_1_max_random_seed_6_time_2026-04-09_20-15-34,Plunder,5,0.1,random,6,614.0,1.0,0.0016286644951140066
aeck7g99,Plunder_5_roll_0_inner_0.1_pct_1_max_random_seed_7_time_2026-04-09_20-15-58,Plunder,5,0.1,random,7,614.0,1.0,0.0016286644951140066
47i6xvq3,Plunder_5_roll_0_inner_0.1_pct_1_max_random_seed_8_time_2026-04-09_20-16-21,Plunder,5,0.1,random,8,513.0,1.0,0.001949317738791423
0z868ucn,Plunder_5_roll_0_inner_0.1_pct_1_max_random_seed_9_time_2026-04-09_20-16-43,Plunder,5,0.1,random,9,720.0,3.0,0.004166666666666667
jtpf4782,Plunder_5_roll_0_inner_0.2_pct_1_max_random_seed_0_time_2026-04-09_20-17-09,Plunder,5,0.2,random,0,467.0,0.0,0.0
15z82obf,Plunder_5_roll_0_inner_0.2_pct_1_max_random_seed_1_time_2026-04-09_20-17-29,Plunder,5,0.2,random,1,435.0,1.0,0.0022988505747126436
n3sjdq2x,Plunder_5_roll_0_inner_0.2_pct_1_max_random_seed_2_time_2026-04-09_20-17-49,Plunder,5,0.2,random,2,614.0,3.0,0.004885993485342019
2sy1wo8x,Plunder_5_roll_0_inner_0.2_pct_1_max_random_seed_3_time_2026-04-09_20-18-12,Plunder,5,0.2,random,3,387.0,1.0,0.002583979328165375
3gbqbfnp,Plunder_5_roll_0_inner_0.2_pct_1_max_random_seed_4_time_2026-04-09_20-18-31,Plunder,5,0.2,random,4,534.0,0.0,0.0
uz4vjdxx,Plunder_5_roll_0_inner_0.2_pct_1_max_random_seed_5_time_2026-04-09_20-18-53,Plunder,5,0.2,random,5,827.0,4.0,0.0048367593712212815
xg1wqijp,Plunder_5_roll_0_inner_0.2_pct_1_max_random_seed_6_time_2026-04-09_20-19-22,Plunder,5,0.2,random,6,574.0,3.0,0.005226480836236934
dso2xfna,Plunder_5_roll_0_inner_0.2_pct_1_max_random_seed_7_time_2026-04-09_20-19-45,Plunder,5,0.2,random,7,614.0,2.0,0.003257328990228013
dk6racvb,Plunder_5_roll_0_inner_0.2_pct_1_max_random_seed_8_time_2026-04-09_20-20-08,Plunder,5,0.2,random,8,707.0,4.0,0.005657708628005658
p5fg6d9e,Plunder_5_roll_0_inner_0.2_pct_1_max_random_seed_9_time_2026-04-09_20-20-34,Plunder,5,0.2,random,9,656.0,3.0,0.004573170731707317
pgnrjmj3,Plunder_5_roll_0_inner_0.5_pct_1_max_random_seed_0_time_2026-04-09_20-20-59,Plunder,5,0.5,random,0,320.0,1.0,0.003125
k5skgkg6,Plunder_5_roll_0_inner_0.5_pct_1_max_random_seed_1_time_2026-04-09_20-21-16,Plunder,5,0.5,random,1,480.0,6.0,0.0125
g7q6avxe,Plunder_5_roll_0_inner_0.5_pct_1_max_random_seed_2_time_2026-04-09_20-21-36,Plunder,5,0.5,random,2,564.0,4.0,0.0070921985815602835
qlod6qs9,Plunder_5_roll_0_inner_0.5_pct_1_max_random_seed_3_time_2026-04-09_20-21-59,Plunder,5,0.5,random,3,334.0,1.0,0.0029940119760479044
qkhkaqfa,Plunder_5_roll_0_inner_0.5_pct_1_max_random_seed_4_time_2026-04-09_20-22-16,Plunder,5,0.5,random,4,394.0,3.0,0.007614213197969543
r55q3tax,Plunder_5_roll_0_inner_0.5_pct_1_max_random_seed_5_time_2026-04-09_20-22-35,Plunder,5,0.5,random,5,595.0,5.0,0.008403361344537815
70f7ps9n,Plunder_5_roll_0_inner_0.5_pct_1_max_random_seed_6_time_2026-04-09_20-22-58,Plunder,5,0.5,random,6,609.0,5.0,0.008210180623973728
329bbjtt,Plunder_5_roll_0_inner_0.5_pct_1_max_random_seed_7_time_2026-04-09_20-23-21,Plunder,5,0.5,random,7,596.0,6.0,0.010067114093959731
vphafybm,Plunder_5_roll_0_inner_0.5_pct_1_max_random_seed_8_time_2026-04-09_20-23-45,Plunder,5,0.5,random,8,494.0,3.0,0.006072874493927126
ye4csgll,Plunder_5_roll_0_inner_0.5_pct_1_max_random_seed_9_time_2026-04-09_20-24-05,Plunder,5,0.5,random,9,641.0,6.0,0.0093603744149766
ia6big9h,Plunder_5_roll_0_inner_1_pct_1_max_random_seed_0_time_2026-04-14_20-27-20,Plunder,5,1.0,random,0,307.0,2.0,0.006514657980456026
81aymt81,Plunder_5_roll_0_inner_1_pct_1_max_random_seed_1_time_2026-04-14_20-27-37,Plunder,5,1.0,random,1,454.0,4.0,0.00881057268722467
s3ugramh,Plunder_5_roll_0_inner_1_pct_1_max_random_seed_2_time_2026-04-14_20-27-57,Plunder,5,1.0,random,2,387.0,2.0,0.00516795865633075
yoq0ya9d,Plunder_5_roll_0_inner_1_pct_1_max_random_seed_3_time_2026-04-14_20-28-16,Plunder,5,1.0,random,3,342.0,2.0,0.005847953216374269
vgu90yri,Plunder_5_roll_0_inner_1_pct_1_max_random_seed_4_time_2026-04-14_20-28-34,Plunder,5,1.0,random,4,426.0,4.0,0.009389671361502348
zyafeeo1,Plunder_5_roll_0_inner_1_pct_1_max_random_seed_5_time_2026-04-14_20-28-54,Plunder,5,1.0,random,5,419.0,5.0,0.011933174224343675
85ho343l,Plunder_5_roll_0_inner_1_pct_1_max_random_seed_6_time_2026-04-14_20-29-14,Plunder,5,1.0,random,6,474.0,4.0,0.008438818565400843
wkxajmyy,Plunder_5_roll_0_inner_1_pct_1_max_random_seed_7_time_2026-04-14_20-29-34,Plunder,5,1.0,random,7,440.0,4.0,0.00909090909090909
dqhcfdwu,Plunder_5_roll_0_inner_1_pct_1_max_random_seed_8_time_2026-04-14_20-29-54,Plunder,5,1.0,random,8,540.0,6.0,0.011111111111111112
ybb971l6,Plunder_5_roll_0_inner_1_pct_1_max_random_seed_9_time_2026-04-14_20-30-16,Plunder,5,1.0,random,9,307.0,2.0,0.006514657980456026
tklk0q94,StarPilot_5_roll_0_inner_0.05_pct_1_max_random_seed_0_time_2026-04-09_17-35-06,StarPilot,5,0.05,random,0,82.0,0.0,0.0
ooathcro,StarPilot_5_roll_0_inner_0.05_pct_1_max_random_seed_1_time_2026-04-09_17-35-17,StarPilot,5,0.05,random,1,58.0,1.0,0.017241379310344827
suhszhfo,StarPilot_5_roll_0_inner_0.05_pct_1_max_random_seed_2_time_2026-04-09_17-35-27,StarPilot,5,0.05,random,2,32.0,0.0,0.0
8czlj411,StarPilot_5_roll_0_inner_0.05_pct_1_max_random_seed_3_time_2026-04-09_17-35-39,StarPilot,5,0.05,random,3,92.0,4.0,0.043478260869565216
xp02jid4,StarPilot_5_roll_0_inner_0.05_pct_1_max_random_seed_4_time_2026-04-09_17-35-50,StarPilot,5,0.05,random,4,67.0,0.0,0.0
307vcxge,StarPilot_5_roll_0_inner_0.05_pct_1_max_random_seed_5_time_2026-04-09_17-36-01,StarPilot,5,0.05,random,5,52.0,0.0,0.0
aq3zrvfu,StarPilot_5_roll_0_inner_0.05_pct_1_max_random_seed_6_time_2026-04-09_17-36-11,StarPilot,5,0.05,random,6,46.0,0.0,0.0
1lin9ry5,StarPilot_5_roll_0_inner_0.05_pct_1_max_random_seed_7_time_2026-04-09_17-36-23,StarPilot,5,0.05,random,7,59.0,0.0,0.0
lkn9zavi,StarPilot_5_roll_0_inner_0.05_pct_1_max_random_seed_8_time_2026-04-09_17-36-34,StarPilot,5,0.05,random,8,53.0,0.0,0.0
l0yih3jj,StarPilot_5_roll_0_inner_0.05_pct_1_max_random_seed_9_time_2026-04-09_17-36-44,StarPilot,5,0.05,random,9,64.0,2.0,0.03125
etzxo3rk,StarPilot_5_roll_0_inner_0.1_pct_1_max_random_seed_0_time_2026-04-09_17-36-56,StarPilot,5,0.1,random,0,82.0,0.0,0.0
5axnu2ns,StarPilot_5_roll_0_inner_0.1_pct_1_max_random_seed_1_time_2026-04-09_17-37-07,StarPilot,5,0.1,random,1,65.0,2.0,0.03076923076923077
65njcvur,StarPilot_5_roll_0_inner_0.1_pct_1_max_random_seed_2_time_2026-04-09_17-37-17,StarPilot,5,0.1,random,2,33.0,0.0,0.0
jiwhukj4,StarPilot_5_roll_0_inner_0.1_pct_1_max_random_seed_3_time_2026-04-09_17-37-28,StarPilot,5,0.1,random,3,97.0,3.0,0.030927835051546393
ixf1qeq0,StarPilot_5_roll_0_inner_0.1_pct_1_max_random_seed_4_time_2026-04-09_17-37-39,StarPilot,5,0.1,random,4,69.0,0.0,0.0
ag2idm2a,StarPilot_5_roll_0_inner_0.1_pct_1_max_random_seed_5_time_2026-04-09_17-37-50,StarPilot,5,0.1,random,5,55.0,0.0,0.0
5x7f3hw2,StarPilot_5_roll_0_inner_0.1_pct_1_max_random_seed_6_time_2026-04-09_17-38-02,StarPilot,5,0.1,random,6,46.0,0.0,0.0
aidyjtn0,StarPilot_5_roll_0_inner_0.1_pct_1_max_random_seed_7_time_2026-04-09_17-38-14,StarPilot,5,0.1,random,7,60.0,0.0,0.0
pf3r63gu,StarPilot_5_roll_0_inner_0.1_pct_1_max_random_seed_8_time_2026-04-09_17-38-25,StarPilot,5,0.1,random,8,52.0,0.0,0.0
r2qx9yjr,StarPilot_5_roll_0_inner_0.1_pct_1_max_random_seed_9_time_2026-04-09_17-38-50,StarPilot,5,0.1,random,9,85.0,3.0,0.03529411764705882
atu42f37,StarPilot_5_roll_0_inner_0.2_pct_1_max_random_seed_0_time_2026-04-09_17-39-02,StarPilot,5,0.2,random,0,77.0,0.0,0.0
naycmm1b,StarPilot_5_roll_0_inner_0.2_pct_1_max_random_seed_1_time_2026-04-09_17-39-18,StarPilot,5,0.2,random,1,65.0,2.0,0.03076923076923077
hbwznhsp,StarPilot_5_roll_0_inner_0.2_pct_1_max_random_seed_2_time_2026-04-09_17-39-35,StarPilot,5,0.2,random,2,30.0,0.0,0.0
mjwjzmmk,StarPilot_5_roll_0_inner_0.2_pct_1_max_random_seed_3_time_2026-04-09_17-39-46,StarPilot,5,0.2,random,3,98.0,2.0,0.02040816326530612
uz48d0v8,StarPilot_5_roll_0_inner_0.2_pct_1_max_random_seed_4_time_2026-04-09_17-39-58,StarPilot,5,0.2,random,4,67.0,0.0,0.0
hvp0czvc,StarPilot_5_roll_0_inner_0.2_pct_1_max_random_seed_5_time_2026-04-09_17-40-08,StarPilot,5,0.2,random,5,53.0,0.0,0.0
r9akmncn,StarPilot_5_roll_0_inner_0.2_pct_1_max_random_seed_6_time_2026-04-09_17-40-18,StarPilot,5,0.2,random,6,44.0,0.0,0.0
71asx8jv,StarPilot_5_roll_0_inner_0.2_pct_1_max_random_seed_7_time_2026-04-09_17-40-28,StarPilot,5,0.2,random,7,58.0,0.0,0.0
cflow0dc,StarPilot_5_roll_0_inner_0.2_pct_1_max_random_seed_8_time_2026-04-09_17-40-38,StarPilot,5,0.2,random,8,53.0,1.0,0.018867924528301886
k1j73tsb,StarPilot_5_roll_0_inner_0.2_pct_1_max_random_seed_9_time_2026-04-09_17-40-48,StarPilot,5,0.2,random,9,63.0,2.0,0.031746031746031744
hl4v7xyo,StarPilot_5_roll_0_inner_0.5_pct_1_max_random_seed_0_time_2026-04-09_17-40-59,StarPilot,5,0.5,random,0,76.0,0.0,0.0
ilb3eukd,StarPilot_5_roll_0_inner_0.5_pct_1_max_random_seed_1_time_2026-04-09_17-41-10,StarPilot,5,0.5,random,1,69.0,3.0,0.043478260869565216
n70l1zf9,StarPilot_5_roll_0_inner_0.5_pct_1_max_random_seed_2_time_2026-04-09_17-41-20,StarPilot,5,0.5,random,2,30.0,0.0,0.0
lideavrw,StarPilot_5_roll_0_inner_0.5_pct_1_max_random_seed_3_time_2026-04-09_17-41-30,StarPilot,5,0.5,random,3,88.0,4.0,0.045454545454545456
bxlmagf6,StarPilot_5_roll_0_inner_0.5_pct_1_max_random_seed_4_time_2026-04-09_17-41-41,StarPilot,5,0.5,random,4,71.0,0.0,0.0
p69t7vn6,StarPilot_5_roll_0_inner_0.5_pct_1_max_random_seed_5_time_2026-04-09_17-41-52,StarPilot,5,0.5,random,5,55.0,0.0,0.0
uzv6og5r,StarPilot_5_roll_0_inner_0.5_pct_1_max_random_seed_6_time_2026-04-09_17-42-01,StarPilot,5,0.5,random,6,47.0,0.0,0.0
pn970tql,StarPilot_5_roll_0_inner_0.5_pct_1_max_random_seed_7_time_2026-04-09_17-42-12,StarPilot,5,0.5,random,7,195.0,6.0,0.03076923076923077
00ctaovp,StarPilot_5_roll_0_inner_0.5_pct_1_max_random_seed_8_time_2026-04-09_17-42-25,StarPilot,5,0.5,random,8,69.0,2.0,0.028985507246376812
gx3vp73b,StarPilot_5_roll_0_inner_0.5_pct_1_max_random_seed_9_time_2026-04-09_17-42-35,StarPilot,5,0.5,random,9,58.0,1.0,0.017241379310344827
w6ew1ps1,StarPilot_5_roll_0_inner_1_pct_1_max_random_seed_0_time_2026-04-14_19-43-56,StarPilot,5,1.0,random,0,95.0,0.0,0.0
k7pn49vr,StarPilot_5_roll_0_inner_1_pct_1_max_random_seed_1_time_2026-04-14_19-44-47,StarPilot,5,1.0,random,1,73.0,3.0,0.0410958904109589
l1py004x,StarPilot_5_roll_0_inner_1_pct_1_max_random_seed_2_time_2026-04-14_19-45-24,StarPilot,5,1.0,random,2,31.0,1.0,0.03225806451612903
0i8bigrn,StarPilot_5_roll_0_inner_1_pct_1_max_random_seed_3_time_2026-04-14_19-46-02,StarPilot,5,1.0,random,3,107.0,2.0,0.018691588785046728
wbloemt4,StarPilot_5_roll_0_inner_1_pct_1_max_random_seed_4_time_2026-04-14_19-46-24,StarPilot,5,1.0,random,4,98.0,1.0,0.01020408163265306
sw5x70xu,StarPilot_5_roll_0_inner_1_pct_1_max_random_seed_5_time_2026-04-14_19-46-58,StarPilot,5,1.0,random,5,50.0,0.0,0.0
7bt33xw2,StarPilot_5_roll_0_inner_1_pct_1_max_random_seed_6_time_2026-04-14_19-47-38,StarPilot,5,1.0,random,6,44.0,0.0,0.0
94rgu7af,StarPilot_5_roll_0_inner_1_pct_1_max_random_seed_7_time_2026-04-14_19-48-01,StarPilot,5,1.0,random,7,56.0,0.0,0.0
x3xi51a4,StarPilot_5_roll_0_inner_1_pct_1_max_random_seed_8_time_2026-04-14_19-48-30,StarPilot,5,1.0,random,8,72.0,1.0,0.013888888888888888
00j11xrq,StarPilot_5_roll_0_inner_1_pct_1_max_random_seed_9_time_2026-04-14_19-49-36,StarPilot,5,1.0,random,9,55.0,0.0,0.0
